facility_id,nhfr_facility_code_raw,facility_name,lga,ward,ownership,ownership_type,facility_level,facility_level_option,latitude,longitude
FAC0001,30/10/1/1/2/0018,Tony Hospital,Ibadan North West,Nalende,Private,For Profit,Secondary,Unknown,7.394287109,3.889709473
FAC0002,30/31/1/1/1/0005,Aganyan Health Center,Surulere,Iresa-Adu,Public,Local Government,Primary,Primary Health Clinic,8.128121667,4.395601667
FAC0003,30/33/1/1/1/0011,Baaya Oje Primary Health Center,Surulere,Baayaoje,Public,Local Government,Primary,Primary Health Center,8.153046667,4.338506667
FAC0004,30/33/1/1/1/0008,Arolu Primary Health Center,Surulere,Arolu,Public,Local Government,Primary,Primary Health Center,7.997865,4.433391667
FAC0005,30/33/1/1/1/0029,Oko Market Primary Health Center,Surulere,Oko,Public,Local Government,Primary,Primary Health Clinic,7.955378333,4.342276667
FAC0006,30/09/1/1/1/0011,Molete Primary Health Center,Ibadan South East,Molete,Public,Local Government,Primary,Primary Health Center,7.3571467,3.888115
FAC0007,30/10/1/1/2/0017,Onireke Health Clinic,Ibadan North West,Afonta,Public,Local Government,Primary,Primary Health Clinic,7.392441667,3.879111667
FAC0008,30/33/1/1/1/0003,Ofiki Primary Health Care,Atisbo,Ofiki,Public,Local Government,Primary,Primary Health Center,8.442606667,3.3325
FAC0009,30/32/1/1/1/0027,Mokola Primary Health Center,Saki West,Iya,Public,Unknown,Primary,Primary Health Center,8.6820965,3.3919984
FAC0010,30/01/1/1/1/0014,Iware Maternity Health Center,Afijio,Iware,Public,Local Government,Primary,Primary Health Center,7.685096667,3.959236667
FAC0011,30/19/1/1/1/0032,Ilupeju Primary Health Center,Kajola,Isia,Public,Local Government,Primary,Primary Health Center,8.037615,3.373153333
FAC0012,30/21/1/1/1/0007,Ladoke Akintola Katangua Primary Health Center,Ogbomosho North,Masifa,Public,State Government,Primary,Primary Health Center,8.147471667,4.268691667
FAC0013,30/08/1/1/1/0017,Oke Ayo Primary Health Care Center,Ibadan South West,Apata / Odo Ona,Public,Local Government,Primary,Primary Health Center,7.373993333,3.851495
FAC0014,30/02/1/1/1/0018,Mele Health Clinic,Akinyele,Olorisaoko,Public,Local Government,Primary,Primary Health Clinic,7.535501667,3.854393333
FAC0015,30/08/1/1/1/0015,Kososi Primary Health Care Center,Ibadan South West,Ita Aregbe Omo,Public,Local Government,Primary,Primary Health Center,7.3702,3.892393333
FAC0016,30/23/1/1/1/0026,Orile Oje Primary Health Center,Ogo Oluwa,Opete,Public,Local Government,Primary,Primary Health Center,8.075135,4.207413333
FAC0017,30/09/1/1/1/0004,Elekuro Health Center,Ibadan South East,Asanke,Public,Local Government,Primary,Primary Health Center,7.369728333,3.908161667
FAC0018,30/20/1/1/1/0002,Abidiodan Primary Health Center,Lagelu,Monatan,Public,Local Government,Primary,Primary Health Center,7.4298525,3.9610892
FAC0019,30/21/1/1/2/0007,Gaa Masifa Primary Health Center,Ogbomosho North,Masifa,Public,Local Government,Primary,Primary Health Center,8.140315,4.255005
FAC0020,30/23/1/1/1/0025,Opete Primary Health Center,Ogo Oluwa,Opete,Public,Local Government,Primary,Primary Health Center,7.9868567,4.178375
FAC0021,30/27/1/1/1/0018,Ikoyi Ile Primary Health Center,Ori Ire,Ikoyi-Ile,Public,Local Government,Primary,Primary Health Center,8.24526,4.1751033
FAC0022,30/02/1/1/1/0025,Orogun Primary Health Center,Akinyele,Ojoo,Public,Local Government,Primary,Primary Health Center,7.45748,3.9118667
FAC0023,30/14/1/1/1/0014,Leo Health Center,Ido,Ogundele Alaho/Siba,Public,Local Government,Primary,Primary Health Center,7.37242,3.799535
FAC0024,30/04/1/1/1/0012,Atebe Primary Health Center,Atisbo,Oyada,Public,Local Government,Primary,Primary Health Center,8.521481667,3.480173333
FAC0025,30/14/1/1/1/0008,Awotan Comprehensive Health Center,Ido,Apete/Ologuneru,Public,Local Government,Primary,Primary Health Center,7.454318333,3.850561667
FAC0026,30/26/1/1/1/0010,Akanran Primary Health Center,Ona Ara,Akanran 1,Public,Local Government,Primary,Primary Health Clinic,7.28052,4.025761667
FAC0027,30/02/1/1/1/0023,Onidundu Primary Health Care Center,Akinyele,Onidundun,Public,Local Government,Primary,Primary Health Clinic,7.625581667,3.91889
FAC0028,30/02/1/1/1/0022,Olorisa Oko Primary Health Center,Akinyele,Olorisaoko,Public,Local Government,Primary,Primary Health Center,7.561435,3.886911667
FAC0029,30/08/1/1/2/0005,Adifase Primary Health Care Center,Ibadan South West,Apata / Odo Ona,Public,Local Government,Primary,Primary Health Center,7.386868333,3.82908
FAC0030,30/28/1/1/1/0011,Kajola Primary Health Center,Orelope,Obaago,Public,Local Government,Primary,Primary Health Center,8.747271667,3.765248333
FAC0031,30/29/1/1/1/0019,Owode Elete Primary Health Center,Oyo East,Apinni,Public,Local Government,Primary,Health Post,7.959986667,4.069496667
FAC0032,30/16/1/1/1/0003,Ekunle Primary Health Care Center,Iseyin,Ekunle 2,Public,Local Government,Primary,Primary Health Center,7.958983333,3.595591667
FAC0033,30/14/1/1/1/0003,Akufo Health Center,Ido,Akufo,Public,Local Government,Primary,Primary Health Center,7.51426,3.794375
FAC0034,30/32/1/1/1/0004,Adabo Primary Health Center,Saki West,Adabo,Public,Local Government,Primary,Primary Health Center,8.670285,3.383246667
FAC0035,30/08/1/1/1/0011,Elewura Primary Health Care Center,Ibadan South West,Challenge / Ring Road,Public,Local Government,Primary,Primary Health Center,7.347835,3.874086667
FAC0036,30/24/1/1/1/0003,Alawa Primary Health Center,Olorunsogo,Opa Ogundiran,Public,Local Government,Primary,Primary Health Center,8.833895,4.175116667
FAC0037,30/14/1/1/1/0012,Koguo Health Post,Ido,Erinwusi/Koguo,Public,Local Government,Primary,Primary Health Center,7.508811667,3.72122
FAC0038,30/27/1/1/1/0030,Oolo Primary Health Center,Ori Ire,Oolo,Public,Local Government,Primary,Primary Health Center,8.0284167,4.1236167
FAC0039,30/02/1/1/1/0017,Kara Health Center,Akinyele,Akinyele,Public,Local Government,Primary,Health Post,7.607076667,3.916198333
FAC0040,30/25/1/1/1/0034,Onipe Primary Health Clinic,Oluyole,Onipe,Public,Local Government,Primary,Primary Health Clinic,7.201993333,3.878398333
FAC0041,30/20/1/1/1/0006,Akinsawe Health Center,Lagelu,Offa-Igbo,Public,Local Government,Primary,Primary Health Clinic,7.4815083,4.10287
FAC0042,30/24/1/1/1/0018,Owode Primary Health Center,Olorunsogo,Aboke,Public,Local Government,Primary,Primary Health Center,8.743871667,4.138265
FAC0043,30/32/1/1/1/0037,Sango Primary Health Center,Saki West,Sango,Public,Unknown,Primary,Primary Health Center,8.6828976,3.4014437
FAC0044,30/32/1/1/1/0019,Isale Oro Primary Health Center,Saki West,Ogidigbo,Public,Unknown,Primary,Primary Health Center,8.6691783,3.3891767
FAC0045,30/04/1/1/1/0011,Alakuko Model Primary Health Center,Atisbo,Oyada,Public,Local Government,Primary,Primary Health Center,8.49227,3.53887
FAC0046,30/30/1/1/1/0017,Soku Primary Health Clinic,Oyo West,Fasola/Soku,Public,Local Government,Primary,Primary Health Clinic,7.900388333,3.749266667
FAC0047,30/14/1/1/1/0009,Gbekuba Health Center,Ido,Gbekuba,Public,Unknown,Primary,Primary Health Center,7.393955,3.834823333
FAC0048,30/25/1/1/1/0040,Ayetoro Primary Health Clinic,Oluyole,Egbeda Tuba,Public,Local Government,Primary,Primary Health Clinic,7.3193034,3.9532754
FAC0049,30/23/1/1/1/0010,Elesade Primary Health Center,Ogo Oluwa,Otamokun,Public,Local Government,Primary,Primary Health Center,7.966623333,4.209513333
FAC0050,30/14/1/1/2/0003,Elebu Primary Health Center,Ido,Ogundele Alaho/Siba,Public,Local Government,Primary,Primary Health Center,7.353358333,3.821116667
FAC0051,30/23/1/1/1/0029,Iroo Primary Health Center,Ogo Oluwa,Ayetoro,Public,Local Government,Primary,Primary Health Center,7.996588333,4.242408333
FAC0052,30/15/1/1/1/0004,Ajangba 1 Primary Health Center,Irepo,Agoro 11,Public,Local Government,Primary,Primary Health Center,9.0821883,3.847275
FAC0053,30/06/1/1/1/0018,Sango Primary Health Center,Ibadan North,Sango,Public,Local Government,Primary,Primary Health Center,7.42719,3.893551667
FAC0054,30/08/1/1/1/0010,Bode Primary Health Care Center,Ibadan South West,Popoyemoja,Public,Local Government,Primary,Primary Health Center,7.363335,3.8896483
FAC0055,30/12/1/1/1/0020,Temidire Primary Health Center,Ibarapa East,Isa Isaba,Public,Unknown,Primary,Primary Health Center,7.456175,3.473005
FAC0056,30/03/1/1/1/0041,Otefon Health Center,Atiba,Asipa 3,Public,Local Government,Primary,Primary Health Center,8.1459618,3.9068031
FAC0057,30/01/1/1/1/0009,Ijaye Ojutaye Primary Health Center,Afijio,Fiditi 2,Public,Local Government,Primary,Primary Health Clinic,7.644196667,3.871523333
FAC0058,30/08/1/1/1/0013,Isale Osi Primary Health Care Center,Ibadan South West,Isale-Osi,Public,Local Government,Primary,Primary Health Center,7.373865,3.891205
FAC0059,30/23/1/1/1/0027,Otamokun Primary Health Center,Ogo Oluwa,Otamokun,Public,Local Government,Primary,Primary Health Center,7.95474,4.170385
FAC0060,30/07/1/1/1/0004,Alafara Primary Health Center,Ibadan North East,Alafara,Public,Local Government,Primary,Primary Health Center,7.382748333,3.905003333
FAC0061,30/14/1/1/1/0004,Alada Health Center,Ido,Gbekuba,Public,Local Government,Primary,Primary Health Center,7.413395,3.800958333
FAC0062,30/02/1/1/1/0016,Iwokoto Health Center,Akinyele,Iwokoto,Public,Local Government,Primary,Primary Health Clinic,7.578495,3.954311667
FAC0063,30/27/1/1/1/0005,Ajinapa Primary Health Center,Ori Ire,Olorunda 13,Public,Local Government,Primary,Primary Health Center,8.29818,4.24647
FAC0064,30/16/1/1/1/0017,Olugbade Primary Health Care Center,Iseyin,Ladogan,Public,Local Government,Primary,Primary Health Center,8.034778333,3.475053333
FAC0065,30/01/1/1/1/0005,Asaju Primary Health Center,Afijio,Ilora 3,Public,Local Government,Primary,Primary Health Clinic,7.6742917,3.826025
FAC0066,30/16/1/1/1/0015,Oke Ola Primary Health Care Center,Iseyin,Oke Ola/Oke Oja,Public,Local Government,Primary,Primary Health Center,7.973721667,3.600968333
FAC0067,30/04/1/1/1/0015,Irawo Owode Primary Health Center,Atisbo,Irawo/Owode,Public,Local Government,Primary,Primary Health Center,8.526205,3.364385
FAC0068,30/02/1/1/1/0013,Ikereku Primary Health Center,Akinyele,Ikereku,Public,Local Government,Primary,Primary Health Center,7.630138333,3.974933333
FAC0069,30/05/1/2/2/0007,Olode Primary Health Center,Egbeda,Alakia,Public,Local Government,Primary,Primary Health Center,7.384491667,3.994306667
FAC0070,30/23/1/1/1/0006,Ayegun Yemetu Primary Health Center,Ogo Oluwa,Opete,Public,Local Government,Primary,Primary Health Center,8.017571667,4.21954
FAC0071,30/08/1/1/2/0001,Awodife Primary Health Care Center,Ibadan South West,Challenge / Ring Road,Public,Local Government,Primary,Primary Health Center,7.3508167,3.874915
FAC0072,30/16/1/1/1/0017,Ado Awaye Primary Health Care Center,Iseyin,Ado Awaye,Public,Local Government,Primary,Primary Health Center,7.829215,3.430501667
FAC0073,30/02/1/1/1/0029,Sasa Primary Health Center,Akinyele,Ojoo,Public,Local Government,Primary,Primary Health Center,7.485975,3.913901667
FAC0074,30/08/1/1/1/0008,Alesinloye Primary Health Care Center,Ibadan South West,Aleshinloye,Public,Local Government,Primary,Primary Health Center,7.38862,3.871051667
FAC0075,30/29/1/1/1/0010,Ile Oba Primary Health Center,Oyo East,Apinni,Public,Local Government,Primary,Health Post,7.900488333,4.078413333
FAC0076,30/07/1/1/1/0008,Ayekale Primary Health Center,Ibadan North East,Agugu,Public,Local Government,Primary,Primary Health Center,7.377393333,3.927776667
FAC0077,30/02/1/1/1/0004,Alabata Primary Health Center,Akinyele,Alabata Ward,Public,Local Government,Primary,Primary Health Center,7.592565,3.867378333
FAC0078,30/02/1/1/1/0073,Ajibade Primary Health Center,Akinyele,Alabata Ward,Public,Local Government,Primary,Primary Health Center,7.461486667,3.892446667
FAC0079,30/02/1/1/1/0008,Aroro Health Center,Akinyele,Aroro,Public,Local Government,Primary,Primary Health Clinic,7.523095,3.957896667
FAC0080,30/04/1/1/1/0006,Agunrege Primary Health Center,Atisbo,Owotoro,Public,Local Government,Primary,Primary Health Center,8.3950533,3.392245
FAC0081,30/17/1/1/1/0007,Ipapo Primary Health Center,Itesiwaju,Ipapo,Public,Local Government,Primary,Primary Health Center,8.136326667,3.506833333
FAC0082,30/18/1/1/1/0003,Ayegun Primary Health Center,Iwajowa,Ayegun,Public,Local Government,Primary,Primary Health Center,8.010838,2.7241163
FAC0083,30/21/1/1/1/0006,Ikose Primary Health Center,Ogbomosho North,Osupa,Public,Local Government,Primary,Primary Health Center,8.192036667,4.207606667
FAC0084,30/25/1/1/1/0014,Ayegun Primary Health Center,Oluyole,Ayegun,Public,Local Government,Primary,Primary Health Center,7.288828333,3.926818333
FAC0085,30/09/1/1/1/0015,Oranmiyan Primary Health Center,Ibadan South East,Oranyan,Public,Local Government,Primary,Primary Health Center,7.375236667,3.900658333
FAC0086,30/32/1/1/1/0016,Igboologun Primary Health Center,Saki West,Aganmu,Public,Local Government,Primary,Primary Health Center,8.6486233,3.38276
FAC0087,30/19/1/1/1/0004,Gbonje Primary Health Center,Kajola,Olele/Gbonje,Public,Local Government,Primary,Primary Health Center,8.031783333,3.34617
FAC0088,30/20/1/1/1/0009,Alegongo Primary Health Center,Lagelu,Olorunda 1,Public,Local Government,Primary,Primary Health Center,7.4408827,3.9520869
FAC0089,30/25/1/1/1/0041,Idi Iroko Comprehensive Health Center,Oluyole,Orita,Public,Local Government,Primary,Primary Health Center,7.330743333,3.812833333
FAC0090,30/20/1/1/1/0025,Olorunda Primary Health Center,Lagelu,Olorunda 2,Public,Local Government,Primary,Primary Health Center,7.485255,3.98238
FAC0091,30/25/1/1/1/0022,Irepodun Primary Health Clinic,Oluyole,Muslim,Public,Local Government,Primary,Primary Health Clinic,7.35618,3.92653
FAC0092,30/05/1/1/2/0007,Kajorepo Primary Health Center,Egbeda,Egbeda,Public,Local Government,Primary,Primary Health Center,7.3866,4.00702
FAC0093,30/25/1/1/1/0004,Aba Afa Primary Health Clinic,Oluyole,Olomi,Public,Local Government,Primary,Primary Health Clinic,7.325043333,3.913006667
FAC0094,30/04/1/1/1/0021,Sabe Primary Health Center,Atisbo,Owotoro,Public,Local Government,Primary,Primary Health Center,8.4332217,3.4031767
FAC0095,30/22/1/1/1/0014,Ilogbo Primary Health Center,Ogbomosho South,Ilogbo,Public,Local Government,Primary,Primary Health Center,8.118203333,4.244636667
FAC0096,30/30/1/1/1/0011,Ladindin Ojongbodu Health Center,Oyo West,Ojongbodu,Public,Local Government,Primary,Primary Health Clinic,7.84382,3.925878333
FAC0097,30/24/1/1/1/0012,Oju Oja Primary Health Clinic,Olorunsogo,Seriki,Public,Local Government,Primary,Primary Health Clinic,8.74789,4.128726667
FAC0098,30/16/1/1/1/0017,Ajelanwa Primary Health Center,Iseyin,Koso 1,Public,Local Government,Primary,Primary Health Center,7.966415,3.584943333
FAC0099,30/30/1/1/1/0013,Olorunda Health Clinic,Oyo West,Fasola/Soku,Public,Local Government,Primary,Primary Health Clinic,7.926013333,3.851985
FAC0100,30/21/1/1/1/0012,Osupa Health Center,Ogbomosho North,Osupa,Public,Local Government,Primary,Primary Health Center,8.132531667,4.237195
FAC0101,30/22/1/1/1/0012,Ijeru 1 Primary Health Center,Ogbomosho South,Ijeru 1,Public,Local Government,Primary,Primary Health Center,8.126026667,4.243293333
FAC0102,30/21/1/2/1/0001,Jagun Primary Health Center,Ogbomosho North,Jagun,Public,Local Government,Primary,Primary Health Center,8.127251667,4.246063333
FAC0103,30/22/1/1/1/0001,Adebayo Alata Primary Health Center,Ogbomosho South,Ibapon,Public,Local Government,Primary,Primary Health Center,8.124855,4.225256667
FAC0104,30/14/1/1/1/0010,Ido Primary Health Center,Ido,Ido/Odebode,Public,Unknown,Primary,Primary Health Center,7.473048333,3.76393
FAC0105,30/32/1/1/1/0010,Ayekale Primary Health Center,Saki West,Aganmu,Public,Local Government,Primary,Primary Health Center,8.6589,3.3719
FAC0106,30/23/1/1/1/0016,Lagbedu Primary Health Center,Ogo Oluwa,Lagbedu,Public,Local Government,Primary,Primary Health Center,7.9103391,4.1567064
FAC0107,30/23/1/1/1/0028,Pontela Akinola Primary Health Center,Ogo Oluwa,Lagbedu,Public,Local Government,Primary,Primary Health Center,7.921466,4.1709337
FAC0108,30/30/1/1/1/0009,Kolobo Primary Health Center,Oyo West,Opapa/Fafunke,Public,Local Government,Primary,Primary Health Center,7.855403333,3.92431
FAC0109,30/01/1/1/1/0012,Ilu Aje Primary Health Center,Afijio,Imini,Public,Local Government,Primary,Primary Health Clinic,7.748631667,3.884431667
FAC0110,30/07/1/1/1/0020,Oje Primary Health Center,Ibadan North East,Oje,Public,Local Government,Primary,Primary Health Center,7.384835,3.907948333
FAC0111,30/01/1/1/1/0006,Awe Primary Health Center,Afijio,Awe 1,Public,Local Government,Primary,Primary Health Center,7.827593333,3.958663333
FAC0112,30/23/1/1/1/0023,Olokoo Primary Health Center,Ogo Oluwa,Ayetoro,Public,Local Government,Primary,Primary Health Center,7.978293333,4.25429
FAC0113,30/18/1/1/1/0011,Idiko Ile Primary Health Center,Iwajowa,Idiko Ile/Ilajile,Public,Local Government,Primary,Primary Health Center,7.931416667,3.018591667
FAC0114,30/18/1/1/1/0007,Eleru Primary Health Clinic,Iwajowa,Ofeegun,Public,Local Government,Primary,Primary Health Center,7.872395,3.195176667
FAC0115,30/08/1/1/1/0012,Foko Primary Health Care Center,Ibadan South West,Amule/Atere,Public,Local Government,Primary,Primary Health Center,7.376046667,3.887078333
FAC0116,30/18/1/1/1/0004,Gbedu Primary Health Center,Iwajowa,Idiko Ago/Itasa,Public,Local Government,Primary,Primary Health Center,8.059873333,2.962946667
FAC0117,30/06/1/1/1/0014,Oke Are Primary Health Center,Ibadan North,Oke Are,Public,Local Government,Primary,Primary Health Center,7.381578333,3.897543333
FAC0118,30/09/1/1/1/0014,Omiyale Health Post,Ibadan South East,Oja Oba,Public,Local Government,Primary,Primary Health Clinic,7.372411667,3.898463333
FAC0119,30/02/1/1/1/0021,Ojoo Primary Health Center,Akinyele,Ojoo,Public,Local Government,Primary,Primary Health Center,7.471133333,3.915793333
FAC0120,30/20/1/1/1/0028,Lalupon Primary Health Center,Lagelu,Lalupon 1,Public,Local Government,Primary,Primary Health Center,7.4616198,4.0654472
FAC0121,30/02/1/1/1/0012,Ijaye Primary Health Center,Akinyele,Ijaye,Public,Local Government,Primary,Primary Health Center,7.629621667,3.84903
FAC0122,30/20/1/1/1/0024,Ogunremi Primary Health Clinic,Lagelu,Oyedeji 2,Public,Local Government,Primary,Primary Health Clinic,7.595836667,4.057125
FAC0123,30/09/1/1/2/0002,Ogunpa Primary Health Center,Ibadan North West,Ekotedo,Public,Local Government,Primary,Primary Health Center,7.387955,3.884268333
FAC0124,30/21/1/1/1/0004,Baaki Primary Health Center,Ogbomosho North,Abogunde,Public,Local Government,Primary,Primary Health Center,8.12127,4.252295
FAC0125,30/30/1/1/1/0005,Iseke Primary Health Center,Oyo West,Iseke,Public,Local Government,Primary,Primary Health Center,7.839031667,3.917348333
FAC0126,30/10/1/2/1/0003,Police Hospital,Ibadan North West,Eleyele,Public,Military & Paramilitary formations,Secondary,Unknown,7.408083333,3.865116667
FAC0127,30/18/1/1/1/0021,Lam Adesina Health Center,Iwajowa,Ofeegun,Public,Unknown,Primary,Primary Health Center,7.979688333,3.23542
FAC0128,30/28/1/1/1/0009,Opoo Primary Health Center,Orelope,Obaago,Public,Local Government,Primary,Primary Health Center,8.7394467,3.7223983
FAC0129,30/06/1/3/1/0001,University College Hospital,Ibadan North,Bodija,Public,Federal Government,Tertiary,Teaching/Tertiary Hospital,7.402868333,3.902251667
FAC0130,30/09/1/1/2/0003,Abiyelomo Clinic,Ibadan South East,Owode Imuagun,Private,For Profit,Secondary,Primary Health Center,7.358196667,3.908741667
FAC0131,30/06/1/2/2/0005,Gold Cross Medical Center,Ibadan North,Yemetu,Private,For Profit,Secondary,Primary Health Center,7.388263333,3.90398
FAC0132,30/09/1/1/1/0019,Raji Akande Rrimary Health Center,Ibadan South East,Oke-Oluokun,Public,Local Government,Primary,Primary Health Center,7.362398333,3.901996667
FAC0133,30/28/1/1/1/0007,Ologede Primary Health Center,Orelope,Bonni,Public,Local Government,Primary,Primary Health Center,8.986541667,3.636796667
FAC0134,30/09/1/2/2/0026,Ridolahi Maternity Clinic,Ibadan South East,Odinjo,Private,For Profit,Secondary,Primary Health Center,7.360418333,3.91217
FAC0135,30/20/1/2/2/0035,J Shallom Hospital Specialist,Lagelu,Olorunda 1,Private,For Profit,Secondary,General Hospital,7.4419773,3.9546519
FAC0136,30/20/1/2/2/0003,Banby Hospital Specialist,Lagelu,Olorunda 1,Private,For Profit,Secondary,General Hospital,7.434181667,3.943606667
FAC0137,30/20/1/1/2/0012,Kay Kay Hospital Specialist,Lagelu,Olorunda 1,Private,For Profit,Secondary,General Hospital,7.425491667,3.943236667
FAC0138,30/08/1/2/2/0009,Zoe Mission Specialist Hospital,Ibadan South West,Challenge / Ring Road,Private,For Profit,Secondary,General Hospital,7.36515,3.848318333
FAC0139,30/07/1/2/1/0002,Skyline Hospital Specialist,Ibadan North East,Basorun,Public,State Government,Secondary,General Hospital,7.401596667,3.939291667
FAC0140,30/07/1/2/2/0007,Molly Medical Hospital,Ibadan North East,Basorun,Private,For Profit,Secondary,General Hospital,7.401435,3.925901667
FAC0141,30/08/1/2/2/0020,Teju Hospital Specialist,Ibadan South West,Challenge / Ring Road,Private,For Profit,Secondary,General Hospital,7.3539567,3.8734417
FAC0142,30/10/1/1/2/0042,Adeoye Memorial Hospital Specialist,Ibadan North West,Ekotedo,Private,For Profit,Secondary,Primary Health Center,7.39383,3.884948333
FAC0143,30/26/1/2/2/0015,Teejay Hospital,Ona Ara,Olunloyo,Private,For Profit,Secondary,General Hospital,7.356215,3.93803
FAC0144,30/09/1/1/2/0009,Oreofe Maternity and Child Welfare Clinic,Ibadan South East,Molete,Private,For Profit,Secondary,Primary Health Clinic,7.351501465,3.9006958
FAC0145,30/04/1/2/1/0001,Ago Are General Hospital,Atisbo,Ago Are 2,Public,Local Government,Secondary,General Hospital,8.499084472,3.432678222
FAC0146,30/33/1/1/1/0010,Baale Oba Primary Health Center,Surulere,Ilajue,Public,Local Government,Primary,Health Post,7.899291992,4.422729492
FAC0147,30/25/1/2/1/0001,Orile Odo General Hospital,Oluyole,Idi Ayunre,Public,State Government,Secondary,General Hospital,7.250305176,3.854675293
FAC0148,30/15/1/2/2/0002,Ejire Maternity and Child Welfare Clinic,Irepo,Laha / Ajana,Private,For Profit,Secondary,Primary Health Clinic,9.069519043,3.857910157
FAC0149,30/33/1/1/1/0042,Olukosi Primary Health Care Center,Surulere,Iresa-Adu,Public,Local Government,Primary,Primary Health Center,8.090115,4.460663333
FAC0150,30/01/1/1/1/0004,Akinmorin Primary Health Center,Afijio,Akinmonrin/Jobele,Public,Local Government,Primary,Primary Health Center,7.790861667,3.946361667
FAC0151,30/26/1/1/1/0012,Alapafon Primary Health Center,Ona Ara,Olunloyo,Public,Local Government,Primary,Primary Health Center,7.352386667,3.95984
FAC0152,30/26/1/1/1/0022,Gangansi Primary Health Care Center,Ona Ara,Olunloyo,Public,Local Government,Primary,Primary Health Center,7.366721667,3.952573333
FAC0153,30/23/1/1/1/0019,Odofo Primary Health Center,Ogo Oluwa,Ayede/Lomiro,Public,Local Government,Primary,Primary Health Center,7.983955,4.149968333
FAC0154,30/16/1/1/1/0014,Ogboolasa Health Clinic,Iseyin,Akinwumi/Osoogun,Public,Local Government,Primary,Primary Health Clinic,7.74642,3.501085
FAC0155,30/32/1/1/2/0012,Idera Primary Health Center,Saki West,Ogidigbo,Public,Local Government,Primary,Primary Health Center,8.6513017,3.22192
FAC0156,30/20/1/1/2/0016,Odo Oba Primary Health Center,Lagelu,Lalupon 1,Public,Local Government,Primary,Primary Health Clinic,7.4751433,4.1277317
FAC0157,30/26/1/1/1/0006,Adigun Health Center,Ona Ara,Gbada Ward,Public,Local Government,Primary,Health Post,7.27387,4.0724817
FAC0158,30/14/1/1/1/0015,Odetola Health Post,Ido,Erinwusi/Koguo,Public,Local Government,Primary,Health Post,7.437993333,3.729953333
FAC0159,30/07/1/1/1/0014,Koloko Health Center,Ibadan North East,Aperin,Public,Local Government,Primary,Primary Health Center,7.372296667,3.924696667
FAC0160,30/26/1/1/1/0004,Aba Emu Primary Health Center,Ona Ara,Idi Ose,Public,Local Government,Primary,Primary Health Center,7.33959,3.96198
FAC0161,30/29/1/1/2/0002,Aladura Primary Health Center,Saki East,Alamodu,Public,Local Government,Primary,Primary Health Center,8.578748333,3.607396667
FAC0162,30/16/1/1/1/0012,Ode Oba Primary Health Care Center,Iseyin,Ekunle 1,Public,Local Government,Primary,Primary Health Center,7.968063333,3.596813333
FAC0163,30/30/1/1/1/0017,Aged and Widow Ojongbodu Oyo Clinic,Oyo West,Isokun 5,Public,Local Government,Primary,Primary Health Clinic,7.852105,3.90986
FAC0164,30/29/1/1/1/0009,Idode Primary Health Center,Oyo East,Apinni,Public,Local Government,Primary,Health Post,7.88122,3.995665
FAC0165,30/32/1/1/1/0021,Isia Primary Health Center,Saki West,Otun/Isia,Public,Unknown,Primary,Primary Health Center,8.6638017,3.38978
FAC0166,30/32/1/1/1/0020,Isale Taba Primary Health Center,Saki West,Oke Oro,Public,Local Government,Primary,Primary Health Center,8.669855,3.3926817
FAC0167,30/19/1/1/1/0012,Isia Primary Health Center,Kajola,Isia,Public,Local Government,Primary,Primary Health Center,8.027175,3.355478333
FAC0168,30/32/1/1/1/0007,Agoluabi Primary Health Center,Saki West,Ogidigbo,Public,Local Government,Primary,Primary Health Center,8.671836667,3.366716667
FAC0169,30/32/1/1/1/0024,Kininkinni Primary Health Center,Saki West,Ogidigbo,Public,Unknown,Primary,Primary Health Center,8.669691667,3.37057
FAC0170,30/19/1/1/1/0032,Igbogaa Primary Health Center,Kajola,Isemile / Imia / Ilua,Public,Local Government,Primary,Primary Health Center,7.942396667,3.433221667
FAC0171,30/27/1/1/1/0027,Oloka Primary Health Center,Ori Ire,Oloka,Public,Local Government,Primary,Primary Health Center,8.323718333,4.057903333
FAC0172,30/02/1/1/1/0024,Oretu Health Post,Akinyele,Iroko,Public,Local Government,Primary,Health Post,7.65466,3.888983333
FAC0173,30/31/1/1/1/0009,Araromi Primary Health Care Center,Saki East,Oke Yidi,Public,Local Government,Primary,Primary Health Center,8.710525,3.7094133
FAC0174,30/06/1/1/2/0013,Obasa Primary Health Center,Ibadan North,Bodija,Public,Local Government,Primary,Primary Health Clinic,7.414255,3.898193333
FAC0175,30/32/1/1/1/0038,Sanni Sala Primary Health Center,Saki West,Eko-Kan,Public,Local Government,Primary,Primary Health Center,8.7378167,3.0789633
FAC0176,30/19/1/1/1/0003,Elewure Primary Health Center,Kajola,Olele/Gbonje,Public,Local Government,Primary,Primary Health Center,8.041391667,3.440108333
FAC0177,30/27/1/1/1/0019,Iluju Primary Health Center,Ori Ire,Ikoyi-Ile,Public,Local Government,Primary,Primary Health Center,8.2075833,4.1934817
FAC0178,30/12/1/1/1/0011,Maya Primary Health Center,Ibarapa East,Maya,Public,Local Government,Primary,Primary Health Center,7.677246667,3.444368333
FAC0179,30/27/1/1/1/0014,Elesun Adeosun Primary Health Center,Ori Ire,Elesun-Adeosun,Public,Local Government,Primary,Primary Health Center,8.1656717,4.0643467
FAC0180,30/25/1/1/1/0016,Bare Primary Health Center,Oluyole,Bare,Public,Local Government,Primary,Primary Health Center,7.269595,3.820486667
FAC0181,30/20/1/1/1/0013,Fakeye Primary Health Clinic,Lagelu,Oyedeji 3,Public,Local Government,Primary,Primary Health Clinic,7.57644,4.063763333
FAC0182,30/26/1/1/1/0019,Butubutu Primary Health Center,Ona Ara,Badeku 3,Public,Local Government,Primary,Primary Health Center,7.28424,4.119173333
FAC0183,30/24/1/1/1/0015,Ologbon Primary Health Center,Olorunsogo,Agbele,Public,Local Government,Primary,Primary Health Center,8.752273333,4.12832
FAC0184,30/18/1/1/1/0014,Itasa Primary Health Center,Iwajowa,Idiko Ago/Itasa,Public,Local Government,Primary,Primary Health Center,8.017746667,3.046931667
FAC0185,30/30/1/1/1/0004,Fasola Primary Health Center,Oyo West,Fasola/Soku,Public,Local Government,Primary,Primary Health Center,7.900141667,3.783938333
FAC0186,30/32/1/1/1/0032,Otun Primary Health Center,Saki West,Otun/Isia,Public,Unknown,Primary,Primary Health Center,8.6569683,3.3911533
FAC0187,30/01/1/1/1/0015,Jobele Primary Health Center,Afijio,Akinmonrin/Jobele,Public,Local Government,Primary,Primary Health Center,7.765551667,3.921866667
FAC0188,30/26/1/1/1/0016,Badeku Primary Health Center,Ona Ara,Badeku 3,Public,Local Government,Primary,Primary Health Clinic,7.350985,4.070436667
FAC0189,30/25/1/1/1/0019,Idi Ayunre Primary Health Clinic,Oluyole,Idi Ayunre,Public,Local Government,Primary,Primary Health Clinic,7.232965,3.85901
FAC0190,30/11/1/1/1/0023,Tobalogbo Primary Health Care,Ibarapa Central,Tobalopo,Public,Local Government,Primary,Primary Health Center,7.5306283,3.2817733
FAC0191,30/25/1/1/1/0024,Mosfala Primary Health Center,Oluyole,Muslim,Public,Local Government,Primary,Primary Health Center,7.344458333,3.927395
FAC0192,30/26/1/1/1/0021,Fawole Idi Obi Primary Health Center,Ona Ara,Idi Osan,Public,Local Government,Primary,Primary Health Center,7.373605,3.966373333
FAC0193,30/20/1/1/1/0001,Oyedeji Primary Health Center,Lagelu,Oyedeji 3,Public,Local Government,Primary,Primary Health Center,7.547245,4.0482767
FAC0194,30/25/1/1/1/0018,Crin Health Center,Oluyole,Idi Ayunre,Public,Federal Government,Secondary,Primary Health Center,7.223265,3.87366
FAC0195,30/16/1/1/1/0010,Koso Primary Health Care Center,Iseyin,Koso 1,Public,Local Government,Primary,Primary Health Center,7.970516667,3.577413333
FAC0196,30/19/1/1/1/0001,Ayetoro Oke Primary Health Center,Kajola,Ayetoro Oke,Public,Local Government,Primary,Primary Health Center,8.05155,3.339738333
FAC0197,30/02/1/1/1/0019,Moniya General Hospital,Akinyele,Moniya,Public,State Government,Secondary,General Hospital,7.532343333,3.911011667
FAC0198,30/27/1/1/1/0022,Lapelu Primary Health Center,Ori Ire,Elesun-Adeosun,Public,Local Government,Primary,Primary Health Center,8.093505859,4.105712891
FAC0199,30/33/1/1/2/0004,Anu Oluwa Hospital,Surulere,Iregba,Private,For Profit,Secondary,Primary Health Center,8.057766667,4.490826667
FAC0200,30/30/1/1/2/0009,Olanrewaju Clinic and Maternity Centre,Oyo West,Akeetan,Private,For Profit,Secondary,Primary Health Center,7.838883333,3.919858333
FAC0201,30/27/1/1/2/0006,Ayoola Maternity and Child Welfare Clinic,Ori Ire,Tewure,Private,For Profit,Primary,Primary Health Center,8.32308,4.2111333
FAC0202,30/21/1/2/2/0024,Olaolu Welfare Health Centre,Ogbomosho North,Osupa,Private,For Profit,Secondary,Primary Health Center,8.1510433,4.2141367
FAC0203,30/08/1/1/2/0009,Ibadan Central Limited Hospital,Ibadan South West,Oke Ado / Liberty,Private,For Profit,Secondary,Primary Health Center,7.36345,3.87427
FAC0204,30/05/1/1/2/0003,Eni Ayo Clinic,Egbeda,Olubadan,Private,For Profit,Secondary,Primary Health Center,7.390891667,3.954231667
FAC0205,30/26/1/1/2/0021,Omotola Maternity and Child Clinic,Ona Ara,Idi Osan,Private,For Profit,Primary,Primary Health Clinic,7.3730667,3.95377
FAC0206,30/05/1/1/2/0002,Alhayyu Hospital,Egbeda,Olubadan,Private,For Profit,Secondary,Primary Health Center,7.38817,3.94196
FAC0207,30/32/1/1/2/0005,Jehovah Samah Hospital,Surulere,Gambari/Igbon,Private,For Profit,Secondary,Primary Health Center,8.191775,4.274421667
FAC0208,30/25/1/1/2/0008,Durojaiyememorial Hospital,Oluyole,Muslim,Private,For Profit,Primary,Primary Health Center,7.352631667,3.92231
FAC0209,30/02/1/2/2/0002,Fajimi Hospital,Akinyele,Ojoo,Private,Unknown,Secondary,Primary Health Center,7.476191667,3.920931667
FAC0210,30/27/1/2/2/0004,Oyelami Memorial Hospital,Ori Ire,Ikoyi-Ile,Private,For Profit,Secondary,Primary Health Center,8.203415,4.19922
FAC0211,30/33/1/1/1/0032,Adis Tayo Convalescent Home,Kajola,Ijo,Private,For Profit,Primary,Primary Health Clinic,8.036635,3.345005
FAC0212,30/16/1/2/2/0002,Fadoks Hospital,Iseyin,Ekunle 1,Private,For Profit,Secondary,Primary Health Center,7.964578333,3.60865
FAC0213,30/28/1/1/2/0007,Owoade Maternity Home,Orelope,Igbope 1,Private,For Profit,Secondary,Primary Health Center,8.8333767,3.7740367
FAC0214,30/21/1/3/2/0001,Blind Primary Health Post,Ogbomosho North,Osupa,Public,Local Government,Primary,Primary Health Center,8.135396667,4.209273333
FAC0215,30/18/1/1/1/0006,Elekokan Primary Health Center,Iwajowa,Elekokan,Public,Local Government,Primary,Primary Health Center,7.839477539,3.223693848
FAC0216,30/20/1/1/2/0004,Akobo Hospital,Lagelu,Olorunda 1,Private,For Profit,Secondary,Primary Health Center,7.43484,3.939038
FAC0217,30/25/1/1/1/0040,Lad Medical Hospital,Oluyole,Orita,Private,For Profit,Primary,Primary Health Clinic,7.334472656,3.868896484
FAC0218,30/08/1/1/1/0019,Oluyole Primary Health Care Center,Ibadan South West,Challenge / Ring Road,Public,Local Government,Primary,Primary Health Center,7.36907959,3.859680176
FAC0219,30/26/1/2/2/0003,Ajao Memorial Hospital Specialist,Ona Ara,Olorunsogo,Private,For Profit,Secondary,Primary Health Center,7.359313965,3.932495118
FAC0220,30/08/1/1/2/0010,Immaculate Hospital,Ibadan South West,Oke Ado / Liberty,Private,For Profit,Secondary,Primary Health Center,7.367675782,3.884521484
FAC0221,30/07/1/1/1/0021,Oke Adu Primary Health Center,Ibadan North East,Oke Adu,Public,Local Government,Primary,Primary Health Center,7.390075683,3.916870117
FAC0222,30/19/1/1/1/0013,Kajola Primary Health Center,Kajola,Kajola,Public,Local Government,Primary,Primary Health Center,8.08893,3.3404
FAC0223,30/24/1/1/1/0006,Gaa Saliu Primary Health Center,Olorunsogo,Opa Ogundiran,Public,Local Government,Primary,Primary Health Center,8.837097168,4.157287598
FAC0224,30/12/1/1/1/0015,Oke Ola Eruwa Primary Health Center,Ibarapa East,Oke Ola/Oke Oja,Public,Local Government,Primary,Primary Health Center,7.5256958,3.422912598
FAC0225,30/12/1/1/1/0004,Anko Primary Health Center,Ibarapa East,Anko Eruwa,Public,Local Government,Primary,Primary Health Center,7.537107573,3.419819496
FAC0226,30/03/1/3/2/0076,Grace Sabo Oyo Hospital,Atiba,Asipa 2,Private,For Profit,Tertiary,Primary Health Center,7.86907959,3.934082032
FAC0227,30/26/1/1/2/0023,The Minaret Hospital,Ona Ara,Oremeji,Private,Unknown,Primary,Primary Health Center,7.363618333,3.9478
FAC0228,30/22/1/2/2/0001,Abayomi Hospital,Ogbomosho South,Ibapon,Private,For Profit,Secondary,Primary Health Center,8.12167,4.222551667
FAC0229,30/14/1/1/1/0038,Bako Primary Health Care,Ido,Omi Adio,Public,Local Government,Primary,Primary Health Center,7.392713333,3.697333333
FAC0230,30/02/1/1/2/0001,Aged and Widow Mini Clinic,Akinyele,Moniya,Public,Local Government,Primary,Health Post,7.531576667,3.910671667
FAC0231,30/03/1/1/1/0026,Ilupeju Health Center,Atiba,Asipa 2,Public,Local Government,Primary,Primary Health Clinic,7.886516667,3.943576667
FAC0232,30/05/1/1/1/0016,Adeleye Primary Health Center,Egbeda,Erunmu,Public,Local Government,Primary,Primary Health Center,7.452298333,4.04311
FAC0233,30/08/1/1/1/0001,Akuro Primary Health Care Center,Ibadan South West,Foko/Ologede,Public,Local Government,Primary,Primary Health Center,7.3681365,3.8853507
FAC0234,30/12/1/1/1/0020,Polytechnic Clinic,Ibarapa East,Oke Ola/Oke Oja,Public,State Government,Primary,Primary Health Center,7.5271,3.428505
FAC0235,30/14/1/1/1/0002,Akinware Health Center,Ido,Akinware/Akindele,Public,Unknown,Primary,Primary Health Center,7.528776667,3.716115
FAC0236,30/21/1/1/1/0019,Isale Afon Primary Health Clinic,Ogbomosho North,Isale Afon,Public,Local Government,Primary,Primary Health Clinic,8.130671667,4.24755
FAC0237,30/23/1/1/2/0008,Karaole Maternity and Health Clinic,Ogo Oluwa,Opete,Private,For Profit,Secondary,Primary Health Center,8.010148333,4.182953333
FAC0238,30/21/1/1/2/0009,Ire Akari Primary Health Clinic,Oluyole,Idi Ayunre,Public,Local Government,Primary,Primary Health Clinic,7.321456667,3.885816667
FAC0239,30/31/1/2/1/0001,Sepeteri General Hospital,Saki East,Oke Tassi,Public,State Government,Secondary,Primary Health Center,8.6243059,3.6330553
FAC0240,30/32/1/1/1/0025,Kooko Primary Health Center,Saki West,Aganmu,Public,Local Government,Primary,Primary Health Center,8.6655094,3.3954351
FAC0241,30/31/1/1/2/0001,Barack Primary Health Center,Saki West,Ajegunle,Private,Unknown,Primary,Primary Health Center,8.6524152,3.4011087
FAC0242,30/22/1/1/2/0026,Surelere Primary Health Center,Saki West,Ajegunle,Public,Local Government,Primary,Primary Health Center,8.6479059,3.4064678
FAC0243,30/07/1/1/1/0015,Ilupeju Health Center,Ibadan North East,Agugu,Public,Local Government,Primary,Primary Health Center,7.4046348,3.9367631
FAC0244,30/32/1/1/1/0012,Challenge Primary Health Center,Saki West,Otun/Isia,Public,Local Government,Primary,Primary Health Center,8.6346995,3.3862955
FAC0245,30/32/1/1/1/0017,Isale Alufa Primary Health Center,Saki West,Sango,Public,Local Government,Primary,Primary Health Center,8.6854211,3.4342181
FAC0246,30/32/1/1/1/0035,Salam Salam Primary Health Center,Saki West,Sango,Public,Local Government,Primary,Primary Health Center,8.6928283,3.4031332
FAC0247,30/32/1/1/1/0002,Iranyin Primary Health Center,Surulere,Arolu,Public,Local Government,Primary,Primary Health Clinic,7.968557496,4.442173401
FAC0248,30/33/1/1/1/0041,Ile Odu Health Center,Surulere,Iresa-Adu,Public,Local Government,Primary,Primary Health Center,8.12049726,4.448417583
FAC0249,30/33/1/1/1/0033,Sekengbede Health Post,Surulere,Iresa-Adu,Public,Local Government,Primary,Primary Health Clinic,8.115182337,4.374934863
FAC0250,30/10/1/2/1/0002,Origbegi Health Center,Ibadan North West,Opoyeosa,Public,Local Government,Primary,Primary Health Clinic,7.382636667,3.893416667
FAC0251,30/06/1/1/1/0010,Bodija Primary Health Center,Ibadan North,Agbowo,Public,Local Government,Primary,Primary Health Center,7.437843333,3.915651667
FAC0252,30/11/1/1/1/0006,Idere Primary Health Care Center,Ibarapa Central,Idere,Public,Local Government,Primary,Primary Health Center,7.4933467,3.248065
FAC0253,30/06/1/1/1/0019,Ajose Primary Health Center,Ibadan North,Nalende,Public,Local Government,Primary,Primary Health Center,7.393871667,3.895136667
FAC0254,30/06/1/1/1/0017,Samonda Primary Health Center,Ibadan North,Samonda,Public,Local Government,Primary,Primary Health Clinic,7.432615,3.904953333
FAC0255,30/02/1/2/2/0031,De Prince Williams Clinic,Akinyele,Ojoo,Private,For Profit,Secondary,Primary Health Clinic,7.454645,3.910096667
FAC0256,30/25/1/2/2/0053,His Mercy Clinic,Oluyole,Idi Ayunre,Private,For Profit,Secondary,Primary Health Center,7.33484,3.955828333
FAC0257,30/32/1/1/2/0008,Al Miskeen Bilahi  Maternity and Childwelfare,Saki West,Iya,Private,For Profit,Secondary,Primary Health Clinic,8.67168,3.3912
FAC0258,30/20/1/1/2/0007,Dorcas Hospital Specialist,Lagelu,Olorunda 1,Private,For Profit,Secondary,General Hospital,7.4377831,3.9677756
FAC0259,30/26/1/2/2/0013,Mojirayo Memorial Clinic,Ona Ara,Olunloyo,Private,For Profit,Primary,Primary Health Clinic,7.362076667,3.957078333
FAC0260,30/02/1/1/2/0018,Mosolape Maternity Centre,Akinyele,Ojoo,Private,For Profit,Secondary,Primary Health Clinic,7.455331667,3.919191667
FAC0261,30/14/1/2/2/0048,Segun Adeniji Memorial L Hospital,Ido,Ogundele Alaho/Siba,Private,For Profit,Secondary,Primary Health Clinic,7.3671633,3.81785
FAC0262,30/20/1/2/2/0044,God Blossoming Heritage Maternity Home,Lagelu,Ejioku,Private,For Profit,Secondary,Primary Health Clinic,7.4685186,4.0889357
FAC0263,30/05/1/1/2/0005,Ifeolu Maternity Centre,Egbeda,Olubadan,Private,For Profit,Secondary,Primary Health Clinic,7.380451667,3.98419
FAC0264,30/22/1/1/2/0048,Oluwatoyosi Clinic and Maternity Centre,Ogbomosho South,Ibapon,Private,For Profit,Primary,Primary Health Clinic,8.11647,4.2145183
FAC0265,30/20/1/1/2/0008,God Of Victory Clinic and Maternity,Lagelu,Lalupon 2,Private,For Profit,Secondary,Primary Health Clinic,7.465948333,4.065585
FAC0266,30/21/1/2/2/0006,Ireti Oluwa Hospital,Ogbomosho North,Saabo / Taara,Private,For Profit,Secondary,Primary Health Center,8.14368,4.23825
FAC0267,30/30/1/1/2/0008,Momoh Memorial Idi Ope Hospital,Oyo West,Akeetan,Private,For Profit,Secondary,Primary Health Center,7.840336667,3.924388333
FAC0268,30/28/1/1/2/0002,Charis Hospital,Orelope,Ago-Igi-Isubu,Private,For Profit,Secondary,Primary Health Clinic,8.8474667,3.7487733
FAC0269,30/16/1/1/1/0013,Odo Ogun Health Post,Iseyin,Ado Awaye,Public,Local Government,Primary,Health Post,7.902828333,3.50448
FAC0270,27/08/1/1/2/0001,Fagoc Maternity and Clinic Home,Ijebu North,Mamu/Ehinetiri,Private,For Profit,Primary,Primary Health Center,7.085703333,3.910575
FAC0271,30/27/1/1/2/0002,Adex Maternity Clinic,Ori Ire,Tewure,Private,For Profit,Secondary,Primary Health Clinic,8.324143333,4.210523333
FAC0272,30/32/1/1/1/0013,Deen Clinic and Maternity,Saki West,Isale Efin,Private,For Profit,Secondary,Primary Health Clinic,8.6691667,3.3904783
FAC0273,30/20/1/1/2/0010,Heritage Of God and Wefare Maternity Clinic,Lagelu,Lalupon 2,Private,For Profit,Primary,Primary Health Clinic,7.467055,4.066371667
FAC0274,30/25/1/2/2/0047,Tofunmi Medical Center,Oluyole,Idi Ayunre,Private,For Profit,Secondary,Primary Health Clinic,7.247445,3.856885
FAC0275,30/30/1/2/2/0003,Zasfat Muslim Hospital,Oyo West,Isokun 5,Private,For Profit,Secondary,Primary Health Center,7.869656667,3.892133333
FAC0276,30/30/1/1/1/0017,Alaafia Maternity Centre,Oyo West,Opapa/Fafunke,Private,For Profit,Secondary,Primary Health Clinic,7.858188333,3.926163333
FAC0277,30/04/1/1/1/0003,Agbele Primary Health Center,Atisbo,Ago Are 1,Public,Local Government,Primary,Primary Health Center,8.402445,3.45093
FAC0278,30/33/1/1/1/0022,Iregba Primary Health Center,Surulere,Iregba,Public,Local Government,Primary,Primary Health Center,8.051056667,4.48922
FAC0279,30/25/1/1/1/0029,Odo Ona Elewe Primary Health Clinic,Oluyole,Orita,Public,Local Government,Primary,Primary Health Clinic,7.333211667,3.857641667
FAC0280,30/25/1/1/1/0030,Odo Ona Kekere Primary Health Clinic,Oluyole,Bare,Public,Local Government,Primary,Primary Health Clinic,7.292408333,3.86387
FAC0281,30/27/1/1/1/0026,Oko Ile Primary Health Center,Ori Ire,Esinele,Public,Local Government,Primary,Primary Health Center,8.190558333,4.013078333
FAC0282,30/08/1/1/1/0018,Oke Bola Primary Health Care Center,Ibadan South West,Aleshinloye,Public,Local Government,Primary,Primary Health Center,7.383318333,3.877395
FAC0283,30/15/1/1/2/0003,Laha Ajana Millennium Development Goal Primary Health Center,Irepo,Laha / Ajana,Public,Local Government,Primary,Primary Health Center,9.0639667,3.8598333
FAC0284,30/25/1/1/1/0005,Aba Nla Primary Health Clinic,Oluyole,Aba-Nla,Public,Local Government,Primary,Primary Health Clinic,7.225973333,3.836505
FAC0285,30/25/1/1/1/0031,Oja Ibadan Primary Health Center,Oluyole,Aba-Nla,Public,Local Government,Primary,Primary Health Center,7.15394,3.791256667
FAC0286,30/14/1/1/1/0029,Dagi Health Center,Ido,Ogundele Alaho/Siba,Public,Local Government,Primary,Health Post,7.347595,3.749686667
FAC0287,30/14/1/1/1/0030,Olosun Health Center,Ido,Ogundele Alaho/Siba,Public,Local Government,Primary,Primary Health Center,7.355428333,3.785005
FAC0288,30/27/1/1/1/0007,Alaroponla Primary Health Center,Ori Ire,Esinele,Public,Local Government,Primary,Primary Health Center,8.233975,4.067575
FAC0289,30/07/1/1/1/0011,Irefin Babasale Primary Health Center,Ibadan North East,Irefin,Public,Local Government,Primary,Primary Health Center,7.387085,3.911725
FAC0290,30/22/1/1/1/0023,Oke Ola Primary Health Center,Ogbomosho South,Oke-Ola,Public,Local Government,Primary,Primary Health Center,8.127721667,4.239138333
FAC0291,30/33/1/1/1/0023,Iresaapa Primary Health Center,Surulere,Ireesapa,Public,Local Government,Primary,Primary Health Center,8.076956667,4.351086667
FAC0292,30/33/1/1/1/0013,Iresaadu Comprehensive Primary Health Care Center,Surulere,Iresa-Adu,Public,Local Government,Primary,Primary Health Center,8.085836667,4.390083333
FAC0293,30/33/1/1/1/0020,Ijado Health Post,Surulere,Oko,Public,Local Government,Primary,Primary Health Clinic,7.936356667,4.366773333
FAC0294,29/29/1/1/1/0002,Bolorunduro Village Health Center,Orolu,Okiti/Molufon,Public,Local Government,Primary,Primary Health Clinic,7.927225,4.431606667
FAC0295,30/07/1/2/2/0004,Jobi Memorial Hospital,Ibadan North East,Irefin,Private,For Profit,Secondary,Primary Health Center,7.387975,3.915571667
FAC0296,30/33/1/1/2/0013,Tede Comprehensive Health Center,Atisbo,Oyada,Public,Local Government,Primary,Primary Health Center,8.54516,3.446688333
FAC0297,30/19/1/1/1/0005,Idi Ayin Primary Health Center,Kajola,Gbelekale,Public,Local Government,Primary,Primary Health Center,8.132456667,3.387273333
FAC0298,30/17/1/1/1/0015,Otu Ilesan Comprehensive Health Center,Itesiwaju,Otu Ilesan,Public,Local Government,Primary,Primary Health Center,8.204948333,3.412761667
FAC0299,30/13/1/1/1/0017,Okeola Primary Health Center,Ibarapa North,Igangan 3,Public,Local Government,Primary,Primary Health Center,7.681958333,3.183375
FAC0300,30/26/1/1/1/0014,Seminbio Primary Health Center,Ona Ara,Idi Ose,Public,Local Government,Primary,Primary Health Center,7.338435,3.978356667
FAC0301,30/27/1/1/1/0028,Olorunda Maternity Centre,Ori Ire,Olorunda 13,Public,Local Government,Primary,Primary Health Center,8.348835,4.242591667
FAC0302,30/15/1/1/1/0012,Sise Orowo Primary Health Center,Irepo,Atipa,Public,Unknown,Primary,Health Post,9.145661667,3.94371
FAC0303,30/07/1/1/1/0019,Odo Osun Health Post,Ibadan North East,Odo Osun,Public,Local Government,Primary,Health Post,7.380693333,3.901753333
FAC0304,30/17/1/1/1/0016,Owode Primary Health Center,Itesiwaju,Owode Ipapo,Public,Local Government,Primary,Primary Health Center,8.230038333,3.56462
FAC0305,30/16/1/1/1/0002,Apenpe Primary Health Clinic,Iseyin,Ekunle 2,Public,Local Government,Primary,Primary Health Center,7.802936667,3.694486667
FAC0306,30/08/1/1/2/0007,Estate Primary Health Care Clinic,Ibadan South West,Challenge / Ring Road,Public,Local Government,Primary,Primary Health Clinic,7.3662917,3.8558117
FAC0307,30/15/1/1/1/0015,Welewele Primary Health Center,Irepo,Atipa,Public,Unknown,Primary,Health Post,9.116155,3.910596667
FAC0308,30/03/1/1/1/0074,Ajiroba Agbaakin Health Center,Atiba,Agunpopo 2,Public,Local Government,Primary,Health Post,8.032113333,3.966675
FAC0309,30/26/1/1/1/0009,Ajia Primary Health Center,Ona Ara,Ajia,Public,Local Government,Primary,Primary Health Clinic,7.341021667,4.030611667
FAC0310,30/14/1/1/1/0006,Apete Health Center,Ido,Apete/Ologuneru,Public,Local Government,Primary,Primary Health Center,7.45017,3.870481667
FAC0311,30/02/1/1/1/0002,Ajibode Primary Health Center,Akinyele,Ojoo,Public,Local Government,Primary,Primary Health Center,7.5701967,3.8850233
FAC0312,30/27/1/1/1/0004,Ahoro Dada Primary Health Center,Ori Ire,Ahoro Dada,Public,Local Government,Primary,Primary Health Center,8.155415,4.0056167
FAC0313,30/26/1/1/1/0025,Gbedun Primary Health Center,Ona Ara,Gbedun,Public,Local Government,Primary,Primary Health Clinic,7.22632,4.025841667
FAC0314,30/08/1/2/1/0003,Government College Primary Health Care Clinic,Ibadan South West,Apata / Odo Ona,Public,Local Government,Primary,Primary Health Center,7.378573333,3.831435
FAC0315,30/22/1/1/1/0003,Agric Farm Settlement Health Post,Ogbomosho South,Oke-Ola,Public,Local Government,Primary,Health Post,8.095901667,4.199346667
FAC0316,30/03/1/1/1/0037,Onire Bara Health Center,Atiba,Agunpopo 2,Public,Local Government,Primary,Primary Health Clinic,7.981235,4.030388333
FAC0317,30/02/1/1/1/0011,Elepo Primary Health Center,Akinyele,Ikereku,Public,Local Government,Primary,Primary Health Center,7.647775,4.02135
FAC0318,30/01/1/1/1/0003,Akinmorin Europian Economic Clinic,Afijio,Akinmonrin/Jobele,Public,Local Government,Primary,Primary Health Center,7.784256667,3.939593333
FAC0319,30/28/1/1/1/0003,Igbope Primary Health Center,Orelope,Igbope 2,Public,Local Government,Primary,Primary Health Center,8.835515,3.7825117
FAC0320,30/28/1/1/1/0005,Modeke Primary Health Center,Orelope,Modeke,Public,Local Government,Primary,Primary Health Center,8.8263583,3.7487017
FAC0321,30/29/1/1/1/0008,Idi Iya Primary Health Center,Oyo East,Olu-Ajo,Public,Local Government,Primary,Primary Health Clinic,7.891758333,4.056236667
FAC0322,30/01/1/1/1/0011,Ilora Primary Health Center,Afijio,Ilora 2,Public,Local Government,Primary,Primary Health Center,7.801215,3.903968333
FAC0323,30/05/1/1/1/0015,Pagun Primary Health Center,Egbeda,Olodo,Public,Local Government,Primary,Primary Health Center,7.458093333,4.022825
FAC0324,30/11/1/1/1/0008,Isale Oba Primary Health Center,Ibarapa Central,Isale Oba,Public,Local Government,Primary,Primary Health Center,7.437375,3.273975
FAC0325,30/26/1/1/2/0008,Palupo Primary Health Care Center,Ona Ara,Idi Ose,Public,Local Government,Primary,Primary Health Center,7.335623333,3.956495
FAC0326,30/31/1/1/1/0013,Lukutu Primary Health Center,Saki East,Oke Agoro,Public,Local Government,Primary,Primary Health Center,8.51384,3.6633117
FAC0327,30/33/1/1/1/0028,Okin Health Post,Surulere,Mayin,Public,Local Government,Primary,Primary Health Clinic,8.047063333,4.285915
FAC0328,30/09/1/1/1/0012,Nigeria Railways Clinic,Ibadan North West,Afonta,Public,Federal Government,Secondary,Unknown,7.388291667,3.873925
FAC0329,30/30/1/1/1/0010,Ladigbolu Health Center,Oyo West,Owode/Ladigbolu,Public,Local Government,Primary,Primary Health Clinic,7.820186667,3.916385
FAC0330,30/17/1/1/2/0002,Ipapo Comprehensive Health Center,Itesiwaju,Ipapo,Public,Local Government,Primary,Primary Health Center,8.1394,3.50561
FAC0331,30/22/1/1/1/0010,Arowomole Model Primary Health Center,Ogbomosho South,Arowomole,Public,Local Government,Primary,Primary Health Center,8.111251667,4.233415
FAC0332,30/27/1/1/1/0025,Obamo Primary Health Center,Ori Ire,Oloka,Public,Local Government,Primary,Primary Health Center,8.285981667,4.118146667
FAC0333,30/25/1/1/1/0035,Ope Agbe Health Center,Oluyole,Olomi,Public,Local Government,Primary,Primary Health Center,7.336618333,3.925361667
FAC0334,30/27/1/1/1/0013,Eleruwa Primary Health Clinic,Ori Ire,Tewure,Public,Local Government,Primary,Primary Health Clinic,8.2907817,4.1855583
FAC0335,30/24/1/1/1/0009,Moti Primary Health Center,Olorunsogo,Waaro/Apata Alaje,Public,Local Government,Primary,Primary Health Center,8.643363333,4.054186667
FAC0336,30/32/1/1/1/0029,Okerete Modern Primary Health Center,Saki West,Eko-Kan,Public,Local Government,Primary,Primary Health Center,8.562346667,2.763028333
FAC0337,30/02/1/1/1/0007,Apapa Odan Primary Health Center,Akinyele,Iwokoto,Public,Local Government,Primary,Primary Health Clinic,7.620028333,3.936471667
FAC0338,30/25/1/1/1/0010,Agric General Primary Health Centre,Oluyole,Muslim,Public,Local Government,Primary,Primary Health Center,7.327866667,3.922931667
FAC0339,30/15/1/1/1/0013,Sooro Algon Primary Health Center,Irepo,Laha / Ajana,Public,Local Government,Primary,Primary Health Center,8.97849,3.949786667
FAC0340,30/12/1/1/1/0017,Okolo Health Center,Ibarapa East,Okolo,Public,Unknown,Primary,Primary Health Center,7.527406667,3.517173333
FAC0341,30/17/1/1/1/0018,Temidire Health Center,Itesiwaju,Owode Ipapo,Public,Local Government,Primary,Primary Health Center,8.300628333,3.55574
FAC0342,30/24/1/1/1/0018,Tesi Garuba Primary Health Center,Olorunsogo,Opa Ogundiran,Public,Local Government,Primary,Primary Health Center,8.864996667,4.040326667
FAC0343,30/14/1/2/2/0049,Zenith Apata Hospital,Ido,Omi Adio,Private,For Profit,Secondary,Primary Health Center,7.381958333,3.841663333
FAC0344,30/27/1/1/1/0009,Biiro Health Post,Ori Ire,Ahoro Dada,Public,Local Government,Primary,Primary Health Center,8.1337817,4.03405
FAC0345,30/02/1/1/2/0017,Moniya Tuberculosis and Leprosy Control Clinic,Akinyele,Moniya,Public,Local Government,Primary,Health Post,7.532698333,3.910086667
FAC0346,30/13/1/2/1/0001,Ayete General Hospital,Ibarapa North,Ayete 1,Public,State Government,Secondary,General Hospital,7.5337183,3.21967
FAC0347,30/18/1/1/1/0023,Olokunola Primary Health Center,Iwajowa,Elekokan,Public,Local Government,Primary,Primary Health Center,7.860575,3.227656667
FAC0348,30/16/1/1/1/0011,Ladogan Primary Health Care Center,Iseyin,Ladogan,Public,Local Government,Primary,Primary Health Center,7.967905,3.592026667
FAC0349,30/12/1/1/1/0041,Lanlate College Of Education Clinic,Ibarapa East,Maya,Public,State Government,Primary,Primary Health Clinic,7.601376667,3.453901667
FAC0350,30/23/1/1/1/0018,Obanisunwa Primary Health Center,Ogo Oluwa,Osupa,Public,Local Government,Primary,Primary Health Center,7.971266667,4.152376667
FAC0351,30/29/1/1/2/0001,Ago Amodu Primary Health Care Clinic,Saki East,Isale Adu,Public,Local Government,Primary,Primary Health Clinic,8.6211767,3.6102133
FAC0352,30/20/1/1/1/0026,Olowode Primary Health Clinic,Lagelu,Oyedeji 1,Public,Local Government,Primary,Primary Health Clinic,7.600138333,4.073808333
FAC0353,30/29/1/1/1/0020,Oyo State Hospital,Oyo East,Araro,Public,State Government,Primary,Primary Health Center,7.83132,3.927298333
FAC0354,30/20/1/1/1/0027,Ore Primary Health Center,Lagelu,Ore 1,Public,Local Government,Primary,Primary Health Center,7.531461667,4.088273333
FAC0355,30/25/1/1/1/0011,Ajofebo Primary Health Center,Oluyole,Ayegun,Public,Unknown,Primary,Primary Health Center,7.319046667,3.903335
FAC0356,30/01/1/1/1/0008,Idi Igba Primary Health Center,Afijio,Ilora 2,Public,Local Government,Primary,Primary Health Center,7.80426,3.91524
FAC0357,30/16/1/1/1/0007,Ilado Primary Health Care Center,Iseyin,Koso 2,Public,Local Government,Primary,Primary Health Center,7.95934,3.587806667
FAC0358,30/15/1/1/1/0014,Tege Owode Primary Health Center,Irepo,Iba 5,Public,Local Government,Primary,Primary Health Center,9.0886067,3.843855
FAC0359,30/08/1/1/1/0021,Molete Primary Health Care Center,Ibadan South West,Molete,Public,Local Government,Primary,Primary Health Center,7.3603133,3.8896533
FAC0360,30/05/1/1/1/0012,Kute Primary Health Center,Egbeda,Olodo,Public,Local Government,Primary,Primary Health Center,7.4447602,3.979674
FAC0361,30/21/1/1/1/0019,Adun In Primary Health Center,Ogbomosho North,Masifa,Public,Local Government,Primary,Primary Health Center,8.1339133,4.2705883
FAC0362,30/22/1/1/1/0006,Akata Primary Health Center,Ogbomosho South,Akata,Public,Local Government,Primary,Health Post,8.1250017,4.235545
FAC0363,30/24/1/1/1/0005,Asunmode Primary Health Center,Olorunsogo,Agoro 11,Public,Local Government,Primary,Primary Health Center,8.7513133,4.133055
FAC0364,30/23/1/1/1/0001,Ajaawa Model Primary Health Center,Ogo Oluwa,Ajaawa,Public,Local Government,Primary,Primary Health Center,7.927871667,4.13613
FAC0365,30/01/1/1/1/0017,Obananko Primary Health Center,Afijio,Imini,Public,Local Government,Primary,Primary Health Clinic,7.8253033,3.8457317
FAC0366,30/20/1/1/1/0021,Monatan Primary Health Center,Lagelu,Monatan,Public,Local Government,Primary,Primary Health Center,7.414021667,3.950881667
FAC0367,30/27/1/1/1/0017,Ikoyi Ile General Hospital,Ori Ire,Ikoyi-Ile,Public,State Government,Secondary,General Hospital,8.244095,4.166055
FAC0368,30/33/1/2/1/0001,Iresadu General Hospital,Surulere,Iresa-Adu,Public,State Government,Secondary,General Hospital,8.07827,4.402196667
FAC0369,30/32/1/1/1/0033,Al Safura Medical Diagnosis and Maternity,Saki West,Iya,Private,For Profit,Secondary,Primary Health Clinic,8.742791667,3.15003
FAC0370,30/20/1/2/1/0001,Lagun General Hospital,Lagelu,Ore 2,Public,State Government,Secondary,General Hospital,7.53748,4.08695
FAC0371,30/10/1/1/2/0015,Jericho Nursing Home,Ibadan North West,Afonta,Public,State Government,Secondary,Primary Health Center,7.39959,3.8696
FAC0372,30/20/1/2/2/0005,Kutayi General Hospital,Lagelu,Oyedeji 3,Public,State Government,Secondary,General Hospital,7.5678383,4.0496733
FAC0373,30/28/1/2/1/0001,Igboho General Hospital,Orelope,Ago-Igi-Isubu,Public,State Government,Secondary,General Hospital,8.843126667,3.750855
FAC0374,30/04/1/1/2/0002,Al Nusra Maternity Clinic,Atisbo,Ago Are 1,Private,For Profit,Secondary,Primary Health Center,8.511535,3.417755
FAC0375,30/32/1/1/1/0036,As Salam Standard Maternity Clinic,Saki West,Isale Efin,Private,For Profit,Secondary,Primary Health Clinic,8.6698868,3.3948166
FAC0376,30/02/1/1/1/0029,Faith Maternity Clinic,Akinyele,Ojoo,Private,For Profit,Secondary,Primary Health Clinic,7.476376667,3.920048333
FAC0377,30/08/1/2/1/0004,Ibadan Anglican Diocese Hospital,Ibadan South West,Molete,Private,For Profit,Secondary,Primary Health Center,7.356123333,3.886348333
FAC0378,30/02/1/1/2/0003,As Salam Hospital,Akinyele,Ojoo,Private,For Profit,Secondary,Primary Health Clinic,7.486241667,3.914433333
FAC0379,30/30/1/2/2/0002,Peamak Oyo Hospital,Oyo West,Owode/Ladigbolu,Private,For Profit,Secondary,Primary Health Center,7.829616667,3.920365
FAC0380,30/22/1/1/1/0025,Oreoluwa Maternity and Child Welfare Clinic,Ogbomosho South,Ilogbo,Private,For Profit,Primary,Primary Health Clinic,8.12252,4.2397
FAC0381,30/26/1/2/2/0043,Ona Ara Hospital,Ona Ara,Olunloyo,Private,For Profit,Secondary,Primary Health Center,7.351938333,3.94442
FAC0382,30/32/1/2/2/0004,Honest Maternity and Clinic,Saki West,Iya,Private,For Profit,Secondary,Primary Health Clinic,8.6785538,3.389211
FAC0383,30/32/1/1/1/0009,Arafat Primary Health Care Center,Saki West,Sango,Public,Local Government,Primary,Primary Health Center,8.69079,3.41947
FAC0384,30/13/1/1/2/0004,Kajola Primary Health Care Center,Ibarapa North,Ofiki 1,Public,Local Government,Primary,Primary Health Center,7.58229,3.11989
FAC0385,30/20/1/1/2/0001,Beatrice Medical Center,Lagelu,Monatan,Private,For Profit,Secondary,Primary Health Clinic,7.425566667,3.946443333
FAC0386,30/32/1/2/2/0045,Golden Clinic and Maternity Centre,Saki West,Iya,Private,For Profit,Secondary,Primary Health Clinic,8.683851667,3.392865
FAC0387,30/11/1/2/2/0003,Mark Mercy Igboora Hospital,Ibarapa Central,Igbole,Private,For Profit,Secondary,Primary Health Center,7.424928333,3.308865
FAC0388,30/21/1/2/2/0019,Temple Medical Center,Ogbomosho North,Saabo / Taara,Private,For Profit,Secondary,Primary Health Clinic,8.148295,4.2473883
FAC0389,30/02/1/1/2/0007,Cureland Hospital,Akinyele,Moniya,Private,For Profit,Secondary,Primary Health Clinic,7.521788333,3.917388333
FAC0390,30/20/1/1/2/0005,Calvary Love Medical Center,Lagelu,Monatan,Private,For Profit,Secondary,Primary Health Clinic,7.4061026,3.9537596
FAC0391,30/02/1/2/2/0077,Nearest Maternity and Child Welfare Clinic,Akinyele,Ojoo,Private,For Profit,Secondary,Primary Health Clinic,7.500025,3.940636667
FAC0392,30/05/1/1/1/0016,Tolani Hospital,Egbeda,Alakia,Private,For Profit,Secondary,Primary Health Clinic,7.4039291,3.9777543
FAC0393,30/07/1/1/2/0005,Foremost Base Hospital,Ibadan North,Oke Itunu,Private,For Profit,Secondary,Primary Health Center,7.417125,3.894041667
FAC0394,30/06/1/1/1/0015,Redeemer'S Health Clinic,Ibadan North,Bodija,Private,For Profit,Secondary,Primary Health Center,7.417093333,3.90254
FAC0395,30/05/1/2/1/0002,St Bithians Hospital,Egbeda,Wakajaiye,Private,For Profit,Secondary,Primary Health Center,7.4209943,3.9749669
FAC0396,30/14/1/2/2/0045,Mary'S Appy Medical Center,Ido,Apete/Ologuneru,Private,For Profit,Secondary,Primary Health Clinic,7.457435,3.849725
FAC0397,30/07/1/1/1/0025,T Z Hospital,Ibadan North East,Basorun,Private,For Profit,Secondary,Primary Health Center,7.403043333,3.927435
FAC0398,30/14/1/2/2/0001,Baptist Cottage Hospital,Ido,Omi Adio,Private,For Profit,Secondary,Unknown,7.3918717,3.7541733
FAC0399,30/07/1/2/2/0008,Oniwumi Medical Center,Ibadan North East,Basorun,Private,For Profit,Secondary,Primary Health Clinic,7.401123333,3.940095
FAC0400,30/14/1/2/2/0036,Shiloh Hospital and Maternity,Ido,Ogundele Alaho/Siba,Private,Not For Profit,Secondary,Primary Health Clinic,7.35374,3.827386667
FAC0401,30/26/1/1/1/0026,Balm Of Grace Clinic and Maternity,Ona Ara,Idi Osan,Private,For Profit,Primary,Primary Health Center,7.3739567,3.9517783
FAC0402,30/32/1/1/1/0003,Abeje Maternity and Child Welfare Clinic,Saki West,Sango,Private,For Profit,Secondary,Primary Health Clinic,8.67103,3.4019283
FAC0403,30/06/1/1/2/0009,Jubilee Hospital,Ibadan North,Sango,Private,For Profit,Secondary,Primary Health Center,7.429715,3.898493333
FAC0404,30/14/1/1/1/0025,Lafia Hospital,Ido,Ogundele Alaho/Siba,Private,For Profit,Secondary,Primary Health Center,7.389293333,3.818275
FAC0405,30/07/1/3/2/0001,Oluyoro Catholic Hospital,Ibadan North East,Oke Adu,Private,For Profit,Secondary,Primary Health Center,7.388613333,3.919976667
FAC0406,30/08/1/2/2/0024,Kejide Limited Hospital,Ibadan South West,Challenge / Ring Road,Private,For Profit,Secondary,Primary Health Center,7.348101667,3.878235
FAC0407,30/23/1/1/2/0004,Ayoola Mount Zion Maternity and Child Welfare Clinic,Ogo Oluwa,Odo Oba,Private,For Profit,Secondary,Primary Health Clinic,8.04698,4.150153333
FAC0408,30/23/1/2/2/0001,Mayowa Hospital,Ogo Oluwa,Odo Oba,Private,For Profit,Primary,Primary Health Clinic,8.04496,4.151106667
FAC0409,30/13/1/1/2/0003,Ileri Maternity and Child Welfare Clinic,Ibarapa North,Ayete 1,Private,For Profit,Secondary,Primary Health Clinic,7.5272683,3.2177133
FAC0410,30/07/1/2/2/0003,Ibadan Central Hospital,Ibadan North East,Basorun,Private,For Profit,Secondary,Primary Health Center,7.395483333,3.92848
FAC0411,30/19/1/1/2/0033,Olanrewaju Memorial Maternity Clinic,Kajola,Gbelekale,Private,For Profit,Primary,Primary Health Center,8.077863333,3.352395
FAC0412,30/32/1/1/2/0006,Aderonmu Clinic and Maternity,Saki West,Iya,Private,For Profit,Secondary,Primary Health Clinic,8.69652799531,3.39637118954
FAC0413,30/31/1/1/1/0016,Omoluabi Clinic,Saki West,Sango,Public,Unknown,Primary,Primary Health Clinic,8.6741081,3.3973141
FAC0414,30/32/1/1/1/0026,Labake Clinic and Maternity,Saki West,Sango,Private,For Profit,Secondary,Primary Health Clinic,8.6825239,3.4173834
FAC0415,30/06/1/2/2/0009,J Rapha Maternity and  Hospital,Ibadan North,Bodija,Private,Unknown,Secondary,Primary Health Center,7.422278333,3.914488333
FAC0416,30/26/1/1/1/0037,Anu Oluwa Maternity,Ona Ara,Olunloyo,Private,For Profit,Primary,Primary Health Clinic,7.36296,3.943203333
FAC0417,30/26/1/1/2/0003,Ajoke Medical Center,Ogbomosho North,Masifa,Private,For Profit,Secondary,Primary Health Clinic,8.14687,4.2606
FAC0418,30/06/1/2/2/0004,Ayofunmi Hospital and Maternity,Ibadan North,Sango,Private,Unknown,Secondary,Primary Health Clinic,7.426651667,3.89491
FAC0419,30/26/1/1/1/0018,Blessing Clinic and Maternity,Ona Ara,Olunloyo,Private,For Profit,Primary,Primary Health Center,7.3449596,3.9550109
FAC0420,30/20/1/1/2/0002,Beulah Land Hospital,Lagelu,Olorunda 1,Private,For Profit,Secondary,Primary Health Center,7.4460805,3.9510787
FAC0421,30/25/1/1/2/0009,Ebimacc Hospital,Oluyole,Orita,Private,For Profit,Primary,Primary Health Center,7.335253333,3.846558333
FAC0422,30/25/1/1/2/0014,Victory Land Maternity Home,Oluyole,Orita,Private,For Profit,Primary,Primary Health Clinic,7.33333,3.844211667
FAC0423,30/26/1/1/2/0054,Divine Grace Maternity,Ona Ara,Badeku 3,Private,For Profit,Primary,Primary Health Clinic,7.35236,4.072131667
FAC0424,30/11/1/1/1/0001,Molete Medical Center,Ibadan South West,Molete,Private,For Profit,Secondary,Primary Health Clinic,7.36085,3.8905517
FAC0425,30/33/1/1/2/0007,Funso Maternity and Child Welfare Clinic,Surulere,Gambari/Igbon,Private,For Profit,Secondary,Primary Health Clinic,8.26537,4.3149483
FAC0426,30/14/1/2/2/0040,Zenith Elebu Hospital,Ido,Ogundele Alaho/Siba,Private,For Profit,Secondary,Primary Health Center,7.3908667,3.8145483
FAC0427,30/16/1/1/1/0017,Ore Ofe Jesu Maternity Home and  Clinic,Iseyin,Ekunle 1,Private,For Profit,Secondary,Primary Health Clinic,7.834971667,3.433558333
FAC0428,30/04/1/1/2/0001,Adeola Memorial Clinic,Atisbo,Oyada,Private,For Profit,Secondary,Primary Health Center,8.546385,3.453243333
FAC0429,30/32/1/1/2/0007,Ajoke Clinic and Maternity,Saki West,Oke Oro,Private,For Profit,Secondary,Primary Health Clinic,8.6663183,3.3925267
FAC0430,30/21/1/1/1/0019,Oyenihun Memorial Clinic and Maternity Home,Ogbomosho North,Saabo / Taara,Private,For Profit,Secondary,Primary Health Clinic,8.15176,4.2469583
FAC0431,30/20/1/1/1/0016,Idera Maternity Centre,Lagelu,Ejioku,Private,For Profit,Primary,Primary Health Clinic,7.477445,4.073596667
FAC0432,30/08/1/2/2/0005,Oke Ado Hospital,Ibadan South West,Oke Ado / Liberty,Private,For Profit,Secondary,Primary Health Center,7.378176667,3.879813333
FAC0433,30/08/1/2/2/0008,The Vine Hospital and Maternity Center,Ibadan South West,Challenge / Ring Road,Private,For Profit,Secondary,Primary Health Clinic,7.364246667,3.850346667
FAC0434,30/27/1/2/2/0003,Orisun Iye Maternity and Child Welfare Clinic,Ori Ire,Ikoyi-Ile,Private,For Profit,Secondary,Primary Health Clinic,8.2018167,4.1965917
FAC0435,30/14/1/2/2/0008,Golden Twins Clinic and Maternity,Ido,Omi Adio,Private,For Profit,Secondary,Primary Health Clinic,7.374176667,3.803365
FAC0436,30/02/1/1/2/0021,Oluwasogo Hospital,Akinyele,Moniya,Private,For Profit,Primary,Primary Health Clinic,7.496786667,3.917728333
FAC0437,30/06/1/1/2/0006,Comfort Medical Center,Ibadan North,Agodi,Private,For Profit,Secondary,Primary Health Center,7.3975,3.911561667
FAC0438,30/06/1/1/1/0018,Group Medical Hospital,Ibadan North,Ago Tapa,Private,For Profit,Secondary,Primary Health Center,7.40098,3.89178
FAC0439,30/13/1/2/2/0032,Funmilayo Clinic,Ibarapa North,Tapa 1,Private,For Profit,Secondary,Primary Health Clinic,7.57244,3.22238
FAC0440,30/07/1/2/2/0001,Alawaye Hospital,Ibadan North East,Basorun,Private,For Profit,Secondary,Primary Health Center,7.404551667,3.939388333
FAC0441,30/32/1/1/2/0014,Olayemi Clinic and Maternity,Saki West,Sango,Private,For Profit,Secondary,Primary Health Clinic,8.6795775,3.3993707
FAC0442,30/04/1/1/1/0020,Dr Andrew Pearson Memorial Igboora Medical Center,Ibarapa Central,Sekere,Private,For Profit,Primary,Primary Health Center,7.4281483,3.289565
FAC0443,30/21/1/2/2/0011,Olatorera Clinic and Maternity Centre,Ogbomosho North,Osupa,Private,For Profit,Secondary,Primary Health Clinic,8.146423333,4.231538333
FAC0444,30/05/1/2/2/0022,God'S Favour Hospital Specialist,Egbeda,Monatan,Private,For Profit,Secondary,Primary Health Clinic,7.413998333,3.962755
FAC0445,30/06/1/2/2/0008,Inland Hospital,Ibadan North,Yemetu,Private,Unknown,Secondary,Primary Health Clinic,7.385413333,3.89951
FAC0446,30/01/1/2/2/0006,Shepherd Clinic and Maternity,Afijio,Awe 1,Private,For Profit,Secondary,Primary Health Clinic,7.82659,3.963075
FAC0447,30/29/1/1/1/0016,Oke Apo Maternity Centre,Oyo East,Oke Apo,Public,Local Government,Primary,Health Post,7.838281667,3.935813333
FAC0448,30/16/1/1/1/0017,Anu Oluwapo Maternity Home,Iseyin,Ladogan,Public,Local Government,Primary,Primary Health Center,7.97279,3.5891233
FAC0449,30/16/1/2/2/0005,Gbemi Well Maternity Home,Iseyin,Koso 2,Private,For Profit,Secondary,Primary Health Clinic,7.966481667,3.581745
FAC0450,30/02/1/1/2/0006,Comfort Zone Clinic,Akinyele,Moniya,Private,For Profit,Secondary,Primary Health Clinic,7.514223333,3.910166667
FAC0451,30/22/1/2/2/0007,Ona Abayo Medical Center,Ogbomosho South,Alapata,Private,For Profit,Secondary,Primary Health Clinic,8.1253833,4.2352517
FAC0452,30/03/1/2/2/0028,Oyeladun Memorial Clinic and Maternity,Atiba,Asipa 1,Private,For Profit,Secondary,Primary Health Clinic,7.863766667,3.919921667
FAC0453,30/22/1/1/1/0019,Great Liberty Medical Center,Ogbomosho South,Ibapon,Private,For Profit,Secondary,Primary Health Center,8.117648333,4.203286667
FAC0454,30/01/1/2/1/0001,Fiditi General Hospital,Afijio,Fiditi 1,Public,Local Government,Secondary,Primary Health Clinic,7.722765,3.91597
FAC0455,30/03/1/1/2/0047,Okin Clinic and Maternity,Atiba,Asipa 2,Private,For Profit,Primary,Primary Health Clinic,7.879956667,3.933785
FAC0456,30/22/1/1/2/0005,Ayo Oluwa Clinic and Maternity,Ogbomosho South,Alapata,Private,For Profit,Primary,Primary Health Clinic,8.1199367,4.2315633
FAC0457,30/22/1/1/2/0027,Titilayo Clinic,Ogbomosho South,Alapata,Private,For Profit,Primary,Primary Health Clinic,8.1210667,4.2293017
FAC0458,30/22/1/1/2/0021,Oluwadara Clinic,Ogbomosho South,Ibapon,Private,For Profit,Primary,Primary Health Clinic,8.12393,4.22366
FAC0459,30/11/1/1/1/0005,Idere Model Primary Health Center,Ibarapa Central,Oke Oba,Public,Local Government,Primary,Primary Health Center,7.48665,3.25699
FAC0460,30/26/1/2/2/0001,Peju Welfare & Maternity Clinic,Ona Ara,Olunloyo,Private,For Profit,Secondary,Primary Health Clinic,7.364968333,3.947616667
FAC0461,30/21/1/2/2/0031,St Valery Hospital,Ogbomosho North,Masifa,Private,For Profit,Secondary,Primary Health Center,8.135015,4.260726667
FAC0462,30/11/1/2/2/0004,Olugbon Model Clinic,Ibarapa Central,Oke Serin,Private,For Profit,Secondary,Primary Health Clinic,7.453805,3.276066667
FAC0463,30/21/1/1/2/0005,Faith Medical Center,Ogbomosho North,Osupa,Private,For Profit,Secondary,Primary Health Clinic,8.138855,4.23421
FAC0464,30/05/1/2/2/0010,St Dominic Hospital,Egbeda,Egbeda,Private,For Profit,Secondary,Unknown,7.39208,4.01048
FAC0465,30/20/1/1/2/0009,Hallel Hospital Specialist,Lagelu,Olorunda 1,Private,For Profit,Secondary,General Hospital,7.4587075,3.9547395
FAC0466,30/25/1/1/1/0008,Adewole Idirok Primary Health Clinic,Oluyole,Orita,Public,Local Government,Primary,Primary Health Clinic,7.32228,3.78562
FAC0467,30/22/1/1/1/0046,Lagbedu Primary Health Center,Ogbomosho South,Lagbedu,Public,Local Government,Primary,Primary Health Center,8.121171667,4.24667
FAC0468,30/02/1/1/1/0029,2Nd Mechanized Division Medical Hospital,Akinyele,Ojoo,Public,Military & Paramilitary formations,Secondary,General Hospital,7.4707,3.92574
FAC0469,30/02/1/1/1/0029,Kajorepo Primary Health Center,Akinyele,Ojoo,Public,Local Government,Primary,Health Post,7.452686667,3.922255
FAC0470,30/06/1/1/1/0018,Ago Tapa Primary Health Center,Ibadan North,Ago Tapa,Public,Local Government,Primary,Primary Health Center,7.40246,3.892293333
FAC0471,30/06/1/1/2/0014,Oke Itunu Primary Health Center,Ibadan North,Oke Itunu,Public,Local Government,Primary,Primary Health Clinic,7.41621,3.890746667
FAC0472,30/07/1/1/1/0023,Omowumi Primary Health Center,Ibadan North East,Aperin,Public,Local Government,Primary,Primary Health Center,7.365803333,3.925046667
FAC0473,30/07/1/1/1/0028,Atipe Primary Health Center,Ibadan North East,Atipe,Public,Local Government,Primary,Primary Health Center,7.38591,3.90947
FAC0474,30/10/1/1/2/0004,Ifesowapo Abayomi Primary Health Center,Ibadan North East,Basorun,Public,Local Government,Primary,Primary Health Clinic,7.409218333,3.940446667
FAC0475,30/10/1/1/1/0008,Eleyele Primary Health Center,Ibadan North West,Eleyele,Public,Local Government,Primary,Primary Health Center,7.416948333,3.868325
FAC0476,30/16/1/1/1/0004,Elegede Fsp Primary Health Care Center,Iseyin,Ekunle 1,Public,Local Government,Primary,Primary Health Clinic,7.9670655,3.6020752
FAC0477,30/16/1/1/1/0006,Ifelajulo Primary Health Care Center,Iseyin,Koso 1,Public,Local Government,Primary,Primary Health Center,7.97017,3.56235
FAC0478,30/19/1/1/1/0007,Ijo Tuberculosis and Leprosy Clinic,Kajola,Ijo,Public,Local Government,Primary,Primary Health Clinic,8.035888333,3.343401667
FAC0479,30/19/1/1/1/0035,Imoba Oke Ogun Health Post,Kajola,Imoba / Oke Ogun,Public,Local Government,Primary,Health Post,8.029786667,3.346533333
FAC0480,30/20/1/1/1/0005,Air Force Comprehensive School Hospital,Lagelu,Ejioku,Public,Military & Paramilitary formations,Secondary,Unknown,7.497708444,4.074004507
FAC0481,30/20/1/1/1/0032,Molunkan Primary Health Clinic,Lagelu,Lalupon 2,Public,Local Government,Primary,Primary Health Clinic,7.481057709,4.052218432
FAC0482,30/21/1/1/1/0020,Oja Tuntun Primary Health Care Center,Ogbomosho North,Saabo / Taara,Public,Local Government,Primary,Primary Health Center,8.144656667,4.24337
FAC0483,30/23/1/1/1/0009,Elega Primary Health Center,Ogo Oluwa,Otamokun,Public,Local Government,Primary,Primary Health Center,7.939455,4.201391667
FAC0484,30/25/1/1/1/0037,Pegba Primary Health Clinic,Oluyole,Egbeda Tuba,Public,Local Government,Primary,Primary Health Clinic,7.342376667,3.940268333
FAC0485,30/25/1/1/1/0043,Aba Ode Primary Health Clinic,Oluyole,Idi Ayunre,Public,Local Government,Primary,Primary Health Center,7.292323333,3.88857
FAC0486,30/29/1/1/1/0001,Agboye Primary Health Center,Oyo East,Agboye,Public,Local Government,Primary,Primary Health Center,7.843826667,3.940666667
FAC0487,30/29/1/1/1/0026,Ori Awo Maternity Centre,Oyo East,Apinni,Public,Local Government,Primary,Primary Health Center,7.846015,3.960615
FAC0488,30/30/1/1/1/0012,Lakonu Health Post,Oyo West,Fasola/Soku,Public,Local Government,Primary,Health Post,7.8583836,3.8554098
FAC0489,30/31/1/1/1/0003,Oke Odo Primary Health Center,Saki West,Otun/Isia,Public,Local Government,Primary,Primary Health Center,8.650071,3.3944895
FAC0490,30/32/1/1/2/0002,Atapa Health Post,Surulere,Iresa-Adu,Public,Local Government,Primary,Health Post,8.069468527,4.420672394
FAC0491,30/06/1/1/2/0008,Hosanna Hospital Specialist,Ibadan North,Agbowo,Private,For Profit,Secondary,General Hospital,7.442143333,3.910393333
FAC0492,30/10/1/1/2/0001,Christus Hospital Specialist,Ibadan North West,Ekotedo,Private,For Profit,Secondary,General Hospital,7.397478333,3.887425
FAC0493,30/10/1/1/1/0029,Alafia Hospital,Ibadan North West,Ekotedo,Private,For Profit,Secondary,Primary Health Center,7.398846667,3.888248333
FAC0494,30/21/1/2/2/0012,Olayonu Medical Center,Ogbomosho North,Masifa,Private,For Profit,Secondary,Primary Health Clinic,8.138555,4.2495717
FAC0495,30/18/1/1/1/0012,Ijio Primary Health Center,Iwajowa,Ayegun,Public,Unknown,Primary,Primary Health Center,7.94328,2.980941667
FAC0496,30/09/1/1/2/0005,Balaro Primary Health Center,Ibadan South East,Owode Imuagun,Public,Local Government,Primary,Primary Health Clinic,7.354675293,3.905700683
FAC0497,30/21/1/3/2/0002,Bowen Teaching Hospital,Ogbomosho North,Osupa,Private,For Profit,Tertiary,Teaching/Tertiary Hospital,8.133117676,4.234313965
FAC0498,30/28/1/1/1/0011,Ya Rahmah Maternity and Child Welfare Clinic,Orelope,Oke Igboho,Private,For Profit,Secondary,Primary Health Clinic,8.848965,3.7492267
FAC0499,30/17/1/1/1/0013,Opoo Okaka Health Center,Itesiwaju,Okaka 2,Public,Local Government,Primary,Primary Health Center,8.30957,3.458236667
FAC0500,30/17/1/1/1/0001,Adegbodu Komu Primary Health Center,Itesiwaju,Komu,Public,Local Government,Primary,Primary Health Center,8.2927117,3.0312
FAC0501,30/09/1/1/1/0020,Oriaje Health Post,Ibadan South East,Molete,Public,Local Government,Primary,Health Post,7.358311667,3.900065
FAC0502,30/28/1/1/2/0003,Foomu Primary Health Center,Orelope,Oke Igboho,Public,Local Government,Primary,Primary Health Center,8.9228044,3.8714388
FAC0503,30/17/1/1/1/0012,Oke Amu Primary Health Center,Itesiwaju,Oke Amu,Public,Local Government,Primary,Primary Health Center,8.1255995,3.5183084
FAC0504,30/06/1/2/2/0010,Mercy Land Clinic and Maternity,Ibadan North,Sango,Private,For Profit,Secondary,Primary Health Center,7.42484,3.878385
FAC0505,30/06/1/1/2/0012,Mak Clinic,Ibadan North,Bodija,Private,For Profit,Secondary,Primary Health Center,7.414878333,3.912255
FAC0506,30/07/1/1/1/0002,Ajobo Health Center,Ibadan North East,Ajobo,Public,Local Government,Primary,Health Post,7.37364,3.907338333
FAC0507,30/10/1/1/1/0029,Passionate Medical Center,Ibadan North West,Nalende,Private,For Profit,Secondary,Primary Health Clinic,7.398763333,3.890545
FAC0508,30/09/1/2/2/0028,Montana Medical Center,Ibadan South East,Challenge,Private,For Profit,Secondary,Primary Health Clinic,7.34607,3.8787283
FAC0509,30/21/1/2/2/0023,Anu Clinic and Maternity Centre,Ogbomosho North,Saja / Isale Ora,Private,For Profit,Secondary,Primary Health Clinic,8.12512,4.287698333
FAC0510,30/21/1/1/2/0014,Oluwaponmile Clinic and Maternity,Ogbomosho North,Saja / Isale Ora,Private,Unknown,Primary,Primary Health Clinic,8.1206133,4.27705
FAC0511,30/09/1/1/2/0004,Adegoke Clinic and Maternity,Ibadan South East,Asanke,Private,For Profit,Secondary,Health Post,7.367338333,3.913968333
FAC0512,30/28/1/1/2/0005,Mercy Of God Clinic and Maternity Centre,Orelope,Ago-Igi-Isubu,Private,For Profit,Secondary,Primary Health Clinic,8.840068333,3.746275
FAC0513,30/08/1/2/1/0002,Continental Medical Center,Ibadan South East,Challenge,Private,For Profit,Secondary,Primary Health Clinic,7.3464517,3.878995
FAC0514,30/07/1/1/1/0018,Ode Aje Primary Health Center,Ibadan North East,Odo Aje,Public,Local Government,Primary,Primary Health Center,7.381896972,3.91607666
FAC0515,30/19/1/1/1/0002,Bode Primary Health Center,Kajola,Iba-Ogan,Public,Local Government,Primary,Primary Health Center,8.039489746,3.348693848
FAC0516,30/25/1/1/2/0005,Adeyeri Primary Health Center,Oluyole,Egbeda Tuba,Public,Local Government,Primary,Primary Health Center,7.32169,3.945768333
FAC0517,30/06/1/1/1/0012,Is Weath Health Clinic,Ibadan North,Agodi,Public,State Government,Primary,Primary Health Clinic,7.406485,3.91222
FAC0518,30/33/1/1/1/0007,Alate Health Clinic,Surulere,Gambari/Igbon,Public,Local Government,Primary,Primary Health Clinic,8.31001,4.379698333
FAC0519,30/12/1/1/1/0012,New Eruwa Health Center,Ibarapa East,New Eruwa,Public,Local Government,Primary,Health Post,7.549041667,3.443928333
FAC0520,30/25/1/1/1/0020,Ifelodun Primary Health Center,Oluyole,Muslim,Public,Local Government,Primary,Primary Health Center,7.352958333,3.928626667
FAC0521,30/29/1/2/2/0004,Muslim Hospital,Oluyole,Muslim,Private,For Profit,Primary,Unknown,7.342618333,3.92897
FAC0522,30/06/1/1/1/0016,Sabo Primary Health Center,Ibadan North,Sabo,Public,Local Government,Primary,Primary Health Clinic,7.40245,3.885653333
FAC0523,30/10/1/1/1/0009,Oniyanrin Primary Health Center,Ibadan North West,Nalende,Public,State Government,Primary,Primary Health Center,7.389626667,3.893023333
FAC0524,30/17/1/1/1/0003,Ifelodun Primary Health Center,Itesiwaju,Owode Ipapo,Public,Local Government,Primary,Primary Health Center,8.1399711,3.5228111
FAC0525,30/10/1/1/1/0010,Ori Eru Primary Health Center,Ibadan North West,Oritamerin,Public,Local Government,Primary,Primary Health Center,7.381256667,3.891383333
FAC0526,30/17/1/1/1/0009,Komu Primary Health Center,Itesiwaju,Komu,Public,Local Government,Primary,Primary Health Center,8.2259934,3.1969515
FAC0527,30/08/1/1/1/0007,Akere Primary Health Care Center,Ibadan South West,Oritamerin,Public,Local Government,Primary,Primary Health Center,7.37643,3.894568333
FAC0528,30/10/1/2/2/0047,Moviv Hospital Specialist,Ibadan North West,Olopomewa,Private,For Profit,Secondary,Primary Health Center,7.42171043772,3.84064588485
FAC0529,30/08/1/2/2/0027,Jolaleke Hospital Specialist,Ibadan South West,Challenge / Ring Road,Private,For Profit,Secondary,General Hospital,7.35040506753,3.86275799024
FAC0530,30/33/1/1/1/0025,Maya Health Clinic,Surulere,Ireesapa,Public,Local Government,Primary,Health Post,8.046875,4.396484375
FAC0531,30/01/1/1/1/0001,Aba Adio Primary Health Center,Afijio,Iware,Public,Local Government,Primary,Primary Health Clinic,7.711486817,3.960693359
FAC0532,30/27/1/1/1/0015,Esinele Oyo Primary Health Center,Ori Ire,Esinele,Public,Local Government,Primary,Primary Health Center,8.243713379,4.01171875
FAC0533,30/32/1/2/2/0044,Ti Oluwani Maternity and Child Welfare Clinic,Saki West,Otun/Isia,Private,For Profit,Secondary,Primary Health Clinic,8.655273437,3.399902344
FAC0534,30/27/1/1/2/0004,Aged and Widow Health Clinic,Ori Ire,Ikoyi-Ile,Public,Local Government,Primary,Primary Health Clinic,8.234680176,4.175109864
FAC0535,30/21/1/1/2/0015,Oluwaseun Clinic,Ogbomosho North,Alasa,Private,For Profit,Secondary,Primary Health Clinic,8.11730957,4.256286621
FAC0536,30/24/1/1/1/0014,Oke Ibukun Primary Health Center,Olorunsogo,Agbeni,Public,Local Government,Primary,Primary Health Center,8.756103516,4.124328613
FAC0537,30/15/1/2/1/0001,Kisi General Hospital,Irepo,Iba 5,Public,State Government,Secondary,General Hospital,9.091308594,3.838317871
FAC0538,30/21/1/1/1/0002,Aje Ikose Primary Health Center,Ogbomosho North,Osupa,Public,Local Government,Primary,Primary Health Center,8.192077636,4.230895996
FAC0539,30/16/1/2/2/0018,Anwar Ul Islam Movement Hospital,Iseyin,Isalu 1,Private,For Profit,Secondary,Primary Health Center,7.985473633,3.585510254
FAC0540,29/29/1/1/1/0009,Okiti Primary Health Center,Orolu,Okiti/Molufon,Public,Local Government,Primary,Primary Health Center,7.950500488,4.492919922
FAC0541,30/33/1/1/2/0006,Florence Hospital,Surulere,Iregba,Private,For Profit,Secondary,Unknown,8.054321289,4.489074707
FAC0542,30/33/1/1/1/0030,Oko Model Primary Health Center,Surulere,Oko,Public,Local Government,Primary,Primary Health Center,7.961730957,4.347473145
FAC0543,30/33/1/1/1/0024,Iwofin Primary Health Center,Surulere,Iwofin,Public,Local Government,Primary,Primary Health Clinic,8.162719727,4.395874023
FAC0544,30/33/1/1/1/0033,Iyelu Health Post,Surulere,Gambari/Igbon,Public,Local Government,Primary,Primary Health Clinic,8.211120605,4.334899902
FAC0545,30/33/1/1/1/0012,Babanifa Health Post,Surulere,Iwofin,Public,Local Government,Primary,Primary Health Clinic,8.180908203,4.438476562
FAC0546,30/33/1/1/1/0031,Poro Health Post,Surulere,Ireesapa,Public,Local Government,Primary,Health Post,8.047485352,4.361877441
FAC0547,29/29/1/1/1/0008,Molufon Health Center,Orolu,Okiti/Molufon,Public,Local Government,Primary,Primary Health Clinic,7.945495606,4.444885254
FAC0548,30/33/1/1/1/0018,Ige Memorial Convalescent and Maternity Home,Surulere,Gambari/Igbon,Private,For Profit,Secondary,Primary Health Center,8.266113282,4.320495606
FAC0549,30/03/1/1/1/0018,Modupe Clinic and Maternity,Atiba,Agunpopo 1,Private,For Profit,Secondary,Primary Health Center,7.867675782,3.946105957
FAC0550,30/25/1/1/1/0015,Ayo Health Clinic,Oluyole,Ayegun,Public,Local Government,Primary,Primary Health Clinic,7.332603333,3.851926667
FAC0551,30/26/1/1/1/0020,Emilagba Hospital,Ona Ara,Olunloyo,Private,For Profit,Secondary,Primary Health Clinic,7.342895508,3.94909668
FAC0552,30/31/1/1/2/0021,Bolatito Ago Amodu Clinic,Saki East,Isale Adu,Private,For Profit,Primary,Health Post,8.620483398,3.605712891
FAC0553,30/11/1/1/1/0004,Akeroro Health Clinic,Ibarapa Central,Sekere,Public,Local Government,Primary,Primary Health Clinic,7.485717773,3.358276367
FAC0554,30/23/1/1/1/0013,Idi Ori Primary Health Center,Ogo Oluwa,Ajaawa,Public,Local Government,Primary,Primary Health Center,7.977905273,4.119506836
FAC0555,30/29/1/1/2/0006,Goodwill Hospital,Oyo East,Araro,Private,For Profit,Secondary,Primary Health Clinic,7.817077637,3.933288574
FAC0556,30/11/1/2/2/0001,Adura Clinic,Ibarapa Central,Igbole,Private,For Profit,Secondary,Primary Health Center,7.426696778,3.295104981
FAC0557,30/11/1/2/2/0002,Anuoluwa Maternity and Child Welfare Clinic,Ibarapa Central,Sekere,Private,For Profit,Secondary,Primary Health Clinic,7.426879883,3.291687012
FAC0558,30/26/1/2/2/0005,Asiyanbi Memorial Maternity Clinic,Ona Ara,Olunloyo,Private,For Profit,Primary,Primary Health Center,7.366516113,3.954528809
FAC0559,30/07/1/1/2/0004,Elyon Hospital Specialist,Ibadan North East,Basorun,Private,For Profit,Secondary,General Hospital,7.403076172,3.93347168
FAC0560,30/02/1/1/2/0002,Akinlolu Health Clinic and Maternity,Akinyele,Moniya,Private,For Profit,Secondary,Primary Health Clinic,7.539916992,3.912292481
FAC0561,30/06/1/1/1/0033,Government House Clinic,Ibadan North,Agodi,Public,State Government,Primary,Primary Health Clinic,7.401672364,3.916687012
FAC0562,30/02/1/1/2/0020,Olusola Clinic and Maternity,Akinyele,Moniya,Private,For Profit,Secondary,Primary Health Clinic,7.538085937,3.912109375
FAC0563,30/25/1/1/1/0006,Abeo Memorial Maternity Home,Oluyole,Muslim,Public,Local Government,Secondary,Primary Health Clinic,7.353088379,3.920898437
FAC0564,30/29/1/2/2/0002,Ayoade Maternity and Clinic,Oyo East,Apinni,Private,For Profit,Secondary,Unknown,7.842285157,3.936096191
FAC0565,30/26/1/1/2/0018,New Life Maternity Clinic,Ona Ara,Olunloyo,Private,For Profit,Primary,Primary Health Clinic,7.376281739,3.945678711
FAC0566,30/02/1/2/2/0005,Orelope Maternity and Child Welfare Clinic,Akinyele,Moniya,Private,For Profit,Secondary,Primary Health Clinic,7.521728516,3.918518067
FAC0567,30/09/1/1/1/0003,Boluwaji Primary Health Center,Ibadan South East,Molete,Public,Local Government,Primary,Primary Health Center,7.343322754,3.905517579
FAC0568,30/30/1/2/2/0032,Adeola Asamu Oyo Clinic and Maternity Centre,Oyo West,Isokun 5,Private,For Profit,Secondary,Primary Health Clinic,7.837707519,3.906677246
FAC0569,30/26/1/2/2/0006,Atinuke Maternity Clinic,Ona Ara,Olunloyo,Private,For Profit,Primary,Primary Health Center,7.365478516,3.952514649
FAC0570,30/20/1/1/1/0022,Odee Memorial Hospital and Maternity,Lagelu,Monatan,Private,For Profit,Secondary,Primary Health Clinic,7.410888672,3.945678711
FAC0571,30/20/1/1/1/0018,Iyana Church Primary Health Center,Lagelu,Monatan,Public,Local Government,Primary,Primary Health Center,7.420471191,3.970275879
FAC0572,30/06/1/2/2/0011,Vine Branch Medical,Ibadan North,Yemetu,Private,For Profit,Secondary,Primary Health Clinic,7.397277832,3.897705078
FAC0573,30/08/1/2/2/0003,Lanark Hospital Specialist,Ibadan South West,Challenge / Ring Road,Private,For Profit,Secondary,General Hospital,7.356689453,3.866882324
FAC0574,30/20/1/1/2/0020,Tosin Maternity and Child Welfare Clinic,Lagelu,Lalupon 1,Private,For Profit,Primary,Primary Health Clinic,7.421691895,3.984130859
FAC0575,30/05/1/2/2/0006,Ogo Oluwa Hospital,Egbeda,Monatan,Private,For Profit,Secondary,Primary Health Clinic,7.401123047,3.950317383
FAC0576,30/20/1/2/2/0002,June Hospital,Lagelu,Monatan,Private,For Profit,Secondary,Primary Health Clinic,7.409484863,3.961120606
FAC0577,30/02/1/1/2/0012,Folayo Clinic and Maternity Centre,Akinyele,Moniya,Private,For Profit,Secondary,Primary Health Clinic,7.526672363,3.920715332
FAC0578,30/01/1/1/2/0006,Leke Clinic,Afijio,Awe 1,Private,For Profit,Secondary,Primary Health Clinic,7.794311523,3.944274903
FAC0579,30/20/1/1/1/0017,Ife Oluwa Clinic,Lagelu,Lalupon 2,Private,For Profit,Primary,Primary Health Clinic,7.407287597,3.948913574
FAC0580,30/18/1/1/1/0022,Ofegun Health Center,Iwajowa,Ofeegun,Public,Local Government,Primary,Primary Health Center,7.87689209,3.149719238
FAC0581,30/32/1/2/2/0010,Omowumi Clinic and Maternity,Saki West,Sango,Private,For Profit,Secondary,Primary Health Clinic,8.686706543,3.399902344
FAC0582,30/32/1/2/2/0009,Oluwatoyin Clinic,Saki West,Ajegunle,Private,Unknown,Secondary,Primary Health Clinic,8.652526856,3.403076172
FAC0583,30/32/1/2/1/0001,Saki Baptist Medical Center,Saki West,Ajegunle,Public,Unknown,Secondary,Primary Health Center,8.801879883,3.174072266
FAC0584,30/32/1/2/2/0007,Olomopupo Maternity Centre,Saki West,Ajegunle,Private,Unknown,Secondary,Primary Health Clinic,8.657714844,3.396484375
FAC0585,30/24/1/1/1/0008,Dogo Leemp Primary Health Center,Olorunsogo,Aboke,Public,Local Government,Primary,Primary Health Center,8.706726074,4.18347168
FAC0586,30/24/1/1/2/0004,D 7 Clinic and Maternity Home,Olorunsogo,Aboke,Private,For Profit,Primary,Primary Health Clinic,8.737487793,4.143676758
FAC0587,30/32/1/1/1/0023,Jehovah Rapha Clinic and Maternity Centre,Saki West,Oke Oro,Private,For Profit,Secondary,Primary Health Clinic,8.664672852,3.397277832
FAC0588,30/32/1/1/2/0010,Ayinke Maternity and Convalescent Home,Saki West,Sango,Private,For Profit,Secondary,Primary Health Clinic,8.685119629,3.40008545
FAC0589,30/16/1/1/2/0002,Ayesebotan Maternity and Child Welfare Clinic,Iseyin,Oke Ola/Oke Oja,Private,For Profit,Secondary,Primary Health Clinic,7.972717285,3.599914551
FAC0590,30/04/1/1/1/0022,Tede Primary Health Center,Atisbo,Obada,Public,Local Government,Primary,Primary Health Center,8.561706543,3.446289062
FAC0591,30/04/1/1/2/0003,Corner Owo Primary Health Center,Atisbo,Baasi,Public,Local Government,Primary,Primary Health Center,8.362304688,3.383300781
FAC0592,30/32/1/2/2/0011,Tunmise and Cildwelfare Maternity,Saki West,Otun/Isia,Private,For Profit,Secondary,Primary Health Clinic,8.641296386,3.399719238
FAC0593,30/21/1/2/2/0008,Jubillee Medical Center,Ogbomosho North,Saabo / Taara,Private,For Profit,Secondary,Unknown,8.149902344,4.245727539
FAC0594,30/32/1/1/2/0004,Hope Maternity Home,Surulere,Gambari/Igbon,Private,For Profit,Secondary,Primary Health Clinic,8.270324707,4.315673828
FAC0595,30/33/1/1/1/0016,Gambari Primary Health Center,Surulere,Gambari/Igbon,Public,Local Government,Primary,Primary Health Center,8.270690918,4.318908692
FAC0596,30/33/1/1/2/0002,Titilope Hospital,Surulere,Gambari/Igbon,Private,For Profit,Secondary,Primary Health Clinic,8.296875,4.344482422
FAC0597,30/27/1/2/2/0002,Ibukun Olu Maternity Clinic,Ori Ire,Tewure,Private,For Profit,Primary,Primary Health Clinic,8.326293945,4.208312988
FAC0598,30/21/1/2/2/0004,Ebunoluwa Clinic and Maternity Home,Ogbomosho North,Saabo / Taara,Private,For Profit,Secondary,Primary Health Clinic,8.144897461,4.250305176
FAC0599,30/32/1/1/1/0014,Ekokan Primary Health Center,Saki West,Eko-Kan,Public,Local Government,Primary,Primary Health Center,8.752502441,3.266723633
FAC0600,30/26/1/1/2/0005,Ojoku Maternity Health Center,Ona Ara,Ajia,Public,Local Government,Primary,Primary Health Clinic,7.333312988,4.053710937
FAC0601,30/08/1/1/2/0002,Jericho Hospital Specialist,Ibadan South West,Aleshinloye,Public,State Government,Secondary,General Hospital,7.396911621,3.870910645
FAC0602,30/14/1/1/1/0001,Aba Panu Health Clinic,Ido,Ogundele Alaho/Siba,Public,Local Government,Primary,Primary Health Clinic,7.360900879,3.81652832
FAC0603,30/16/1/1/1/0017,Awidere Maternity Home,Iseyin,Isalu 2,Private,For Profit,Secondary,Primary Health Clinic,7.971496582,3.591125488
FAC0604,30/16/1/1/1/0017,Agbejemate Hospital and Maternity Center,Iseyin,Isalu 2,Private,For Profit,Secondary,Primary Health Clinic,7.974121094,3.59350586
FAC0605,30/16/1/1/1/0008,Isalu Primary Health Care Center,Iseyin,Isalu 2,Public,Local Government,Primary,Primary Health Clinic,7.982910156,3.595520019
FAC0606,30/07/1/1/1/0025,Bembo Hospital,Ibadan North East,Aperin,Private,For Profit,Secondary,Primary Health Center,7.37512207,3.914489746
FAC0607,30/23/1/1/1/0004,Alaruru Health Clinic,Ogo Oluwa,Opete,Public,Local Government,Primary,Health Post,7.985717773,4.196289062
FAC0608,30/26/1/2/2/0007,Genesis Clinic,Ona Ara,Idi Ose,Private,For Profit,Secondary,Primary Health Center,7.341674805,3.959716797
FAC0609,30/32/1/1/2/0009,Aweni Hospital,Saki West,Sango,Private,For Profit,Secondary,Primary Health Center,8.695495605,3.417480468
FAC0610,30/02/1/2/2/0062,The Issachar Medical Center,Akinyele,Ojoo,Private,For Profit,Secondary,Primary Health Clinic,7.46307373,3.913879395
FAC0611,30/26/1/1/1/0027,Kehinsi Primary Health Center,Ona Ara,Oremeji,Public,Local Government,Primary,Primary Health Center,7.371887207,3.947875977
FAC0612,30/04/1/1/1/0010,Alajuba Primary Health Center,Atisbo,Owotoro,Public,Local Government,Primary,Primary Health Center,8.381103516,3.467529297
FAC0613,30/33/1/1/2/0005,Awe Primary Health Center,Irepo,Iba 1,Public,Local Government,Primary,Primary Health Center,9.02331543,3.813293457
FAC0614,30/31/1/1/1/0017,Sepeteri Primary Health Care Center,Saki East,Oke Tassi,Public,State Government,Secondary,Primary Health Center,8.626098633,3.637329102
FAC0615,30/22/1/1/1/0018,Kajola Comprehensive Health Center,Ogbomosho South,Alapata,Public,Federal Government,Secondary,Teaching/Tertiary Hospital,8.112915039,4.226074219
FAC0616,30/23/1/1/1/0024,Olugusi Primary Health Center,Ogo Oluwa,Ayetoro,Public,Local Government,Primary,Primary Health Center,7.962890625,4.225891113
FAC0617,30/18/1/1/1/0013,Ilaji Ile Primary Health Center,Iwajowa,Idiko Ile/Ilajile,Public,Local Government,Primary,Primary Health Center,7.985473633,3.05291748
FAC0618,30/05/1/2/2/0009,Owobale Primary Health Center,Egbeda,Owobale,Public,Local Government,Primary,Primary Health Center,7.421081543,4.070678711
FAC0619,30/33/1/1/2/0009,Irawo Ile Primary Health Center,Atisbo,Irawo-Ile,Public,Local Government,Primary,Primary Health Center,8.541320801,3.34588623
FAC0620,30/01/1/1/1/0002,Abanti Primary Health Center,Afijio,Imini,Public,Local Government,Primary,Primary Health Clinic,7.807495117,3.759887695
FAC0621,30/05/1/1/1/0006,Awaye Primary Health Clinic,Egbeda,Osengere,Public,Local Government,Primary,Primary Health Clinic,7.396911621,4.071716309
FAC0622,30/15/1/1/1/0008,Mapo Primary Health Center,Irepo,Iba 4,Public,Local Government,Primary,Primary Health Center,9.091674805,3.850280762
FAC0623,30/24/1/2/1/0001,Igbeti General Hospital,Olorunsogo,Aboke,Public,State Government,Secondary,General Hospital,8.736877441,4.147521973
FAC0624,30/12/1/2/2/0003,Pathfinder Medical Center,Ibarapa East,Lanlate,Private,For Profit,Secondary,Primary Health Clinic,7.588500976,3.448730469
FAC0625,30/12/1/1/1/0016,Oke Oba Eruwa Primary Health Center,Ibarapa East,Oke Oba,Public,Local Government,Primary,Primary Health Center,7.541503906,3.412902832
FAC0626,30/12/1/1/1/0009,Lanlate General Hospital,Ibarapa East,Lanlate,Public,State Government,Secondary,General Hospital,7.580688477,3.444519043
FAC0627,30/11/1/1/1/0010,Oke Agogo Health Center,Ibarapa Central,Idofin,Public,Local Government,Primary,Primary Health Clinic,7.436279297,3.286499024
FAC0628,30/11/1/2/1/0002,Igboora General Hospital,Ibarapa Central,Oke Serin,Public,State Government,Secondary,General Hospital,7.446899414,3.276916504
FAC0629,30/12/1/1/1/0006,Afuye Ijesa Primary Health Center,Ibarapa East,Oke Oba,Public,Local Government,Primary,Primary Health Center,7.5703125,3.389709473
FAC0630,30/16/1/1/1/0017,Ado Awaye Eec General Hospital,Iseyin,Ado Awaye,Public,State Government,Secondary,Primary Health Center,7.83569336,3.435729981
FAC0631,30/12/1/1/2/0002,Eruwa General Hospital,Ibarapa East,Okolo,Public,State Government,Secondary,General Hospital,7.539916992,3.428283691
FAC0632,30/26/1/1/1/0007,Adun Medical Center,Ona Ara,Oremeji,Private,For Profit,Secondary,Primary Health Clinic,7.379272461,3.937316895
FAC0633,30/20/1/1/1/0010,Ejioku Primary Health Center,Lagelu,Ejioku,Public,Local Government,Primary,Primary Health Center,7.475708008,4.071899414
FAC0634,30/14/1/1/2/0005,Odebode Health Center,Ido,Ido/Odebode,Private,Not For Profit,Primary,Primary Health Center,7.480712891,3.808105469
FAC0635,30/07/1/1/1/0016,Lagelu Youth Friendly Clinic,Ibadan North East,Agugu,Public,Local Government,Primary,Primary Health Clinic,7.383728027,3.926696777
FAC0636,30/06/1/2/1/0001,Secretariat Staff Clinic,Ibadan North,Bodija,Public,State Government,Primary,Primary Health Clinic,7.411682129,3.908325195
FAC0637,30/25/1/2/2/0046,Sanwo Medical Care,Oluyole,Orita,Private,For Profit,Primary,Primary Health Clinic,7.339477539,3.870117187
FAC0638,30/25/1/1/2/0012,Marello Catholic Hospital,Oluyole,Orita,Private,For Profit,Primary,Unknown,7.319702149,3.866088867
FAC0639,30/08/1/1/1/0004,Oyo State College Of Science Health Clinic,Ibadan North West,Eleyele,Public,State Government,Primary,Primary Health Clinic,7.410522461,3.867492676
FAC0640,30/25/1/1/2/0007,Alafia Tayo Hospital,Oluyole,Olomi,Private,For Profit,Primary,Primary Health Center,7.340087891,3.91809082
FAC0641,30/02/1/2/2/0003,Hamdalat Hospital,Akinyele,Ojoo,Private,For Profit,Secondary,Primary Health Center,7.472473145,3.913085937
FAC0642,30/08/1/1/1/0019,Saint Lucia Limited Hospital,Ibadan South West,Agbokojo,Private,For Profit,Secondary,Primary Health Center,7.377319336,3.881713868
FAC0643,30/11/1/1/2/0002,Odo Ona Primary Health Care Center,Ibadan South West,Apata / Odo Ona,Public,Local Government,Primary,Primary Health Center,7.381286621,3.85168457
FAC0644,30/08/1/1/2/0008,Heritage Comprehensive Hospital,Ibadan South West,Challenge / Ring Road,Private,For Profit,Secondary,Primary Health Center,7.357116699,3.879272461
FAC0645,30/20/1/1/1/0014,Gbaagi Primary Health Center,Lagelu,Olorunda 1,Public,Local Government,Primary,Primary Health Center,7.45889,3.95829
FAC0646,30/09/1/1/1/0008,Lanioka Health Center,Ibadan South East,Ita-Ege,Public,Local Government,Primary,Primary Health Clinic,7.369873047,3.902282714
FAC0647,30/26/1/2/2/0014,Smaria Hospital,Ona Ara,Idi Osan,Private,For Profit,Secondary,Primary Health Center,7.377929688,3.943725586
FAC0648,30/26/1/2/2/0044,Life Gate Clinic and Maternity,Ona Ara,Olunloyo,Private,For Profit,Secondary,Primary Health Center,7.368286133,3.947875977
FAC0649,30/10/1/1/2/0003,Idera Oluwa Primary Health Center,Ibadan North East,Agugu,Public,Local Government,Primary,Primary Health Center,7.384277344,3.932128906
FAC0650,30/05/1/1/1/0014,Oremeji Primary Health Center,Egbeda,Olubadan,Public,Local Government,Primary,Primary Health Center,7.381896972,3.934875488
FAC0651,30/10/1/2/2/0001,Queen Hospital Specialist,Ibadan North West,Ekotedo,Private,For Profit,Secondary,Primary Health Center,7.392272949,3.883117676
FAC0652,30/08/1/2/2/0007,The Horizon Hospital,Ibadan South West,Molete,Private,Unknown,Secondary,Primary Health Center,7.364501953,3.879882813
FAC0653,30/12/1/1/1/0002,Sharp Corner Primary Health Care Center,Ibadan South West,Oke Ado / Liberty,Public,Local Government,Primary,Primary Health Center,7.375671387,3.878479004
FAC0654,30/02/1/2/2/0032,Pharmaco Hospital and Maternity,Akinyele,Moniya,Private,For Profit,Secondary,Primary Health Center,7.522094727,3.914123535
FAC0655,30/07/1/2/2/0037,Bilal Hospital Maternity,Ibadan North East,Basorun,Private,For Profit,Secondary,Primary Health Center,7.401489258,3.926879883
FAC0656,30/29/1/1/1/0026,Muslim Hospital,Oyo East,Araro,Private,For Profit,Secondary,Unknown,7.829101562,3.925292969
FAC0657,30/29/1/1/1/0007,Gudugbu Orile Health Post,Oyo East,Alaodi Modeke 3,Public,Local Government,Primary,Health Post,7.803894043,4.040893555
FAC0658,30/20/1/1/2/0006,Dominic Hospital,Lagelu,Monatan,Private,For Profit,Secondary,Primary Health Center,7.413513184,3.956481933
FAC0659,30/14/1/1/1/0011,Ilaju Health Post,Ido,Ilaju,Public,Local Government,Primary,Primary Health Center,7.5404291,3.6000742
FAC0660,30/14/1/1/1/0005,Alakaso Health Center,Ido,Omi Adio,Public,Local Government,Primary,Primary Health Clinic,7.407897949,3.739318848
FAC0661,30/12/1/1/1/0003,Alapa Primary Health Center,Ibarapa East,Itabo,Public,Local Government,Primary,Primary Health Center,7.652893066,3.535705567
FAC0662,30/07/1/1/1/0022,Oke'Badan Health Center,Ibadan North East,Oke Adu,Public,Local Government,Primary,Primary Health Center,7.387512207,3.922485351
FAC0663,30/07/1/1/1/0006,Aremo Primary Health Center,Ibadan North East,Aperin,Public,Local Government,Primary,Primary Health Center,7.37778,3.91575
FAC0664,30/06/1/2/2/0022,Badejoko Memorial Hospital,Ibadan North,Oke Itunu,Private,For Profit,Secondary,Primary Health Center,7.411682129,3.892700195
FAC0665,30/16/1/1/1/0017,Akinwumi Health Clinic,Iseyin,Akinwumi/Osoogun,Public,Local Government,Primary,Primary Health Clinic,7.757873535,3.542907715
FAC0666,30/20/1/1/1/0004,Abudoro Health Clinic,Lagelu,Olorunda 2,Public,Local Government,Primary,Primary Health Clinic,7.49987793,4.025512696
FAC0667,30/05/1/2/2/0003,Ibilade Memorial Hospital,Egbeda,Wakajaiye,Private,For Profit,Secondary,Primary Health Center,7.420288086,3.975280761
FAC0668,30/32/1/2/2/0040,Mercy Land Hospital,Saki West,Ajegunle,Private,For Profit,Secondary,Primary Health Center,8.686706543,3.406677246
FAC0669,30/02/1/2/2/0006,Pade Model Health Center,Akinyele,Olanla,Public,Local Government,Primary,Primary Health Clinic,7.622070313,4.008483887
FAC0670,30/02/1/1/1/0020,Moniya Primary Health Center,Akinyele,Moniya,Public,Local Government,Primary,Primary Health Center,7.531677246,3.910095215
FAC0671,30/09/1/1/1/0005,Eyin Grammar Primary Health Center,Ibadan South East,Molete,Public,Local Government,Primary,Primary Health Center,7.34629,3.89297
FAC0672,30/02/1/1/2/0005,Christ Hope Hospital and Maternity,Akinyele,Moniya,Private,For Profit,Secondary,Unknown,7.532104493,3.908325195
FAC0673,30/01/1/1/1/0024,Iware Model Primary Health Care,Afijio,Iware,Public,Local Government,Primary,Primary Health Center,7.68170166,3.967102051
FAC0674,30/01/1/1/2/0002,Aged and Widow Clinic,Afijio,Akinmonrin/Jobele,Public,Local Government,Primary,Primary Health Clinic,7.760681153,3.918884278
FAC0675,30/01/1/2/2/0003,Momoh Hospital and Maternity,Afijio,Awe 2,Private,For Profit,Secondary,Primary Health Center,7.824890137,3.96472168
FAC0676,30/01/1/1/1/0024,Oke Boda Primary Health Center,Afijio,Awe 2,Public,Local Government,Primary,Primary Health Center,7.81829834,3.971923828
FAC0677,30/01/1/1/1/0018,Okediji Primary Health Center,Afijio,Ilora 1,Public,Local Government,Primary,Primary Health Clinic,7.81072998,3.888916015
FAC0678,30/02/1/1/1/0005,Alade Health Center,Akinyele,Olanla,Public,Local Government,Primary,Health Post,7.602478027,4.016113281
FAC0679,30/02/1/2/2/0041,Mercyland Clinic and Maternity Centre,Akinyele,Moniya,Private,For Profit,Secondary,Primary Health Center,7.535888672,3.903320313
FAC0680,30/01/1/2/2/0005,P P Hospital,Afijio,Ilora 2,Private,For Profit,Secondary,Primary Health Center,7.802307129,3.923095703
FAC0681,30/27/1/1/1/0011,Elega Primary Health Center,Ori Ire,Oolo,Public,Local Government,Primary,Primary Health Center,8.007080078,4.103698731
FAC0682,30/23/1/2/2/0035,Ona Abayo Medical Center,Ogo Oluwa,Odo Oba,Private,For Profit,Secondary,Primary Health Center,8.049072266,4.153076171
FAC0683,30/15/1/1/2/0004,Ronke Clinic and Maternity,Irepo,Ajaguna,Private,For Profit,Secondary,Primary Health Center,9.072082519,3.851318359
FAC0684,30/32/1/2/2/0003,Faith Foundation Maternity and Child Welfare Clinic,Saki West,Sango,Private,For Profit,Secondary,Primary Health Center,8.69152832,3.410095215
FAC0685,30/23/1/1/2/0001,Agboola Clinic,Ogo Oluwa,Ajaawa,Private,For Profit,Primary,Primary Health Clinic,7.9296875,4.122070313
FAC0686,30/31/1/1/1/0020,Ogbooro Model Primary Health Care,Saki East,Kajola,Public,Local Government,Primary,Primary Health Center,8.767883301,3.608703614
FAC0687,30/15/1/1/2/0002,Gaa Jooro Primary Health Center,Irepo,Ikolaba,Public,Local Government,Primary,Primary Health Center,9.067321777,3.830688477
FAC0688,30/32/1/1/1/0039,Wasangare Oja Primary Health Center,Saki West,Eko-Kan,Public,Local Government,Primary,Primary Health Center,8.82409668,3.41229248
FAC0689,30/32/1/1/1/0028,Ogidigbo Primary Health Center,Saki West,Ogidigbo,Public,Unknown,Primary,Primary Health Center,8.668273926,3.38092041
FAC0690,30/32/1/2/2/0001,Destiny Maternity and Child Welfare Clinic,Saki West,Aganmu,Private,For Profit,Secondary,Primary Health Center,8.664123535,3.385925293
FAC0691,30/31/1/2/2/0002,Oluwafemi Clinic,Saki East,Kajola,Private,Not For Profit,Secondary,Primary Health Center,8.771728516,3.608886718
FAC0692,30/31/1/1/1/0014,Oje Owode Primary Health Center,Saki East,Oke Sebe,Public,Local Government,Primary,Primary Health Center,8.590087891,3.497924805
FAC0693,30/27/1/1/2/0001,Agbonle Primary Health Center,Saki East,Arolu,Public,Local Government,Primary,Primary Health Center,8.877685547,3.521484375
FAC0694,30/24/1/1/1/0004,Apatalaje Primary Health Center,Olorunsogo,Waaro/Apata Alaje,Public,Local Government,Primary,Primary Health Center,8.603698731,4.040100098
FAC0695,30/24/1/1/2/0003,Bethesda Hospital,Olorunsogo,Aboke,Private,For Profit,Secondary,Primary Health Center,8.752685547,4.145080566
FAC0696,30/24/1/2/2/0003,Ibukun Olu Hospital,Olorunsogo,Agbele,Private,For Profit,Secondary,Primary Health Center,8.753723144,4.125488281
FAC0697,30/32/1/1/1/0039,Wasangare Alabafe Primary Health Center,Saki West,Eko-Kan,Public,Local Government,Primary,Primary Health Center,8.857116699,3.424499512
FAC0698,30/19/1/2/2/0003,Oluwatomi Medical Center,Kajola,Olele/Gbonje,Private,For Profit,Secondary,Primary Health Clinic,8.035888672,3.360107422
FAC0699,30/03/1/2/2/0050,Holy Michael Clinic and Maternity,Atiba,Asipa 2,Private,For Profit,Secondary,Primary Health Center,7.869873047,3.9375
FAC0700,30/19/1/1/1/0011,Ilua Primary Health Center,Kajola,Isemile / Imia / Ilua,Public,Local Government,Primary,Primary Health Center,8.004699707,3.402526855
FAC0701,30/18/1/1/1/0015,Iwere Ile Model Primary Health Center,Iwajowa,Iwere Ile,Public,Unknown,Primary,Primary Health Center,8.006713867,3.094299316
FAC0702,30/32/1/2/2/0002,Divine Love Hospital,Saki West,Sango,Private,For Profit,Secondary,Primary Health Center,8.703125,3.39868164
FAC0703,30/19/1/1/2/0007,Titilope Okeho Clinic,Kajola,Olele/Gbonje,Private,For Profit,Primary,Primary Health Clinic,8.040283203,3.361694336
FAC0704,30/31/1/1/2/0003,Ogbooro Comprehensive Health Center,Saki East,Isale Igbagbo,Public,Local Government,Primary,Primary Health Center,8.75567627,3.607910156
FAC0705,30/19/1/1/1/0014,Okeho General Hospital,Kajola,Isia,Public,State Government,Secondary,General Hospital,8.043273926,3.380126953
FAC0706,30/32/1/1/1/0034,Saki General Hospital,Saki West,Isale Efin,Public,State Government,Secondary,General Hospital,8.67211914,3.396911621
FAC0707,30/18/1/1/1/0010,Idiko Ago Primary Health Center,Iwajowa,Idiko Ago/Itasa,Public,Local Government,Primary,Primary Health Center,7.991271973,3.068481445
FAC0708,30/04/1/1/1/0023,Tede Model Primary Health Care,Atisbo,Obada,Public,Local Government,Primary,Primary Health Center,8.55086,3.44001
FAC0709,30/04/1/1/1/0013,Baasi Primary Health Center,Atisbo,Baasi,Public,Local Government,Primary,Primary Health Center,8.324523926,3.399902344
FAC0710,30/32/1/1/1/0039,Ajegunle Primary Health Center,Saki West,Ajegunle,Public,Local Government,Primary,Health Post,8.652526856,3.404907227
FAC0711,30/04/1/2/1/0002,Tede General Hospital,Atisbo,Obada,Public,State Government,Secondary,General Hospital,8.575683594,3.473876953
FAC0712,30/32/1/1/1/0039,Ejire Clinic and Maternity,Saki West,Ajegunle,Private,For Profit,Primary,Primary Health Center,8.658081055,3.397521973
FAC0713,30/04/1/2/1/0003,Tede Mini Widow and Aged Clinic,Atisbo,Obada,Public,Local Government,Primary,Primary Health Clinic,8.54510498,3.440307617
FAC0714,30/22/1/2/2/0009,Yinka Child Welfare Clinic and Maternity Centre,Ogbomosho South,Arowomole,Private,For Profit,Primary,Primary Health Clinic,8.116088867,4.244506836
FAC0715,30/21/1/1/2/0003,Aweni Memorial Clinic,Ogbomosho North,Osupa,Private,For Profit,Secondary,Primary Health Center,8.143493652,4.231872559
FAC0716,30/21/1/2/2/0005,Elizabeth Clinic and Maternity Centre,Ogbomosho North,Saabo / Taara,Private,For Profit,Secondary,Primary Health Center,8.148071289,4.245727539
FAC0717,30/21/1/1/1/0013,Taraa Primary Health Center,Ogbomosho North,Saabo / Taara,Public,Local Government,Primary,Primary Health Center,8.13848877,4.24230957
FAC0718,30/27/1/1/1/0002,Adafila Primary Health Center,Ori Ire,Adafila,Public,Local Government,Primary,Primary Health Center,8.457092285,4.241088868
FAC0719,30/21/1/3/1/0001,Ladoke Akintola Teaching Hospital,Ogbomosho North,Saabo / Taara,Public,State Government,Tertiary,Teaching/Tertiary Hospital,8.151489258,4.252319336
FAC0720,30/15/1/2/2/0005,Opeolu Maternity Home,Irepo,Laha / Ajana,Private,Unknown,Secondary,Primary Health Center,9.078674316,3.857299805
FAC0721,30/15/1/2/2/0003,Mayokun Hospital,Irepo,Agoro 11,Private,For Profit,Secondary,Primary Health Center,9.078918457,3.839294434
FAC0722,30/15/1/2/2/0001,Alafiatayo Maternity and Child Welfare Clinic,Irepo,Koso Iba 3,Private,For Profit,Secondary,Primary Health Center,9.086730957,3.855285644
FAC0723,30/05/1/1/1/0011,Kasumu Ajia General Hospital,Egbeda,Owobale,Public,State Government,Secondary,Primary Health Center,7.426879883,4.046875
FAC0724,30/05/1/1/1/0007,Egbeda Primary Health Center,Egbeda,Egbeda,Public,Local Government,Primary,Primary Health Center,7.376281739,4.051879883
FAC0725,30/18/1/1/1/0016,Iwere Ile Primary Health Center,Iwajowa,Iwere Ile,Public,Local Government,Primary,Primary Health Center,7.997070312,3.081115723
FAC0726,30/18/1/1/1/0017,Iwere Ile General Hospital,Iwajowa,Iwere Ile,Public,State Government,Primary,General Hospital,8.004699707,3.088928223
FAC0727,30/15/1/1/1/0003,Agede Primary Health Center,Irepo,Iba 1,Public,Local Government,Primary,Primary Health Center,9.07989502,3.846313476
FAC0728,30/28/1/1/1/0002,Bonni Primary Health Center,Orelope,Bonni,Public,Local Government,Primary,Primary Health Center,8.85097,3.76032
FAC0729,30/04/1/1/1/0018,Owotoro Primary Health Center,Atisbo,Owotoro,Public,Local Government,Primary,Primary Health Center,8.41192627,3.357727051
FAC0730,30/13/1/1/1/0003,Alabi Primary Health Center,Ibarapa North,Ofiki 1,Public,Local Government,Primary,Primary Health Center,7.601074219,3.300720215
FAC0731,30/01/1/1/1/0013,Imini Primary Health Center,Afijio,Imini,Public,Local Government,Primary,Primary Health Center,7.68951416,3.793518067
FAC0732,30/24/1/1/1/0010,Ogundiran Primary Health Center,Olorunsogo,Opa Ogundiran,Public,Local Government,Primary,Primary Health Center,8.85369873,4.155883789
FAC0733,30/17/1/1/1/0005,Igbojaye Primary Health Center,Itesiwaju,Igbojaye,Public,Local Government,Primary,Primary Health Center,8.231689453,3.239685058
FAC0734,30/04/1/1/1/0022,Ago Are Primary Health Center,Atisbo,Ago Are 1,Public,Local Government,Primary,Primary Health Center,8.508911133,3.418884278
FAC0735,30/14/1/1/2/0006,Onigbinde Health Center,Ido,Akinware/Akindele,Public,Local Government,Primary,Primary Health Center,7.546875,3.788696289
FAC0736,30/16/1/2/2/0009,Our Lady Catholic Hospital,Iseyin,Isalu 1,Private,For Profit,Secondary,Unknown,7.981872558,3.589294434
FAC0737,30/16/1/2/2/0001,Alebiosu and Wellfare Maternity and Child Clinic,Iseyin,Ladogan,Private,For Profit,Secondary,Primary Health Center,7.98828125,3.57788086
FAC0738,30/16/1/1/2/0005,Hollyland Hospital,Iseyin,Ladogan,Private,For Profit,Secondary,Primary Health Center,7.975891113,3.581909179
FAC0739,30/14/1/1/1/0019,Omi Adio Health Center,Ido,Omi Adio,Public,Local Government,Primary,Primary Health Center,7.39251709,3.748474121
FAC0740,30/16/1/2/2/0006,Hope Rising Hospital,Iseyin,Ekunle 1,Private,For Profit,Secondary,Primary Health Center,7.964721679,3.611328125
FAC0741,30/16/1/2/1/0001,Iseyin General Hospital,Iseyin,Ekunle 1,Public,State Government,Secondary,General Hospital,7.948730469,3.617492675
FAC0742,30/22/1/1/2/0029,Best Western Victory Medical Center,Ibadan North West,Olopomewa,Private,For Profit,Secondary,Primary Health Clinic,7.420288086,3.872924805
FAC0743,30/07/1/1/1/0003,Akeke Primary Health Center,Ibadan North East,Basorun,Public,Local Government,Primary,Primary Health Center,7.41571,3.93882
FAC0744,30/29/1/1/1/0018,Ona Aka Health Post,Oyo East,Apinni,Public,Local Government,Primary,Primary Health Center,7.936215,4.067623333
FAC0745,30/20/1/1/1/0008,Alape Primary Health Clinic,Lagelu,Oyedeji 3,Public,Local Government,Primary,Primary Health Clinic,7.572082519,4.077087402
FAC0746,30/10/1/1/2/0002,Ibadan City Hospital,Ibadan North East,Basorun,Private,For Profit,Secondary,Primary Health Clinic,7.402709961,3.940124512
FAC0747,30/23/1/1/1/0017,Mowolowo Primary Health Center,Ogo Oluwa,Iwo Ate,Public,Local Government,Primary,Primary Health Center,7.898925781,4.106689453
FAC0748,30/26/1/1/2/0014,Ibuks Clinic and Maternity,Ona Ara,Olunloyo,Private,For Profit,Primary,Primary Health Clinic,7.363891602,3.94708252
FAC0749,30/30/1/1/2/0010,Olomu and Infant Maternity and Child Welfare Clinic,Oyo West,Isokun 5,Private,For Profit,Secondary,Primary Health Center,7.848876953,3.922302246
FAC0750,30/01/1/2/2/0001,Ajayi Memorial Clinic,Afijio,Fiditi 1,Private,For Profit,Secondary,Primary Health Clinic,7.723083496,3.915527344
FAC0751,30/24/1/1/2/0001,Abiye Clinic,Olorunsogo,Agbeni,Private,For Profit,Primary,Primary Health Clinic,8.760681152,4.112670898
FAC0752,30/22/1/2/2/0002,Anuoluwapo Clinic and Maternity,Ogbomosho South,Akata,Private,For Profit,Secondary,Primary Health Clinic,8.12310791,4.234680175
FAC0753,30/22/1/2/2/0003,Laduntan Hospital,Ogbomosho South,Alapata,Private,For Profit,Secondary,Unknown,8.118530274,4.233520508
FAC0754,30/03/1/1/1/0019,Moriyeba Clinic and Maternity,Atiba,Asipa 2,Private,For Profit,Secondary,Primary Health Center,7.863891602,3.936096191
FAC0755,30/22/1/1/1/0026,Modeke Primary Health Center,Oyo East,Alaodi Modeke 3,Public,Local Government,Primary,Primary Health Center,7.846923828,3.930114746
FAC0756,30/30/1/1/1/0008,Iyaji Primary Health Center,Oyo West,Iyaji,Public,Local Government,Primary,Primary Health Center,7.849121094,3.927490235
FAC0757,30/02/1/1/1/0014,Iroko Primary Health Center,Akinyele,Iroko,Public,Local Government,Primary,Primary Health Center,7.660095215,3.923522949
FAC0758,30/24/1/2/2/0002,Ashfau Ltd Clinic,Olorunsogo,Agbeni,Private,For Profit,Primary,Primary Health Clinic,8.760498047,4.12890625
FAC0759,30/23/1/1/1/0022,Pontela Olode Primary Health Center,Ogo Oluwa,Lagbedu,Public,Local Government,Primary,Primary Health Center,7.921325684,4.162719727
FAC0760,30/21/1/1/1/0005,Ibrahim Taiwo Primary Health Center,Ogbomosho North,Isale Afon,Public,Local Government,Primary,Primary Health Center,8.130493164,4.24810791
FAC0761,30/03/1/1/1/0016,Koso Primary Health Center,Atiba,Asipa 2,Public,Local Government,Primary,Primary Health Center,7.870117188,3.925476074
FAC0762,30/29/1/2/2/0005,Oloyin Hospital,Oyo East,Agboye,Private,For Profit,Secondary,Unknown,7.846496582,3.940917969
FAC0763,30/10/1/1/2/0009,New Era Hospital and Maternity,Ibadan North West,Eleyele,Private,For Profit,Secondary,Primary Health Center,7.42012,3.860085
FAC0764,30/05/1/2/2/0004,New Life Medical Center,Egbeda,Wakajaiye,Private,For Profit,Secondary,Unknown,7.39608,3.99043
FAC0765,30/17/1/2/2/0002,Praise Medical Center,Itesiwaju,Otu Ilesan,Private,For Profit,Secondary,Primary Health Center,8.20483965273,3.41682283208
FAC0766,30/16/1/2/2/0008,Ogundele Memorial Hospital,Iseyin,Koso 2,Private,For Profit,Secondary,Primary Health Center,7.96391131973,3.57082949908
FAC0767,30/26/1/2/2/0011,Lonpe Medical Center,Ona Ara,Olunloyo,Private,For Profit,Secondary,Primary Health Clinic,7.36677298573,3.95155283208
FAC0768,30/15/1/1/1/0015,El Keedam Clinic and Maternity,Irepo,Iba 4,Private,For Profit,Primary,Primary Health Center,9.07268965273,3.84664949908
FAC0769,30/07/1/1/2/0009,Manna Medical Center,Ibadan North East,Basorun,Private,For Profit,Primary,Primary Health Center,7.39312,3.92518
FAC0770,30/22/1/2/2/0005,Ogo Oluwa Welfare Medical Centre,Ogbomosho South,Alapata,Private,For Profit,Secondary,Unknown,8.1205833,4.2296767
FAC0771,30/21/1/1/2/0011,Muslim Medical Foundation,Saki West,Sango,Private,For Profit,Secondary,Unknown,8.6800303,3.3937228
FAC0772,30/13/1/1/1/0027,Tapa Six Bed Hospital,Ibarapa North,Tapa 2,Public,Local Government,Primary,Primary Health Center,7.555480957,3.228271484
FAC0773,30/07/1/1/2/0011,Tofunmi Hospital,Ibadan North East,Basorun,Private,For Profit,Secondary,Primary Health Center,7.394585,3.924275
FAC0774,30/17/1/2/1/0001,Okaka General Hospital,Itesiwaju,Okaka 2,Public,State Government,Secondary,General Hospital,8.22028465273,3.45429949908
FAC0775,30/05/1/1/1/0002,Alakia Model Primary Health Care Center,Egbeda,Alakia,Public,Local Government,Primary,Primary Health Center,7.40136225273,3.97878179908
FAC0776,30/33/1/1/1/0033,Jabata Primary Health Center,Surulere,Baayaoje,Public,Local Government,Primary,Primary Health Center,8.24372150577,4.39470010969
FAC0777,30/19/1/1/2/0004,Agbagi Primary Health Center,Kajola,Gbelekale,Public,Local Government,Primary,Primary Health Center,8.090651667,3.356175
FAC0778,30/23/1/1/1/0020,Odo Oba Primary Health Center,Ogo Oluwa,Odo Oba,Public,Local Government,Primary,Primary Health Center,8.043928333,4.146288333
FAC0779,30/29/1/1/2/0009,Oba Adeyemi Tuberculosis Leprosy,Oyo East,Araro,Public,Local Government,Primary,Primary Health Clinic,7.83400631973,3.93638949908
FAC0780,30/24/1/1/1/0011,Ojo Aaro Primary Health Center,Olorunsogo,Waaro/Apata Alaje,Public,Local Government,Primary,Primary Health Center,8.68340631973,4.05534283208
FAC0781,30/32/1/1/1/0022,Iya Primary Health Center,Saki West,Iya,Public,Unknown,Primary,Primary Health Center,8.67597905273,3.39236949908
FAC0782,30/29/1/1/1/0027,Ayedoyin Primary Health Center,Oyo East,Apaara 4,Public,Local Government,Primary,Primary Health Clinic,7.81622631973,4.00938783208
FAC0783,30/09/1/1/1/0013,Odinjo Primary Health Center,Ibadan South East,Odinjo,Public,Local Government,Primary,Primary Health Center,7.35910131973,3.91318616608
FAC0784,30/27/1/1/1/0031,Tewure Primary Health Center,Ori Ire,Tewure,Public,Local Government,Primary,Primary Health Center,8.31805135273,4.21619449908
FAC0785,30/05/1/1/1/0009,Ikumapayi Primary Health Center,Egbeda,Olodo,Public,Local Government,Primary,Primary Health Center,7.41778131973,4.01354616608
FAC0786,30/23/1/1/1/0003,Ajaawa Aged Widow Clinic,Ogo Oluwa,Ajaawa,Public,Local Government,Primary,Primary Health Clinic,7.9360532954,4.13441374861
FAC0787,30/08/1/2/2/0006,Oni Memorial 'S Children Hospital,Ibadan South West,Challenge / Ring Road,Public,State Government,Secondary,Primary Health Center,7.362491667,3.861926667
FAC0788,30/23/1/1/1/0005,Ayede Primary Health Center,Ogo Oluwa,Ayede/Lomiro,Public,Local Government,Primary,Primary Health Center,7.98364631973,4.13676616608
FAC0789,30/25/1/1/1/0023,Latunde Primary Health Center,Oluyole,Latunde,Public,Local Government,Primary,Primary Health Center,7.12381465273,3.96275449908
FAC0790,30/16/1/1/1/0017,Aba Serafu Model Primary Health Care Center,Iseyin,Ekunle 2,Public,Local Government,Primary,Primary Health Center,7.85319798573,3.68394949908
FAC0791,30/01/1/1/1/0010,Ilora Farm Settlement Health Clinic,Afijio,Ilora 3,Public,Local Government,Primary,Health Post,7.78465131973,3.79733449908
FAC0792,30/23/1/1/1/0014,Igbole Oje Primary Health Center,Ogo Oluwa,Opete,Public,Local Government,Primary,Primary Health Center,8.05931135273,4.19935619908
FAC0793,30/02/1/1/1/0010,Elekuru Primary Health Center,Akinyele,Alabata Ward,Public,Local Government,Primary,Primary Health Center,7.59222965273,3.82532116608
FAC0794,30/12/1/1/1/0018,Owode Primary Health Center,Ibarapa East,Owode/Lanlate,Public,Local Government,Primary,Primary Health Center,7.61016631973,3.53677616608
FAC0795,30/14/1/1/1/0013,Ladunni Health Center,Ido,Batake Idiya,Public,Local Government,Primary,Primary Health Center,7.577558333,3.661838333
FAC0796,30/30/1/1/1/0003,Akeetan Primary Health Center,Oyo West,Akeetan,Public,Local Government,Primary,Primary Health Center,7.84155965273,3.92401283208
FAC0797,30/18/1/1/1/0019,Karimu Health Center,Iwajowa,Elekokan,Public,Local Government,Primary,Primary Health Center,7.90235138155,3.23294216528
FAC0798,30/18/1/2/2/0001,Iwere Ile Widow and Aged Clinic,Iwajowa,Iwere Ile,Public,Local Government,Primary,Primary Health Clinic,7.99951631973,3.10572783208
FAC0799,30/24/1/1/1/0013,Oke Abe Primary Health Center,Olorunsogo,Onigbeti,Public,Local Government,Primary,Primary Health Center,8.74208131973,4.12910449908
FAC0800,30/11/1/1/1/0007,Igbole Primary Health Center,Ibarapa Central,Igbole,Public,Local Government,Primary,Primary Health Center,7.42667965273,3.29793449908
FAC0801,30/16/1/1/1/0005,Faramora Primary Health Care Center,Iseyin,Faramora,Public,Local Government,Primary,Primary Health Clinic,7.97061631973,3.60388616608
FAC0802,30/15/1/1/1/0005,Atipa Primary Health Center,Irepo,Atipa,Public,Local Government,Primary,Primary Health Center,9.08419295273,3.85337279908
FAC0803,30/15/1/1/1/0007,Koso Primary Health Center,Irepo,Koso Iba 3,Public,Local Government,Primary,Primary Health Center,9.08934465273,3.85659116608
FAC0804,30/11/1/1/1/0011,Oke Odo Primary Health Center,Ibarapa Central,Oke Odo,Public,Local Government,Primary,Primary Health Center,7.43245795273,3.27291949908
FAC0805,30/12/1/1/1/0001,Ring Road State Hospital,Ibadan South West,Challenge / Ring Road,Public,State Government,Secondary,Unknown,7.353721667,3.86077
FAC0806,30/20/1/1/1/0028,Widow and Aged Clinic,Lagelu,Ejioku,Public,Local Government,Primary,Primary Health Clinic,7.5001633,4.08189
FAC0807,30/32/1/1/1/0039,244 Batallion Medical Reception Station,Saki West,Ajegunle,Public,Military & Paramilitary formations,Primary,Primary Health Center,8.628295898,3.445922852
FAC0808,30/14/1/1/1/0025,Al Almeed Hospital,Ido,Apete/Ologuneru,Private,For Profit,Secondary,Primary Health Center,7.44860131973,3.86192949908
FAC0809,30/32/1/1/2/0013,Olamide Clinic,Saki West,Baabo,Private,Unknown,Primary,Primary Health Clinic,8.68178,3.36944
FAC0810,30/19/1/2/2/0001,Okeho Baptist Medical Center,Kajola,Isia,Private,For Profit,Secondary,Primary Health Clinic,8.02282298573,3.35501616608
FAC0811,30/21/1/2/2/0001,Bethel Clinic and Maternity Centre,Ogbomosho North,Masifa,Private,For Profit,Secondary,Primary Health Clinic,8.14786635273,4.25306119908
FAC0812,30/19/1/2/2/0004,Wuraola Hospital,Kajola,Isia,Private,For Profit,Secondary,Primary Health Center,8.02869631973,3.36054116608
FAC0813,30/20/1/2/2/0004,Chrisbo Akobo Medical Center,Lagelu,Olorunda 1,Private,For Profit,Secondary,Primary Health Clinic,7.43521965273,3.94549116608
FAC0814,30/05/1/1/1/0016,Divine Victory Medical Center,Egbeda,Monatan,Private,For Profit,Secondary,Primary Health Clinic,7.39912465273,3.95239616608
FAC0815,30/16/1/1/2/0003,Blessed Maternity Home and  Clinic,Iseyin,Ekunle 2,Private,For Profit,Secondary,Unknown,7.96142,3.591795
FAC0816,30/19/1/2/2/0002,Ilero Baptist Medical Center,Kajola,Kajola,Private,For Profit,Secondary,Primary Health Clinic,8.08850631973,3.34271616608
FAC0817,30/11/1/1/1/0020,Royal Igboora Hospital and Maternity,Ibarapa Central,Isale Oba,Private,For Profit,Secondary,Primary Health Clinic,7.45483131973,3.27173449908
FAC0818,30/14/1/2/1/0001,Royal Apete Health Care,Ido,Apete/Ologuneru,Private,For Profit,Secondary,Primary Health Clinic,7.45416631973,3.87616449908
FAC0819,30/16/1/2/2/0003,Faith Foundation Hospital,Iseyin,Ladogan,Private,For Profit,Secondary,Primary Health Center,7.98147298573,3.58101449908
FAC0820,30/29/1/1/2/0008,Mobolaji Clinic and Maternity Centre,Oyo East,Ajagba 2,Private,For Profit,Secondary,Primary Health Clinic,7.84104131973,3.94020949908
FAC0821,30/18/1/2/1/0001,Iganna General Hospital,Iwajowa,Joloko/Balogun,Public,State Government,Secondary,General Hospital,7.95776,3.25707
FAC0822,30/26/1/1/2/0020,Oluwakoseunti Maternity Clinic,Ona Ara,Idi Ose,Private,For Profit,Primary,Primary Health Center,7.33861,3.963698333
FAC0823,30/27/1/1/1/0008,Antete Primary Health Center,Ori Ire,Ikoyi-Ile,Public,Local Government,Primary,Primary Health Center,8.23513966518,4.13511186102
FAC0824,30/31/1/1/1/0004,Yikiyiki Health Post,Saki East,Kajola,Public,Local Government,Primary,Primary Health Center,8.76433540763,3.6066800639
FAC0825,30/07/1/1/1/0009,Doctor'S Polyclinic,Ibadan North,Agbowo,Private,For Profit,Secondary,Unknown,7.441101074,3.908081055
FAC0826,30/10/1/1/1/0006,Ayeye Primary Health Center,Ibadan North West,Ayeye,Public,Local Government,Primary,Primary Health Center,7.38092041,3.893920898
FAC0827,30/06/1/2/2/0036,Hamdalha Hospital,Ibadan North,Agbowo,Private,For Profit,Secondary,Primary Health Center,7.447875976,3.914489746
FAC0828,30/09/1/2/2/0006,Royal Immaculate Hospital,Ibadan South East,Challenge,Private,For Profit,Secondary,Primary Health Center,7.364501953,3.920288086
FAC0829,30/06/1/1/1/0001,Ibadan University Service (Jaja) Health Clinic,Ibadan North,Samonda,Public,Federal Government,Primary,Primary Health Clinic,7.44265965273,3.90122949908
FAC0830,30/07/1/1/1/0026,Victory Clinic,Ori Ire,Olorunda 13,Private,For Profit,Secondary,Primary Health Clinic,8.353376667,4.248331667
FAC0831,30/16/1/2/2/0007,Mahjubah Maternity Home and  Clinic,Iseyin,Faramora,Private,For Profit,Secondary,Primary Health Clinic,7.96921631973,3.60373783208
FAC0832,30/23/1/1/1/0008,Dolapo Health Services & Maternity Centre,Ogo Oluwa,Odo Oba,Private,For Profit,Secondary,Primary Health Center,8.049395,4.148636667
FAC0833,30/04/1/1/1/0004,Ago Are Model Primary Health Center,Atisbo,Ago Are 2,Public,Local Government,Primary,Primary Health Center,8.497070313,3.413085938
FAC0834,30/22/1/2/2/0039,Popoola Medical and Maternity Centre,Ogbomosho South,Ilogbo,Private,For Profit,Primary,Primary Health Clinic,8.117585,4.249048333
FAC0835,30/10/1/1/1/0011,Unity Model Primary Health Center,Ibadan North West,Eleyele,Private,For Profit,Secondary,Primary Health Clinic,7.41607666,3.862121582
FAC0836,30/06/1/1/1/0007,Ashi Comprehensive Health Center,Ibadan North,Basorun,Public,Local Government,Primary,Primary Health Center,7.426513672,3.930908204
FAC0837,30/18/1/1/1/0018,Joloko Primary Health Center,Iwajowa,Joloko/Balogun,Public,Local Government,Primary,Primary Health Center,7.843322754,3.310119629
FAC0838,30/18/1/1/1/0005,Egbonron Primary Health Center,Iwajowa,Ofeegun,Public,Local Government,Primary,Primary Health Center,8.053527832,3.220520019
FAC0839,30/02/1/1/2/0010,Faith Maternity and Child Welfare Clinic,Ibarapa North,Igangan 3,Private,For Profit,Secondary,Primary Health Clinic,7.6875,3.188720703
FAC0840,30/09/1/2/2/0003,Molisa Hospital and Maternity,Ibadan South East,Owode Imuagun,Private,Unknown,Secondary,General Hospital,7.344482422,3.914123535
FAC0841,30/08/1/1/1/0009,Awoye Ajike Clinic and Maternity Centre,Ibadan South East,Asanke,Private,For Profit,Secondary,Primary Health Clinic,7.368530273,3.914916992
FAC0842,30/09/1/1/2/0006,Beloved Maternity and Child Welfare Clinic,Ibadan South East,Owode Imuagun,Private,For Profit,Secondary,Primary Health Clinic,7.34588623,3.915710449
FAC0843,30/28/1/1/1/0006,Ola Iya Maternity and Child Welfare Clinic,Orelope,Oke Igboho,Private,For Profit,Secondary,Primary Health Clinic,8.84492,3.76311
FAC0844,30/33/1/1/1/0014,Egbeda Health Post,Surulere,Gambari/Igbon,Public,Local Government,Primary,Health Post,8.21307373,4.28729248
FAC0845,30/17/1/1/1/0008,Komu Health Clinic,Itesiwaju,Komu,Public,Local Government,Primary,Health Post,8.227478028,3.205871582
FAC0846,30/09/1/2/2/0005,Orita Challenge Primary Health Clinic,Ibadan South East,Challenge,Public,Local Government,Primary,Primary Health Clinic,7.339477539,3.872070312
FAC0847,30/13/1/1/1/0011,Igangan Six Bed Hospital,Ibarapa North,Igangan 2,Public,Local Government,Primary,Primary Health Center,7.6727033,3.1856961
FAC0848,30/09/1/2/2/0004,New Day Hospital,Ibadan South East,Owode Imuagun,Private,For Profit,Secondary,Primary Health Center,7.345092774,3.912719726
FAC0849,30/08/1/1/1/0003,Owode Health Center,Ibadan South East,Owode Imuagun,Public,Local Government,Primary,Primary Health Clinic,7.348510742,3.913085937
FAC0850,30/09/1/2/2/0001,Abdullah Medical Center,Ibadan South East,Owode Imuagun,Private,For Profit,Secondary,Primary Health Clinic,7.350891113,3.910888672
FAC0851,30/14/1/1/1/0017,Ologuneru Health Center,Ido,Apete/Ologuneru,Public,Local Government,Primary,Primary Health Center,7.436096191,3.829711914
FAC0852,30/17/1/1/1/0017,Rogal Fulani Primary Health Center,Itesiwaju,Igbojaye,Public,Local Government,Primary,Health Post,8.331481933,3.23449707
FAC0853,30/28/1/1/2/0008,Owode Health Post,Orelope,Oke Igboho,Public,Local Government,Primary,Health Post,8.84552002,3.757873536
FAC0854,30/21/1/2/2/0009,Oladeji Memorial Clinic and Maternity,Ogbomosho North,Saja / Isale Ora,Private,For Profit,Secondary,Primary Health Center,8.127685547,4.259277344
FAC0855,30/13/1/1/1/0007,Idi Ope Millennium Development Goal Primary Health Center,Ibarapa North,Igangan 4,Public,Local Government,Primary,Primary Health Center,7.695922852,3.186889648
FAC0856,30/17/1/1/1/0010,Okaka Primary Health Center,Itesiwaju,Okaka 2,Public,Local Government,Primary,Primary Health Center,8.215515137,3.459106446
FAC0857,30/09/1/1/1/0009,Mapo Primary Health Center,Ibadan South East,Mapo,Public,Local Government,Primary,Primary Health Center,7.376525879,3.897705078
FAC0858,30/13/1/1/1/0011,Tapa Primary Health Center,Ibarapa North,Tapa 1,Public,Local Government,Primary,Primary Health Center,7.569702148,3.233703614
FAC0859,30/10/1/1/2/0016,Koseunti Primary Health Center,Ibadan North West,Olopomewa,Public,Local Government,Primary,Primary Health Center,7.42220965273,3.83960616608
FAC0860,30/28/1/1/1/0004,Iya Primary Health Center,Orelope,Obaago,Public,Local Government,Primary,Primary Health Center,8.83254734355,3.75852517761
FAC0861,30/17/1/1/1/0011,Oke Amu Comrehensive Health Center,Itesiwaju,Oke Amu,Public,Local Government,Primary,Primary Health Center,8.12700075273,3.52796899908
FAC0862,30/21/1/1/1/0011,Okelerin Primary Health Center,Ogbomosho North,Okelerin,Public,Local Government,Primary,Primary Health Center,8.13423298573,4.24153616608
FAC0863,30/33/1/1/1/0027,Ogojo Health Post,Surulere,Baayaoje,Public,Local Government,Primary,Primary Health Clinic,8.12016268332,4.31786203037
FAC0864,30/28/1/1/1/0008,Oloko Primary Health Center,Orelope,Ago-Igi-Isubu,Public,Local Government,Primary,Primary Health Center,8.88600635273,3.64185779908
FAC0865,30/10/1/2/2/0002,Oyo State College Of Nursing Clinic,Ibadan North West,Eleyele,Public,State Government,Primary,Primary Health Clinic,7.41027832,3.874511719
FAC0866,30/32/1/1/1/0011,Baabo Primary Health Center,Saki West,Baabo,Public,Local Government,Primary,Primary Health Center,8.67802,3.3706533
FAC0867,30/06/1/1/1/0004,Adeoyo Teaching Hospital,Ibadan North,Yemetu,Public,State Government,Tertiary,Teaching/Tertiary Hospital,7.386845,3.90244
FAC0868,30/20/1/1/1/0012,Elewi Odo Primary Health Center,Lagelu,Monatan,Public,Local Government,Primary,Primary Health Center,7.419273333,3.945551667
FAC0869,30/09/1/1/1/0007,Iyana Court Health Center,Ibadan South East,Owode Imuagun,Public,Local Government,Primary,Primary Health Clinic,7.35949707,3.904296875
FAC0870,30/09/1/2/2/0002,God Power Maternity Home,Ibadan South East,Owode Imuagun,Private,Unknown,Secondary,Primary Health Clinic,7.360107422,3.899291992
FAC0871,30/33/1/1/2/0003,Alafia Maternity Home,Surulere,Oko,Private,For Profit,Secondary,Primary Health Clinic,7.96130371,4.344726562
FAC0872,30/20/1/1/1/0015,Custodian Foundation Health Hospital,Lagelu,Ejioku,Private,For Profit,Secondary,Primary Health Center,7.6204017,4.076685
FAC0873,30/25/1/1/1/0027,Odo Okun Health Center,Oluyole,Olomi,Public,Unknown,Primary,Primary Health Center,7.29935,3.843758333
FAC0874,30/19/1/1/2/0001,Welfare Hospital,Egbeda,Olubadan,Private,For Profit,Secondary,Unknown,7.39179,3.96633
FAC0875,30/24/1/2/2/0001,Adelowo Welfare and Maternity Centre,Olorunsogo,Elerugba,Private,For Profit,Primary,Primary Health Clinic,8.747497559,4.133728027
FAC0876,30/19/1/1/2/0002,Isia Aged and Widow Clinic,Kajola,Isia,Public,Local Government,Primary,Primary Health Clinic,8.033325195,3.358886719
FAC0877,30/06/1/1/2/0001,Mokola Health Clinic,Ibadan North,Ago Tapa,Public,Local Government,Primary,Primary Health Clinic,7.405213333,3.893886667
FAC0878,30/01/1/1/2/0004,Eleekara Health Post,Afijio,Ilora 2,Public,Local Government,Primary,Health Post,7.789948333,3.918371667
FAC0879,30/05/1/1/1/0016,Oloya Primary Health Center,Egbeda,Wakajaiye,Public,Local Government,Primary,Primary Health Center,7.4122045,3.9720185
FAC0880,30/30/1/1/1/0007,Isokun Primary Health Center,Oyo West,Isokun 5,Public,Local Government,Primary,Primary Health Center,7.847375,3.921388333
FAC0881,30/03/1/1/1/0043,Oke Oroki Health Center,Atiba,Asipa 1,Public,Local Government,Primary,Primary Health Center,7.866958333,3.912203333
FAC0882,30/13/1/1/1/0002,Academy Hospital,Egbeda,Monatan,Private,For Profit,Secondary,Primary Health Center,7.405043333,3.949185
FAC0883,30/22/1/1/1/0005,Ayetoro Primary Health Center,Ogbomosho South,Ibapon,Public,Local Government,Primary,Primary Health Center,8.1193733,4.2153783
FAC0884,30/11/1/2/2/0021,Gafsol Medical Center,Ibarapa Central,Isale Oba,Private,For Profit,Secondary,Primary Health Center,7.4443083,3.2780017
FAC0885,30/26/1/1/1/0017,Bioku Araba Health Center,Ona Ara,Ajia,Public,Local Government,Primary,Primary Health Clinic,7.367115,4.003501
FAC0886,30/05/1/1/1/0010,Iyanu Hospital,Egbeda,Wakajaiye,Private,For Profit,Secondary,Primary Health Clinic,7.414961,3.9786187
FAC0887,30/29/1/1/2/0003,Amukoko Primary Health Center,Saki East,Kajola,Public,Not For Profit,Primary,Primary Health Center,8.8154117,3.6256367
FAC0888,30/05/1/1/1/0001,Adogba Primary Health Center,Egbeda,Monatan,Public,Local Government,Primary,Primary Health Clinic,7.408838333,3.969011667
FAC0889,30/28/1/1/1/0016,Alaguntan Primary Health Center,Orelope,Igbope 1,Public,Local Government,Primary,Primary Health Center,8.8190633,3.8638083
FAC0890,30/25/1/1/1/0050,Apadi Health Clinic,Oluyole,Ayegun,Public,Local Government,Primary,Primary Health Clinic,7.239058333,3.933845
FAC0891,30/05/1/2/2/0008,Osengere Health Clinic,Egbeda,Osengere,Public,Local Government,Primary,Primary Health Clinic,7.3820417,4.0857317
FAC0892,30/22/1/1/1/0030,Surulere Health Post,Ogbomosho South,Ibapon,Public,Local Government,Primary,Health Post,8.124521667,4.217428333
FAC0893,30/05/1/2/2/0002,Divine Favour Hospital,Egbeda,Wakajaiye,Private,For Profit,Secondary,Primary Health Center,7.420374,3.9707499
FAC0894,30/32/1/1/2/0015,Oluwakemi Convalescent Home,Saki West,Otun/Isia,Private,Unknown,Primary,Primary Health Clinic,8.6585533,3.3858167
FAC0895,30/22/1/1/2/0009,Ife Oluwa Clinic and Maternity Home,Ogbomosho South,Alapata,Private,For Profit,Primary,Primary Health Clinic,8.1211267,4.2303917
FAC0896,30/26/1/1/1/0032,Olosunde Awotunde Babarere Primary Health Center,Ona Ara,Olorunsogo,Public,Local Government,Primary,Primary Health Center,7.35102882322,3.97972823522
FAC0897,30/14/1/1/2/0004,Gods Knot Hospital,Ido,Apete/Ologuneru,Private,For Profit,Secondary,Primary Health Center,7.435415,3.828255
FAC0898,30/03/1/1/1/0036,Isale Oyo Health Center,Atiba,Asipa 1,Public,Local Government,Primary,Primary Health Clinic,7.863891602,3.927673339
FAC0899,30/01/1/1/1/0021,Police Medical Center,Ibadan North East,Basorun,Public,Federal Government,Tertiary,Unknown,7.402526855,3.928894043
FAC0900,30/01/1/2/1/0002,Ilora General Hospital,Afijio,Ilora 2,Public,State Government,Secondary,Primary Health Clinic,7.799316406,3.894104004
FAC0901,30/02/1/1/1/0003,Akinyele Primary Health Center,Akinyele,Akinyele,Public,Local Government,Primary,Primary Health Center,7.59967041,3.915893554
FAC0902,30/12/1/1/2/0003,Igbodudu Health Center,Ibarapa East,Itabo,Public,Local Government,Primary,Primary Health Center,7.685913086,3.512084961
FAC0903,30/32/1/1/1/0039,Ilua Primary Health Center,Saki West,Baabo,Public,Local Government,Primary,Primary Health Center,8.687072754,3.358520508
FAC0904,30/05/1/1/1/0016,Mercy Land Hospital,Egbeda,Monatan,Private,For Profit,Secondary,Primary Health Center,7.395975396,3.953526903
FAC0905,30/03/1/1/1/0002,Aafin Primary Health Center,Atiba,Aafin 1,Public,Local Government,Primary,Primary Health Center,7.854492187,3.934082032
FAC0906,30/03/1/1/2/0011,Needy Clinic and Maternity Centre,Atiba,Basorun,Private,For Profit,Secondary,Primary Health Center,7.852478028,3.936889648
FAC0907,30/03/1/3/2/0075,Blessed Clinic and Maternity Centre,Atiba,Asipa 2,Private,For Profit,Tertiary,Primary Health Center,7.873718262,3.934326172
FAC0908,30/24/1/1/2/0006,Tesi Apata Leemp Health Center,Olorunsogo,Opa Ogundiran,Public,Local Government,Primary,Primary Health Clinic,8.786315918,4.045715332
FAC0909,30/22/1/1/1/0028,Randa Health Post,Ogbomosho South,Ibapon,Public,Local Government,Primary,Health Post,8.137084961,4.229492187
FAC0910,30/27/1/2/2/0005,Raslomus Clinic and Maternity,Ori Ire,Tewure,Private,For Profit,Primary,Primary Health Clinic,8.32279135273,4.21434449908
FAC0911,30/31/1/1/1/0012,Imodi Health Post,Saki East,Oke Agoro,Public,Local Government,Primary,Primary Health Center,8.55365806106,3.70760477083
FAC0912,30/03/1/1/1/0044,Oke Olola Primary Health Center,Atiba,Agunpopo 1,Public,Local Government,Primary,Primary Health Center,7.86152635273,3.94115619908
FAC0913,30/26/1/1/1/0033,Oniyefun Primary Health Center,Ona Ara,Idi Ose,Public,Local Government,Primary,Primary Health Center,7.32914,3.9603
FAC0914,30/06/1/1/1/0009,Basorun Primary Health Center,Ibadan North,Basorun,Public,Local Government,Primary,Primary Health Center,7.41521,3.93252
FAC0915,30/30/1/1/2/0006,Baptist College 0 F Theology Clinic,Oyo West,Isokun 5,Private,For Profit,Secondary,Primary Health Center,7.819738333,3.919473333
FAC0916,30/20/1/1/2/0018,Oluwakemi Clinic,Lagelu,Ejioku,Private,For Profit,Primary,Primary Health Clinic,7.40172155273,3.95978379908
FAC0917,30/14/1/1/1/0025,Garden Of Eden Hospital,Ido,Apete/Ologuneru,Private,For Profit,Secondary,Primary Health Center,7.38303631973,3.82511783208
FAC0918,,Ibadan Centre Hospital,Ibadan South West,Oke Ado / Liberty,Unknown,Unknown,Primary,Primary Health Center,7.363891602,3.874084473
FAC0919,,Ifelagba Community Health Center,Surulere,Iregba,Public,Unknown,Primary,Primary Health Center,8.051011667,4.55172
FAC0920,,Ala Aso Osun,Akinyele,Ikereku,Unknown,Unknown,Primary,Primary Health Center,7.632507324,4.002685547
FAC0921,,Leep Dogo Primary Health Center,Olorunsogo,Aboke,Public,Unknown,Primary,Primary Health Center,8.70619,4.18319
FAC0922,,Ayede Health Center,Lagelu,Lalupon 1,Public,Unknown,Primary,Primary Health Center,7.446345,4.088885
FAC0923,,Olapelu Health Center,Ori Ire,Elesun-Adeosun,Public,Unknown,Primary,Primary Health Center,8.0934617,4.105305
FAC0924,,Alayin Primary Health Center,Iseyin,Isalu 2,Public,Unknown,Primary,Primary Health Center,8.203018333,3.689771667
FAC0925,,Moya Ayetoro Primary Health Center,Ori Ire,Ahoro Dada,Public,Unknown,Primary,Primary Health Center,8.048755,4.107156667
FAC0926,,Papa Health Center,Lagelu,Oyedeji 1,Public,Unknown,Primary,Primary Health Center,7.575006667,4.116083333
FAC0927,,Olokoto Primary Health Care,Olorunsogo,Aboke,Public,Unknown,Primary,Primary Health Center,8.5817462,4.1973067
FAC0928,,Aguo Health Clinic,Afijio,Akinmorin,Public,Unknown,Primary,Primary Health Center,7.747863333,3.91561
FAC0929,,Origi Health Center,Ibarapa North,Ofiki 1,Public,Unknown,Primary,Primary Health Center,7.49931,3.159955
FAC0930,,Ilowagbade Health Center,Ori Ire,Esinele,Public,Unknown,Primary,Primary Health Center,8.197325,3.917125
FAC0931,,Alabi Olorunda Model Primary Health Center,Afijio,Awe 2,Public,Unknown,Primary,Primary Health Center,7.7086183,4.0148933
FAC0932,,Igboyi Community Primary Health Centre,Ogbomosho North,Aje-Ogunbado,Public,Unknown,Primary,Primary Health Center,8.128921667,4.217261667
FAC0933,,Olukeye Primary Health Center,Egbeda,Osengere,Public,Unknown,Primary,Primary Health Center,7.357615,4.123365
FAC0934,,Atan Health Center,Afijio,Imini,Public,Unknown,Primary,Primary Health Center,7.67782,3.7569917
FAC0935,,Olodo Health Center,Lagelu,Monatan,Public,Unknown,Primary,Primary Health Center,7.43095,4.001663333
FAC0936,,Samuel Adegbite Memorial Hospital,Akinyele,Aroro,Private,Unknown,Primary,Primary Health Center,7.54307,3.970068333
FAC0937,,Silda Care Diagnostic,Egbeda,Alakia,Private,Unknown,Primary,Unknown,7.4087511,3.978892
FAC0938,,Elshaddi Clinic,Iseyin,Oke Ola/Oke Oja,Private,Unknown,Primary,Primary Health Center,7.981333333,3.58602
FAC0939,,Abimbola Hospital,Ibadan North East,Atipe,Private,Unknown,Primary,Primary Health Center,7.356356667,3.925431667
FAC0940,,Asdr,Ibadan South West,Oke Ado / Liberty,Public,Unknown,Primary,Primary Health Center,7.367675781,3.865112305
FAC0941,,Bowen University Primary Health Center,Ogbomosho North,Osupa,Private,Unknown,Primary,Unknown,8.148125,4.2148767
FAC0942,,Total Diagnostics Health Care,Ibadan North,Yemetu,Private,Unknown,Primary,Unknown,7.388015,3.899676667
FAC0943,,Lead City International School Clinic,Ibadan North West,Afonta,Private,Unknown,Primary,Unknown,7.400031667,3.866853333
FAC0944,,Ashiawu Adesina Memorial,Iseyin,Oke Ola/Oke Oja,Unknown,Unknown,Primary,Primary Health Center,7.968505859,3.58972168
FAC0945,,Blue Roses,Oluyole,Olomi,Private,Unknown,Primary,Primary Health Center,7.330013333,3.905626667
FAC0946,,Elewuro Aladura Igangan Health Center,Iwajowa,Elekokan,Public,Unknown,Primary,Primary Health Center,7.797205,3.210763333
FAC0947,,University College Annex Hospital,Ibadan North,Basorun,Public,Unknown,Secondary,Unknown,7.411678333,3.914901667
FAC0948,,81 Batallion Medical Clinic,Ibadan North,Sango,Public,Unknown,Primary,Unknown,7.414741667,3.885075
FAC0949,,Bayowa Health Care,Ogbomosho North,Masifa,Private,Unknown,Primary,Primary Health Center,8.137545,4.2515183
FAC0950,,Santhos Hospital,Ibadan South East,Challenge,Private,Unknown,Primary,Primary Health Center,7.345405,3.8789717
FAC0951,,Ibukun Olu Dental Clinic,Ogbomosho North,Okelerin,Private,Unknown,Primary,Primary Health Center,8.1342,4.240205
FAC0952,,Imperial Hospital,Ibadan North,Yemetu,Private,Unknown,Primary,Primary Health Center,7.387585,3.900005
FAC0953,,Olayinka Clinic,Ona Ara,Oremeji,Private,Unknown,Primary,Primary Health Center,7.357421667,3.951763333
FAC0954,,Shilo Clinic and Maternity,Ona Ara,Olunloyo,Private,Unknown,Primary,Primary Health Clinic,7.344686667,3.969171667
FAC0955,,Oyin and Hellenic Hope Specialist Hospital and Maternity,Egbeda,Alakia,Private,Unknown,Tertiary,Primary Health Clinic,7.374095,3.97004
FAC0956,,Camaria Specialist Hospital,Ibadan North,Basorun,Private,Unknown,Tertiary,General Hospital,7.41436,3.925161667
FAC0957,,Samron Specialist Hospital,Ibadan South West,Oke Ado / Liberty,Private,Unknown,Tertiary,General Hospital,7.3688283,3.86675
FAC0958,,Gods Favour Specialist Hospital,Lagelu,Monatan,Private,Unknown,Tertiary,General Hospital,7.4054464,3.9543604
FAC0959,,Oluwafemi Specialist Hospital,Ido,Omi Adio,Private,Unknown,Tertiary,General Hospital,7.407793333,3.799481667
FAC0960,,Ayodele Specialist Hospital and Maternity,Egbeda,Alakia,Private,Unknown,Tertiary,Primary Health Clinic,7.3965556,3.9784009
FAC0961,,Femi Specialist Hospital,Ibadan North,Basorun,Private,Unknown,Tertiary,General Hospital,7.406015,3.927335
FAC0962,,New World Specialist Hospital,Ibadan South West,Challenge / Ring Road,Private,Unknown,Tertiary,General Hospital,7.355818333,3.88266
FAC0963,,Molete Diagnostics and Services Clinic,Ido,Omi Adio,Private,Unknown,Primary,Unknown,7.385243333,3.825246667
FAC0964,,St Deborah Specialist Hospital,Lagelu,Olorunda 1,Private,Unknown,Tertiary,General Hospital,7.4492427,3.9527066
FAC0965,,Anuoluwa Specialist Hospital,Ido,Omi Adio,Private,Unknown,Tertiary,General Hospital,7.3646567,3.8345233
FAC0966,,Oyindolapo Maternity Clinic,Egbeda,Alakia,Unknown,Unknown,Primary,Primary Health Clinic,7.362487793,3.962524414
FAC0967,,Abike Maternity,Lagelu,Monatan,Unknown,Unknown,Primary,Primary Health Clinic,7.432678222,4.006713867
FAC0968,,Ogele Health Clinic,Ogo Oluwa,Ayetoro,Unknown,Unknown,Primary,Primary Health Center,7.984680176,4.307128907
FAC0969,,Oni Iwawon Traditional Clinic and Maternity Centre,Iseyin,Oke Ola/Oke Oja,Unknown,Unknown,Primary,Primary Health Clinic,7.968688965,3.590881348
FAC0970,,Adejare Embalming Centre,Ibadan North East,Odeaje,Unknown,Unknown,Primary,Primary Health Center,7.340698243,3.924682617
FAC0971,,Ogo Oluwa Ultra Sound Clinic,Egbeda,Egbeda,Private,Unknown,Primary,Primary Health Center,7.37371,3.9958885
FAC0972,,Grace Autralsound Centre,Atiba,Aremo,Unknown,Unknown,Primary,Primary Health Center,7.877929688,3.931274414
FAC0973,,Adua Medical Center,Ori Ire,Ikoyi-Ile,Private,Unknown,Primary,Primary Health Clinic,8.246528333,4.169253333
FAC0974,,Ebi Health Center,Kajola,Imoba / Oke Ogun,Public,Unknown,Primary,Primary Health Center,7.93387,3.329716667
FAC0975,,Titilola Medical Center,Ori Ire,Ikoyi-Ile,Private,Unknown,Primary,Primary Health Clinic,8.240745,4.160011667
FAC0976,,Kulodi Primary Health Center,Ona Ara,Akanran 1,Public,Unknown,Primary,Primary Health Center,7.34016,3.999728333
FAC0977,,Foritaje Health Center,Afijio,Awe 2,Public,Unknown,Primary,Primary Health Center,7.695178333,4.052193333
FAC0978,,Yaku Health Center,Ori Ire,Ikoyi-Ile,Public,Unknown,Primary,Primary Health Center,8.172675,4.18327
FAC0979,,Mdg Health Center,Lagelu,Oyedeji 1,Public,Unknown,Primary,Primary Health Center,7.6010967,4.1254283
FAC0980,,University College Abedo Model Primary Health Care Center,Akinyele,Moniya,Public,Unknown,Primary,Unknown,7.545328333,3.910485
FAC0981,,Mowale Health Center,Olorunsogo,Waaro/Apata Alaje,Public,Unknown,Primary,Primary Health Center,8.536671,4.0647408
FAC0982,,Community Health Centre,Ona Ara,Olunloyo,Public,Unknown,Primary,Primary Health Center,7.345438333,3.969686667
FAC0983,,Baale Primary Health Center,Iseyin,Akinwumi/Osoogun,Public,Unknown,Primary,Primary Health Center,7.786128333,3.550403333
FAC0984,,Oke Oyan Adeoye Primary Health Center,Saki West,Ogidigbo,Public,Unknown,Primary,Primary Health Center,8.551108333,3.34154
FAC0985,,Proposed Iware Health Center,Ogo Oluwa,Ayetoro,Public,Unknown,Primary,Primary Health Center,7.960645,4.298068333
FAC0986,,Faramora Community Health Center,Iseyin,Faramora,Public,Unknown,Primary,Primary Health Center,8.0197017,3.6732967
FAC0987,,Layan Primary Health Care,Irepo,Laha / Ajana,Public,Unknown,Primary,Primary Health Center,8.9684816,3.8901565
FAC0988,,Isokan Dev Health Center,Ido,Gbekuba,Public,Unknown,Primary,Primary Health Center,7.43861,3.801995
FAC0989,,Alugbo Erunmu Model Primary Health Care,Lagelu,Lalupon 1,Public,Unknown,Primary,Primary Health Center,7.4502517,4.0717017
FAC0990,,Igbo Pry Health Center,Lagelu,Offa-Igbo,Public,Unknown,Primary,Primary Health Center,7.507615,4.112725
FAC0991,,Busogboro Health Center,Oluyole,Idi Ayunre,Public,Unknown,Primary,Primary Health Center,7.1709433,3.8780167
FAC0992,,Bcos Staff Clinic,Ibadan North East,Basorun,Public,Unknown,Primary,Primary Health Center,7.411023333,3.932645
FAC0993,,Onilali Primary Health Center,Olorunsogo,Aboke,Public,Unknown,Primary,Primary Health Center,8.609006667,4.233901667
FAC0994,,Jarija Sango Ibon Health Center,Afijio,Imini,Public,Unknown,Primary,Primary Health Center,7.624595,3.74834
FAC0995,,Ibadan Northeast Primary Health Center,Ibadan North East,Basorun,Public,Unknown,Primary,Primary Health Center,7.404158333,3.933708333
FAC0996,,Support Programme Elegede Iseyin Family Clinic,Iseyin,Oke Ola/Oke Oja,Public,Unknown,Primary,Primary Health Center,7.962785,3.604845
FAC0997,,Abungudu Primary Health Center,Saki West,Ogidigbo,Public,Unknown,Primary,Primary Health Center,8.4638,3.1807183
FAC0998,,Eko Kan,Saki West,Eko-Kan,Public,Unknown,Primary,Primary Health Center,8.752368333,3.266321667
FAC0999,,Oniroko Csdp Community Health Center,Oyo West,Ajokideru,Public,Unknown,Primary,Primary Health Center,8.044191667,3.759001667
FAC1000,,Oke Apo Primary Health Center,Oyo East,Jabata,Public,Unknown,Primary,Primary Health Center,7.844243333,3.935953333
FAC1001,,The Family Specialist Hospital,Ibadan North,Basorun,Private,Unknown,Tertiary,General Hospital,7.415675,3.930016667
FAC1002,,Alafia Oluwa Iresa Pupa Hospital,Surulere,Ireesapa,Private,Unknown,Primary,Primary Health Center,8.070563333,4.344023333
FAC1003,,Iwokoyo Fasola Fasola Iwokoto Health Center,Akinyele,Iwokoto,Unknown,Unknown,Primary,Primary Health Center,7.59564,3.96234
FAC1004,,Ajibowu Ajibowu Health Center,Olorunsogo,Waaro/Apata Alaje,Unknown,Unknown,Primary,Primary Health Center,8.51931,4.05979
FAC1005,,Olatiwa Clinic,Akinyele,Aroro,Private,Unknown,Primary,Primary Health Center,7.534095,3.962926667
FAC1006,,Jenet Lanlate Clinic,Ibarapa East,Isale Togun,Private,Unknown,Primary,Primary Health Center,7.597665,3.448576667
FAC1007,,Glad Tidings Health Center,Ogbomosho North,Saabo / Taara,Private,Unknown,Primary,Primary Health Center,8.1498767,4.2499967
FAC1008,,Shaun Sobaloju Kute Medical Hospital,Lagelu,Monatan,Private,Unknown,Primary,Primary Health Center,7.4390608,3.9823313
FAC1009,,Bethesda Clinic,Ogbomosho South,Arowomole,Private,Unknown,Primary,Primary Health Center,8.088533333,4.23599
FAC1010,,Famous Hospital,Ido,Omi Adio,Private,Unknown,Primary,Primary Health Center,7.409176667,3.769406667
FAC1011,,Lade Hospital,Ibadan South West,Foko / Ologede,Private,Unknown,Primary,Primary Health Center,7.374821667,3.889696667
FAC1012,,Layi Memorial Clinic,Lagelu,Monatan,Private,Unknown,Primary,Primary Health Center,7.41896,3.986758333
FAC1013,,Ogo Oluwa Health Center,Lagelu,Monatan,Private,Unknown,Primary,Primary Health Center,7.401923333,3.94987
FAC1014,,Zion Nigeria Limited Hospital,Ibadan South West,Aleshinloye,Private,Unknown,Primary,Primary Health Center,7.381301667,3.869168333
FAC1015,,Delight Hospital,Ibadan South West,Challenge / Ring Road,Private,Unknown,Primary,Primary Health Center,7.3493483,3.8747717
FAC1016,,Asake Hospital,Ona Ara,Araro,Private,Unknown,Primary,Primary Health Center,7.1718567,4.0347333
FAC1017,,Wonderland Clinic,Oyo West,Iseke,Private,Unknown,Primary,Primary Health Center,7.833986667,3.915691667
FAC1018,,Ayesebotan Clinic,Iseyin,Oke Ola/Oke Oja,Private,Unknown,Primary,Primary Health Center,7.973298333,3.599503333
FAC1019,,Moromoke Memorial Clinic,Ibadan North East,Aperin,Private,Unknown,Primary,Primary Health Center,7.371765,3.920066667
FAC1020,,B Med Hospital,Ibadan North East,Aperin,Private,Unknown,Primary,Primary Health Center,7.368353333,3.919116667
FAC1021,,Ile Aanu Private Hospital,Ido,Omi Adio,Private,Unknown,Primary,Primary Health Center,7.314318333,3.739446667
FAC1022,,Bako Chemist Store,Olorunsogo,Waaro/Apata Alaje,Private,Unknown,Primary,Primary Health Center,8.583181667,4.040891667
FAC1023,,Omo Oroki Traditional Orthopaedic Hospital,Ona Ara,Olunloyo,Private,Unknown,Primary,Primary Health Center,7.342498333,3.960063333
FAC1024,,Al Mumuun Hospital,Ido,Omi Adio,Private,Unknown,Primary,Primary Health Center,7.381,3.78559
FAC1025,,World Hope Badeku Health Center,Ona Ara,Ajia,Private,Unknown,Primary,Primary Health Center,7.348818333,4.075065
FAC1026,,Omolabake Badeku Hospital,Ona Ara,Ajia,Private,Unknown,Primary,Primary Health Center,7.351968333,4.068803333
FAC1027,,Alpha Beta Medics Services Health Care,Ibadan South West,Aleshinloye,Private,Unknown,Primary,Primary Health Center,7.3746867,3.8627017
FAC1028,,Emilagba Maternity Hospital,Oluyole,Muslim,Private,Unknown,Primary,Primary Health Center,7.321834,3.9518814
FAC1029,,Wonderful Gods Hospital,Ido,Omi Adio,Private,Unknown,Primary,Primary Health Center,7.353878333,3.81807
FAC1030,,Blessed Hospital,Afijio,Imini,Private,Unknown,Primary,Primary Health Center,7.7489767,3.7374333
FAC1031,,Ope Olu Kajola Clinic,Irepo,Iba 3,Private,Unknown,Primary,Primary Health Center,9.0818883,3.8588533
FAC1032,,J Ralph Clinic,Atisbo,Ofiki,Private,Unknown,Primary,Primary Health Center,8.448128333,3.339335
FAC1033,,Ibidun Clinic,Lagelu,Monatan,Private,Unknown,Primary,Primary Health Center,7.434586667,4.002578333
FAC1034,,Oluwatimileyin Clinic,Lagelu,Monatan,Private,Unknown,Primary,Primary Health Center,7.4304367,4.0059817
FAC1035,,Goodnews Hospital,Ibadan South East,Challenge,Private,Unknown,Primary,Primary Health Center,7.35729,3.888825
FAC1036,,Emilagba Health Center,Ona Ara,Akanran 1,Private,Unknown,Primary,Primary Health Center,7.280903333,4.025553333
FAC1037,,Oluwasyi Odo Ina Hospital,Ido,Omi Adio,Private,Unknown,Primary,Primary Health Center,7.381945,3.850481667
FAC1038,,Aanuoluwap Health Center,Ibarapa Central,Idofin,Private,Unknown,Primary,Primary Health Center,7.4271833,3.2914117
FAC1039,,Olayemi Clinic,Iseyin,Oke Ola/Oke Oja,Private,Unknown,Primary,Primary Health Center,7.973598333,3.598033333
FAC1040,,Opeloyeru Hospital,Iseyin,Oke Ola/Oke Oja,Private,Unknown,Primary,Primary Health Center,7.976558333,3.590363333
FAC1041,,Egbejoda Egbejoda Mokore Health Center,Oluyole,Bare,Unknown,Unknown,Primary,Primary Health Center,7.27862,3.76935
FAC1042,,Mobolaji Hospital,Ibadan North East,Agugu,Unknown,Unknown,Primary,Primary Health Center,7.380310058,3.932128906
FAC1043,,Ipese Olu Maternity and Child Welfare Clinic,Akinyele,Ojoo,Unknown,Unknown,Primary,Primary Health Clinic,7.492492676,3.933898926
FAC1044,,Aremo Government Dental Center,Ibadan North East,Oja Gbo,Unknown,Unknown,Tertiary,General Hospital,7.375488281,3.919128418
FAC1045,,Egbeda Health Post,Egbeda,Erunmu,Unknown,Unknown,Primary,Health Post,7.443115234,4.049316407
FAC1046,,Our Lady Clinic,Iwajowa,Iwere Ile,Unknown,Unknown,Primary,Primary Health Center,8.000488281,3.093688965
FAC1047,,Wounderful World Hospital,Ido,Omi Adio,Unknown,Unknown,Primary,Primary Health Center,7.381713867,3.821472168
FAC1048,,Widow and Aged Clinic,Ogo Oluwa,Lagbedu,Unknown,Unknown,Primary,Unknown,7.929321289,4.133117676
FAC1049,,Oke Oola Health Post,Ogbomosho North,Aje-Ogunbado,Unknown,Unknown,Primary,Health Post,8.128112793,4.237487793
FAC1050,,Ola Olu Child Health and Maternity Centre,Ogbomosho North,Saja / Isale Ora,Private,Unknown,Primary,Primary Health Clinic,8.1260883,4.2550533
FAC1051,,Modupe Oluwa Child Welfare,Orelope,Igbope 2,Private,Unknown,Primary,Primary Health Center,8.8392167,3.777805
FAC1052,,Bello Maternity Child Welfare Clinic,Saki West,Iya,Unknown,Unknown,Primary,Primary Health Center,8.689086914,3.395690918
FAC1053,,Anike Child Welfare Clinic,Ibadan North West,Ekotedo,Unknown,Unknown,Primary,Primary Health Center,7.390686035,3.885925293
FAC1054,,Oluwafunmbi Child Welfare Clinic,Ido,Omi Adio,Private,Unknown,Primary,Primary Health Center,7.38645631973,3.83033283208
FAC1055,,Atiba Staff Clinic,Oyo East,Balogun,Private,Unknown,Primary,Primary Health Center,7.855128333,3.958941667
FAC1056,,Komu Primary Health Center,Iseyin,Oke Ola/Oke Oja,Public,Unknown,Primary,Primary Health Center,7.9863537,3.5809778
FAC1057,,Temidire Health Center,Iseyin,Oke Ola/Oke Oja,Public,Unknown,Primary,Primary Health Center,7.9870641,3.5804482
FAC1058,,Moye Child Welfare Maternity Home,Saki West,Oke Oro,Unknown,Unknown,Primary,Primary Health Clinic,8.674499512,3.397521973
FAC1059,,Adigun Health Center,Ibadan North,Yemetu,Private,Unknown,Primary,Primary Health Center,7.398668,3.9062312
FAC1060,,Gbedu Primary Health Center,Egbeda,Egbeda,Public,Unknown,Primary,Primary Health Center,7.359372,3.9989807
FAC1061,,Palupo Primary Health Center,Ona Ara,Idi Ose,Public,Unknown,Primary,Primary Health Center,7.3496062,3.9803675
FAC1062,,Kehinsi Primary Health Center,Egbeda,Alakia,Public,Unknown,Primary,Primary Health Center,7.374846,3.9542764
FAC1063,,Baabo Clinic,Egbeda,Egbeda,Private,Unknown,Primary,Primary Health Center,7.3610907,3.9966131
FAC1064,,Isaba Taba Primary Health Center,Saki West,Oke Oro,Public,Unknown,Primary,Primary Health Center,8.668588,3.3966958
FAC1065,,Mayin Primary Health Center,Ogo Oluwa,Opete,Public,Unknown,Primary,Primary Health Center,8.015245241,4.294996737
FAC1066,,Labi Patrick Hospital,Akinyele,Akinyele,Private,Unknown,Primary,Primary Health Center,7.599075,3.914881667
FAC1067,,Moranugba Clinic and Maternity Centre,Ona Ara,Oremeji,Private,Unknown,Primary,Primary Health Clinic,7.362801667,3.953566667
FAC1068,,Abake Memorial Hospital,Egbeda,Monatan,Private,Unknown,Primary,Primary Health Center,7.4099306,3.9623972
FAC1069,,Living Grace Hospital,Oluyole,Olomi,Private,Unknown,Primary,Primary Health Center,7.315568333,3.919273333
FAC1070,,Strong Tower Clinic and Maternity,Egbeda,Wakajaiye,Private,Unknown,Primary,Primary Health Clinic,7.400183333,3.997576667
FAC1071,,Omo Ade Clinic,Ogo Oluwa,Otamokun,Private,Unknown,Primary,Primary Health Center,7.96034,4.1760033
FAC1072,,Aanuolu Maternity and Child Welfare Clinic,Olorunsogo,Aboke,Private,Unknown,Primary,Primary Health Clinic,8.70525,4.18437
FAC1073,,All Muliku Jaba Clinic,Ona Ara,Akanran 1,Private,Unknown,Primary,Primary Health Center,7.313635,4.005853333
FAC1074,,Oyekunle Clinic,Iseyin,Koso 1,Private,Unknown,Primary,Primary Health Center,7.965805,3.569078333
FAC1075,,Nurain Medical Center,Kajola,Elero,Private,Unknown,Primary,Primary Health Clinic,8.098655,3.351493333
FAC1076,,Coker Health Center,Akinyele,Moniya,Public,Unknown,Primary,Primary Health Center,7.523315,3.863598333
FAC1077,,Joha Specialist Hospital,Egbeda,Alakia,Private,Unknown,Tertiary,General Hospital,7.391503333,3.966633333
FAC1078,,Tiamiyu Oyerinde Memorial Clinic,Oluyole,Bare,Private,Unknown,Primary,Primary Health Center,7.235643333,3.808763333
FAC1079,,His Mercy Medical Center,Oyo East,Jabata,Private,Unknown,Primary,Primary Health Clinic,7.847165,3.918688333
FAC1080,,Poly Health Center,Ibadan North,Samonda,Unknown,Unknown,Primary,Unknown,7.43719141634,3.88530250241
FAC1081,,Irefi Community,Ibadan North East,Irefin,Unknown,Unknown,Primary,Primary Health Center,7.389282227,3.912292481
FAC1082,,Temilola Maternity and Child Welfare Clinic,Egbeda,Olodo,Private,Unknown,Primary,Primary Health Clinic,7.418338333,4.012285
FAC1083,,St Anthony Clinic,Akinyele,Ojoo,Private,Unknown,Primary,Primary Health Center,7.454765,3.909633333
FAC1084,,Toun Memorial Clinic,Atisbo,Irawo/Owode,Private,Unknown,Primary,Primary Health Center,8.533805,3.3538033
FAC1085,,Promise Iluju Clinic and Maternity Centre,Ori Ire,Ikoyi-Ile,Private,Unknown,Primary,Primary Health Clinic,8.202785,4.200165
FAC1086,,Bisol Medical Center,Oyo West,Owode Imuagun,Private,Unknown,Primary,Primary Health Clinic,7.807573333,3.906168333
FAC1087,,Heritage Of God Clinic and Maternity Home,Atisbo,Owo,Private,Unknown,Primary,Primary Health Clinic,8.4363483,3.337615
FAC1088,,Good News Hospital,Akinyele,Moniya,Private,Unknown,Primary,Primary Health Center,7.510461667,3.925235
FAC1089,,Mosebolatan Holistic Hospital,Ibadan North East,Aperin,Private,Unknown,Primary,Primary Health Center,7.364083333,3.938551667
FAC1090,,Emmanuel Execl Clinic and Maternity Centre,Oyo West,Owode Imuagun,Private,Unknown,Primary,Primary Health Clinic,7.820405,3.902703333
FAC1091,,Ileri Clinic and Child Welfare Irepodun,Egbeda,Alakia,Private,Unknown,Primary,Primary Health Center,7.385941667,3.990155
FAC1092,,Omolewa Clinic Mayernity Child Welfare Centre,Egbeda,Egbeda,Unknown,Unknown,Primary,Primary Health Center,7.377929688,4.047302246
FAC1093,,Anfani Apinni Hospital,Oyo East,Jabata,Private,Unknown,Primary,Primary Health Center,7.846476667,3.934975
FAC1094,,Sooro Staff Clinic Better Lifesabooyo,Atiba,Aremo,Public,Unknown,Primary,Primary Health Center,7.880995,3.936096667
FAC1095,,Idi Emi Akilapa Leemp Community Project,Afijio,Ilora 3,Public,Unknown,Primary,Primary Health Center,7.679345,3.869721667
FAC1096,,Six Bed Hospital Primary Health Centre,Ibarapa North,Tapa 1,Unknown,Unknown,Primary,Primary Health Center,7.562072754,3.23449707
FAC1097,,Owe Kankun Maternity Centre,Akinyele,Moniya,Public,Unknown,Primary,Primary Health Clinic,7.511456667,3.87698
FAC1098,,Ore Ofe Estate E Primary Health Center,Ogbomosho South,Ilogbo,Public,Unknown,Primary,Primary Health Center,8.100833333,4.254241667
FAC1099,,Ileba Health Post,Afijio,Iware,Public,Unknown,Primary,Health Post,7.64852,3.9585333
FAC1100,,Idi Igba Abojupa Idi Igba Maternity Centre,Oyo West,Owode Imuagun,Public,Unknown,Primary,Primary Health Clinic,7.804316667,3.915516667
FAC1101,,Aiyedade Abapanu Primary Health Center,Ido,Omi Adio,Public,Unknown,Primary,Primary Health Center,7.360765,3.816386667
FAC1102,,Covenant Of Peace Clinic and Maternity,Surulere,Oko,Public,Unknown,Primary,Primary Health Clinic,7.962535,4.339871667
FAC1103,,Ofiki Maternity Health Center,Atisbo,Ofiki,Public,Unknown,Primary,Primary Health Clinic,8.443685,3.331385
FAC1104,,Odogun Primary Health Center,Iseyin,Ekunle 1,Public,Unknown,Primary,Primary Health Center,7.904165,3.72719
FAC1105,,Akinbola Health Center,Afijio,Ilora 3,Public,Unknown,Primary,Primary Health Center,7.695443333,3.862975
FAC1106,,Emiabata Health Post,Afijio,Awe 2,Public,Unknown,Primary,Health Post,7.832031667,4.049785
FAC1107,,Adegbola Oke Health Center,Iseyin,Ado Awaye,Public,Unknown,Primary,Primary Health Center,7.698763333,3.442911667
FAC1108,,Itosi Araromi Maternity Health Center,Afijio,Imini,Public,Unknown,Primary,Primary Health Clinic,7.721515,3.773313333
FAC1109,,Ida Ogun Primary Health Center,Atiba,Asipa 3,Public,Unknown,Primary,Primary Health Center,8.079796667,3.924333333
FAC1110,,Akitlkosawe Health Center,Lagelu,Monatan,Public,Unknown,Primary,Primary Health Center,7.4297606,3.970818
FAC1111,,Onifa Primary Health Center,Afijio,Ilora 3,Public,Unknown,Primary,Primary Health Center,7.745301667,3.860256667
FAC1112,,Abudoro General Hospital,Lagelu,Olorunda 2,Public,Unknown,Secondary,General Hospital,7.499188333,4.026458333
FAC1113,,Abule Bello Health Center,Ibarapa North,Ofiki 1,Public,Unknown,Primary,Primary Health Center,7.621445,3.131373333
FAC1114,,Gbonkan Health Center,Itesiwaju,Owode Ipapo,Public,Unknown,Primary,Primary Health Center,8.282315,3.567146667
FAC1115,,Abandoned Health Facility,Akinyele,Akinyele,Public,Unknown,Primary,Primary Health Center,7.570923333,3.928591667
FAC1116,,Olubi Health Center,Oluyole,Idi Ayunre,Public,Unknown,Primary,Primary Health Center,7.092385,3.91133
FAC1117,,Ilupeju Community Health Center,Ido,Ido/Odebode,Public,Unknown,Primary,Primary Health Center,7.569598333,3.707731667
FAC1118,,Abujakan Health Center,Afijio,Akinmorin,Public,Unknown,Primary,Primary Health Center,7.752223333,3.976386667
FAC1119,,Ipeba Health Center,Ori Ire,Oolo,Public,Unknown,Primary,Primary Health Center,7.97038,4.0776167
FAC1120,,Akoda Igbo Olosun Maternity Centre,Afijio,Awe 2,Public,Unknown,Primary,Primary Health Clinic,7.717255,4.056575
FAC1121,,Algon Comprehensive Health Center,Ibadan South East,Molete,Public,Unknown,Primary,Primary Health Center,7.346318333,3.893208333
FAC1122,,Igbori Igbori Maternity Centre,Olorunsogo,Aboke,Public,Unknown,Primary,Primary Health Clinic,8.624396667,4.185741667
FAC1123,,Oluyole Primary Health Center,Oluyole,Onipe,Public,Unknown,Primary,Primary Health Center,7.335745,3.861841667
FAC1124,,Oyo East Local Government Imeleke Health Post,Afijio,Iware,Public,Unknown,Primary,Health Post,7.7055728,3.9926417
FAC1125,,Oluwatedo Maternity Centre,Afijio,Imini,Public,Unknown,Primary,Primary Health Clinic,7.816721667,3.763185
FAC1126,,Ojongbodu Ifesowapo Orowole Village Maternity Centre,Afijio,Imini,Public,Unknown,Primary,Primary Health Clinic,7.81515,3.810531667
FAC1127,,Oja Omoba Health Center,Afijio,Awe 2,Public,Unknown,Primary,Primary Health Center,7.693723333,4.040338333
FAC1128,,Loogun Health Clinic,Afijio,Awe 2,Public,Unknown,Primary,Primary Health Center,7.689495,4.03707
FAC1129,,Mercy Land Maternity Centre,Egbeda,Alakia,Public,Unknown,Primary,Primary Health Clinic,7.37385,3.965536667
FAC1130,,Ara Oyo Maternity Centre,Atiba,Basorun,Public,Unknown,Primary,Primary Health Clinic,7.949243333,3.974473333
FAC1131,,University Of Ilorin Teaching Hospital,Irepo,Iba 3,Public,Unknown,Tertiary,Teaching/Tertiary Hospital,9.125415,3.847961667
FAC1132,,Ehinke Maternity Centre,Irepo,Laha / Ajana,Public,Unknown,Primary,Primary Health Clinic,9.072595,3.849898333
FAC1133,,Ago Oyo Primary Health Center,Afijio,Ilora 3,Public,Unknown,Primary,Primary Health Center,7.698601667,3.822888333
FAC1134,,Ayetoro Primary Health Center,Afijio,Ilora 3,Public,Unknown,Primary,Primary Health Center,7.720995,3.852685
FAC1135,,Aribonbo Primary Health Center,Afijio,Ilora 3,Public,Unknown,Primary,Primary Health Center,7.687345,3.8320833
FAC1136,,Anarun Health Center,Lagelu,Oyedeji 2,Public,Unknown,Primary,Primary Health Center,7.6202033,4.0771817
FAC1137,,Idogun Primary Health Center,Egbeda,Osengere,Public,Unknown,Primary,Primary Health Center,7.409028333,4.104073333
FAC1138,,Ajebamidele Tede Primary Health Center,Itesiwaju,Owode Ipapo,Public,Unknown,Primary,Primary Health Center,8.362021667,3.569701667
FAC1139,,Ojongbodu Mini Clinic,Oyo West,Iseke,Public,Unknown,Primary,Primary Health Center,7.849975,3.910495
FAC1140,,Ogbere Oloba Model Primary Health Center,Egbeda,Alakia,Public,Unknown,Primary,Primary Health Center,7.376181667,3.951626667
FAC1141,,Akindele Health Center,Ido,Ido/Odebode,Public,Unknown,Primary,Primary Health Center,7.568075,3.740713333
FAC1142,,Odokurodo Health Center,Oluyole,Bare,Public,Unknown,Primary,Primary Health Center,7.251635,3.79121
FAC1143,,Oloya Health Post,Oyo West,Ojongbodu,Public,Unknown,Primary,Health Post,8.003515,3.764508333
FAC1144,,Iranyin Primary Health Center,Ogbomosho North,Aje-Ogunbado,Public,Unknown,Primary,Primary Health Center,8.128773333,4.241095
FAC1145,,Atiba Police Clinic,Oyo East,Jabata,Public,Unknown,Secondary,Unknown,7.84562,3.948741667
FAC1146,,Gbale Asun Health Center,Oluyole,Idi Ayunre,Public,Unknown,Primary,Primary Health Center,7.161741667,3.920276667
FAC1147,,Iware Primary Health Center,Afijio,Imini,Public,Unknown,Primary,Primary Health Center,7.653098333,3.788815
FAC1148,,Ekotedo Dental Center,Ibadan North West,Ekotedo,Public,Unknown,Tertiary,General Hospital,7.38856,3.879036667
FAC1149,,Okedoyin Maternity,Atiba,Agunpopo 2,Unknown,Unknown,Primary,Primary Health Clinic,8.0326,4.03835
FAC1150,,Jabata Community Maternity Centre,Oyo West,Akeetan,Public,Unknown,Primary,Primary Health Clinic,7.838271667,3.929058333
FAC1151,,Monaapink Maternity Health Center,Ibarapa Central,Idofin,Unknown,Unknown,Primary,Primary Health Clinic,7.42606131973,3.28537616608
FAC1152,,Gods Grace Maternity,Ona Ara,Olunloyo,Private,Unknown,Primary,Primary Health Clinic,7.337715,3.945693333
FAC1153,,El Shaddai and Fertility Hospital Clinic,Oluyole,Onipe,Private,Unknown,Primary,Primary Health Center,7.337613333,3.866196667
FAC1154,,Akit Rungra Korea Hospital,Ibadan North,Bodija,Private,Unknown,Primary,Primary Health Center,7.42267,3.908325
FAC1155,,Gods Covenant Clinic and Maternity,Lagelu,Monatan,Private,Unknown,Primary,Primary Health Clinic,7.437756667,3.998461667
FAC1156,,El Bethel Hospital,Ibadan South West,Challenge / Ring Road,Private,Unknown,Primary,Primary Health Center,7.370475,3.854176667
FAC1157,,Al Barka Maternity and Child Welfare Clinic,Ona Ara,Idi Ose,Private,Unknown,Primary,Primary Health Clinic,7.3269308,3.9639312
FAC1158,,Gods Faithfulness Hospital,Ibadan South West,Oke Ado / Liberty,Private,Unknown,Primary,Primary Health Center,7.364455,3.88151
FAC1159,,St Raphaels Medical Center,Ibadan North,Oke Itunu,Private,Unknown,Secondary,Primary Health Clinic,7.412086667,3.8898
FAC1160,,Al Hamana Clinic and Maternity Centre,Egbeda,Alakia,Private,Unknown,Primary,Primary Health Clinic,7.383435,3.966355
FAC1161,,Al Lateef Hospital and Maternity Center,Akinyele,Moniya,Private,Unknown,Primary,Primary Health Clinic,7.513131667,3.913188333
FAC1162,,Jegede,Ona Ara,Gbedun,Unknown,Unknown,Primary,Primary Health Center,7.196716309,4.003295898
FAC1163,,St Jacobs Memorial Hospital,Ido,Omi Adio,Private,Unknown,Primary,Primary Health Center,7.39563,3.8088017
FAC1164,,Dabira North Side Hospital,Egbeda,Olubadan,Private,Unknown,Primary,Primary Health Center,7.39985,3.936301667
FAC1165,,Sadiwon Health Post,Surulere,Iregba,Unknown,Unknown,Primary,Health Post,8.02626,4.5131
FAC1166,,Ajoke Clinic and Maternity Centre,Surulere,Oko,Private,Unknown,Primary,Primary Health Clinic,7.957725,4.345163333
FAC1167,,Eseke Maternity,Olorunsogo,Waaro/Apata Alaje,Unknown,Unknown,Primary,Primary Health Clinic,8.53656,4.06516
FAC1168,,Aladorin Primary Health Center,Ibadan North,Yemetu,Unknown,Unknown,Primary,Primary Health Center,7.39354,3.90055
FAC1169,,Iporin Maternity Centre,Ori Ire,Elesun-Adeosun,Unknown,Unknown,Primary,Primary Health Clinic,8.19139,4.07407
FAC1170,,Alpha and Omega N T C Maternity and Child Welfare Clinic,Ibadan South West,Oke Ado / Liberty,Unknown,Unknown,Primary,Primary Health Clinic,7.37284,3.87773
FAC1171,,Oluyole Adaramagbo Primary Health Center,Ibadan North East,Odeaje,Unknown,Unknown,Primary,Primary Health Center,7.33861,3.91941
FAC1172,,Omodokun Lanlate Clinic,Ibarapa East,Isale Togun,Private,Unknown,Primary,Primary Health Center,7.602768333,3.446493333
FAC1173,,Tomkol Clinic and Maternity Centre,Egbeda,Egbeda,Private,Unknown,Primary,Primary Health Clinic,7.372011667,3.99483
FAC1174,,Faith Maternity and Child Welfare Clinic,Iwajowa,Ayegun,Private,Unknown,Primary,Primary Health Clinic,7.962331667,2.89428
FAC1175,,Crown Hospital and Maternity Center,Ibadan South West,Oke Ado / Liberty,Private,Unknown,Primary,Primary Health Clinic,7.3721567,3.8784567
FAC1176,,Oluwadarasimi Clinic and Maternity,Atiba,Asipa 3,Private,Unknown,Primary,Primary Health Clinic,8.1417912,3.9052607
FAC1177,,Miracle Clinic and Maternity Home,Ogbomosho North,Saabo / Taara,Private,Unknown,Primary,Primary Health Clinic,8.152036667,4.2363
FAC1178,,Wabas Maternity Clinic,Ona Ara,Idi Ose,Private,Unknown,Primary,Primary Health Clinic,7.3341199,3.9730417
FAC1179,,Abike Maternity Centre,Lagelu,Monatan,Private,Unknown,Primary,Primary Health Clinic,7.433065,4.0064217
FAC1180,,Moyosore Aba Epo Clinic and Maternity,Ona Ara,Akanran 1,Private,Unknown,Primary,Primary Health Clinic,7.3304135,3.9988087
FAC1181,,Iya Ni Wura Apete Maternity,Ona Ara,Olunloyo,Private,Unknown,Primary,Primary Health Clinic,7.336688333,3.946105
FAC1182,,Omoniyi Clinic,Ibadan South West,Molete,Private,Unknown,Primary,Primary Health Center,7.384006667,3.88005
FAC1183,,Goodnews Maternity and Child Welfare Clinic,Ibadan South West,Apata / Odo Ona,Private,Unknown,Primary,Primary Health Clinic,7.3719883,3.850175
FAC1184,,Sabela Alabebe Monatan Hospital Maternity,Egbeda,Monatan,Private,Unknown,Primary,Primary Health Clinic,7.412283333,3.962816667
FAC1185,,Da Goodness Medical Center,Akinyele,Ojoo,Private,Unknown,Secondary,Primary Health Clinic,7.493166667,3.93481
FAC1186,,Oluyemi Clinic Maternity,Akinyele,Ojoo,Private,Unknown,Primary,Primary Health Clinic,7.494648333,3.935656667
FAC1187,,Amen Ayegun Maternity Health Center,Oluyole,Ayegun,Private,Unknown,Primary,Primary Health Clinic,7.287343333,3.927126667
FAC1188,,Christ Love Hospital and Maternity Center,Akinyele,Ojoo,Private,Unknown,Primary,Primary Health Clinic,7.501651667,3.93361
FAC1189,,Comfort Clinic and Maternity Centre,Ona Ara,Idi Ose,Private,Unknown,Primary,Primary Health Clinic,7.330035,3.970175
FAC1190,,Titilope Clinic and Maternity Home,Ona Ara,Idi Ose,Private,Unknown,Primary,Primary Health Clinic,7.328285,3.98732
FAC1191,,Felewa Hospital Maternity,Ibadan South West,Oke Ado / Liberty,Private,Unknown,Primary,Primary Health Clinic,7.363198333,3.8842
FAC1192,,Bolutife Wakajaye Maternity and Child Welfare Clinic,Egbeda,Wakajaiye,Private,Unknown,Primary,Primary Health Clinic,7.404988333,3.993493333
FAC1193,,Apata Ayeraye Maternity and Child Welfare Clinic,Oluyole,Ayegun,Private,Unknown,Primary,Primary Health Clinic,7.279911667,3.919968333
FAC1194,,Godswill Comprehensive Clinic and Maternity Home,Ido,Omi Adio,Private,Unknown,Primary,Primary Health Clinic,7.360456667,3.789746667
FAC1195,,Juliet Okubadejo Hospital,Egbeda,Alakia,Private,Unknown,Primary,Primary Health Center,7.396355,3.988763333
FAC1196,,Abake Memorial Clinic and Maternity,Egbeda,Alakia,Private,Unknown,Primary,Primary Health Clinic,7.398375,3.987668333
FAC1197,,Debip Hospital,Ibadan South West,Challenge / Ring Road,Private,Unknown,Primary,Primary Health Center,7.359073333,3.866003333
FAC1198,,Layi Clinic and Maternity Centre,Egbeda,Alakia,Private,Unknown,Primary,Primary Health Clinic,7.4004359,3.9784332
FAC1199,,Adetoro Clinic and Maternity,Ogbomosho North,Saabo / Taara,Private,Unknown,Primary,Primary Health Clinic,8.137416667,4.242765
FAC1200,,Araromide Clinic,Ido,Apete/Ologuneru,Private,Unknown,Primary,Primary Health Center,7.455983333,3.849038333
FAC1201,,Temitope Hospital,Akinyele,Ojoo,Private,Unknown,Primary,Primary Health Center,7.470373333,3.9169
FAC1202,,Mount Zion Hospital,Akinyele,Ojoo,Private,Unknown,Primary,Primary Health Center,7.480096667,3.914525
FAC1203,,Bethesda Medical Center,Akinyele,Ojoo,Private,Unknown,Primary,Primary Health Clinic,7.456956667,3.916961667
FAC1204,,Kings Clinic and Maternity Home,Ido,Omi Adio,Private,Unknown,Primary,Primary Health Clinic,7.370371667,3.798823333
FAC1205,,Abraham and Maria Hospital,Ido,Apete/Ologuneru,Private,Unknown,Primary,Primary Health Center,7.456443333,3.871588333
FAC1206,,St Macrina Limited Hospital,Ibadan South West,Challenge / Ring Road,Private,Unknown,Primary,Primary Health Center,7.354436667,3.884735
FAC1207,,Dorjil Hospital,Ibadan South West,Challenge / Ring Road,Private,Unknown,Primary,Primary Health Center,7.354188333,3.883531667
FAC1208,,Get Well Akingbade Hospital,Egbeda,Alakia,Private,Unknown,Primary,Primary Health Center,7.387031667,3.956568333
FAC1209,,Thy Grace Clinic and Maternity Centre,Ido,Apete/Ologuneru,Private,Unknown,Primary,Primary Health Clinic,7.44565,3.855643333
FAC1210,,Akinlolu Maternity Centre,Akinyele,Ikereku,Private,Unknown,Primary,Primary Health Clinic,7.630143333,3.970643333
FAC1211,,Segun Adeniji Memorial Abobo Hospital and Maternity,Ido,Omi Adio,Private,Unknown,Primary,Primary Health Clinic,7.357576667,3.807278333
FAC1212,,Eyitayo Medical Center,Ibadan North East,Basorun,Private,Unknown,Secondary,Primary Health Clinic,7.399946667,3.926563333
FAC1213,,Tristate Hospital,Ibadan North East,Basorun,Private,Unknown,Primary,Primary Health Center,7.401025,3.92637
FAC1214,,Glory Of God Clinic and Maternity,Ido,Omi Adio,Private,Unknown,Primary,Primary Health Clinic,7.389783333,3.820298333
FAC1215,,Abiye Lomo Mi and Medicine Store Maternity,Ori Ire,Elesun-Adeosun,Private,Unknown,Primary,Primary Health Clinic,8.112038333,4.181086667
FAC1216,,Rccg Oyo Province 3 Maternity,Ido,Omi Adio,Private,Unknown,Primary,Primary Health Clinic,7.380365,3.81724
FAC1217,,Jehovah Raph Gbedun Maternity,Ona Ara,Gbedun,Private,Unknown,Primary,Primary Health Clinic,7.229731667,4.027011667
FAC1218,,Kejide Hospital,Ibadan North West,Ekotedo,Private,Unknown,Primary,Primary Health Center,7.395153333,3.887526667
FAC1219,,God Mercy Clinic,Akinyele,Moniya,Private,Unknown,Primary,Primary Health Center,7.511781667,3.906346667
FAC1220,,Yinka Clinic and Maternity Centre,Ogbomosho South,Ibapon,Private,Unknown,Primary,Primary Health Clinic,8.105821667,4.197216667
FAC1221,,Olamide Maternity and Child Welfare Clinic,Saki West,Baabo,Private,Unknown,Primary,Primary Health Clinic,8.678521667,3.369485
FAC1222,,Ola Oluwa Lsale Alubo Okeho Clinic and Maternity,Kajola,Isia,Private,Unknown,Primary,Primary Health Clinic,8.031896667,3.344773333
FAC1223,,Luli Medical Center,Ido,Omi Adio,Private,Unknown,Primary,Primary Health Clinic,7.344626667,3.810595
FAC1224,,Iyanu Oluwa Maternity Centre,Ona Ara,Akanran 1,Private,Unknown,Primary,Primary Health Clinic,7.343213333,3.997913333
FAC1225,,Saint Vincent Medical Center,Ibadan North,Basorun,Private,Unknown,Secondary,Primary Health Clinic,7.423386667,3.914948333
FAC1226,,Genesis Clinic and Maternity Centre,Ona Ara,Olunloyo,Private,Unknown,Primary,Primary Health Clinic,7.342416667,3.95997
FAC1227,,Jehovah Rapha Maternity Home,Ona Ara,Olunloyo,Private,Unknown,Primary,Primary Health Clinic,7.344205,3.963061667
FAC1228,,Molete Medical Center,Ona Ara,Olunloyo,Private,Unknown,Primary,Primary Health Clinic,7.340818333,3.96465
FAC1229,,Orisun Ayo Clinic and Maternity Centre,Ona Ara,Idi Ose,Private,Unknown,Primary,Primary Health Clinic,7.342121667,3.982923333
FAC1230,,Peter Ogunranti Ogunniyi Memorial Hospital,Ogbomosho North,Osupa,Private,Unknown,Primary,Primary Health Center,8.159165,4.226078333
FAC1231,,Oluwafunmibi Maternity Home,Ido,Omi Adio,Private,Unknown,Primary,Primary Health Clinic,7.392943333,3.781993333
FAC1232,,Motilayo Medical Center,Ibadan North East,Aperin,Private,Unknown,Primary,Primary Health Clinic,7.365605,3.929103333
FAC1233,,Titilope Clinic and Maternity Health Centre,Ori Ire,Olorunda 13,Private,Unknown,Primary,Primary Health Clinic,8.297508333,4.344223333
FAC1234,,Ike Olu Clinic and Maternity Health Centre,Ibadan North East,Aperin,Private,Unknown,Primary,Primary Health Clinic,7.36622,3.933921667
FAC1235,,Amazing Grace Clinic and Maternity Centre,Ido,Ogundele / Shiba,Private,Unknown,Primary,Primary Health Clinic,7.400905,3.835841667
FAC1236,,Ola Oluwa Maternity Home,Lagelu,Monatan,Private,Unknown,Primary,Primary Health Clinic,7.404738333,3.945168333
FAC1237,,Odee Memorial Nursing and Maternity Hospital,Lagelu,Monatan,Private,Unknown,Primary,Primary Health Clinic,7.406636667,3.944148333
FAC1238,,Ekundayo Clinic and Maternity Home,Ogbomosho North,Masifa,Private,Unknown,Primary,Primary Health Clinic,8.145596667,4.264136667
FAC1239,,Salaudeen Memorial Clinic and Maternity Centre,Ibadan North,Basorun,Private,Unknown,Primary,Primary Health Clinic,7.410775,3.919475
FAC1240,,Liberty Medical Center,Ido,Apete/Ologuneru,Private,Unknown,Secondary,Primary Health Clinic,7.464533333,3.846526667
FAC1241,,Beulah Maternity Centre,Ona Ara,Idi Ose,Private,Unknown,Primary,Primary Health Clinic,7.316195,3.980675
FAC1242,,Mogbesola Mortuary Services Hospital,Oyo West,Iseke,Private,Unknown,Primary,Primary Health Center,7.850026667,3.906586667
FAC1243,,Maria Ebun Memorial Maternity and Community Health Centre,Egbeda,Alakia,Private,Unknown,Primary,Primary Health Clinic,7.3884208,3.9854942
FAC1244,,Royal Clinic,Ibadan North,Ago Tapa,Private,Unknown,Primary,Primary Health Center,7.409551667,3.890735
FAC1245,,Lolade Maternity,Ibadan South East,Odinjo,Private,Unknown,Primary,Primary Health Clinic,7.354736667,3.9196
FAC1246,,Manna Medical Center,Ibadan North East,Oke Adu,Private,Unknown,Secondary,Primary Health Clinic,7.391463333,3.924195
FAC1247,,Goshen Maternity,Lagelu,Monatan,Private,Unknown,Primary,Primary Health Clinic,7.421576667,3.984115
FAC1248,,Beta Life Hospital,Ibadan South West,Oke Ado / Liberty,Private,Unknown,Primary,Primary Health Center,7.36487,3.882118333
FAC1249,,Joy Hospital and Maternity Center,Ibadan South West,Oke Ado / Liberty,Private,Unknown,Primary,Primary Health Clinic,7.3666167,3.8773867
FAC1250,,Pilgrims Hospital,Lagelu,Monatan,Private,Unknown,Primary,Primary Health Center,7.4262356,3.995944
FAC1251,,Alfred Clinic and Maternity Centre,Akinyele,Ojoo,Private,Unknown,Primary,Primary Health Clinic,7.478878333,3.909881667
FAC1252,,Oceanic Breeze Health Care Centre,Lagelu,Lalupon 1,Private,Unknown,Primary,Primary Health Center,7.4519033,4.063365
FAC1253,,Samaritan Hospital,Ibadan South West,Challenge / Ring Road,Private,Unknown,Primary,Primary Health Center,7.353785,3.86399
FAC1254,,Omoluabi Hospital Maternity,Akinyele,Moniya,Private,Unknown,Primary,Primary Health Clinic,7.510281667,3.920186667
FAC1255,,Ebenezer Clinic,Ibadan North,Yemetu,Private,Unknown,Primary,Primary Health Center,7.394395,3.904245
FAC1256,,Prospect Medical Center,Ibadan South East,Molete,Private,Unknown,Primary,Primary Health Clinic,7.3465083,3.8972683
FAC1257,,Trust Care Medical Centre,Ibadan North,Sango,Private,Unknown,Secondary,Primary Health Clinic,7.426991667,3.894826667
FAC1258,,In God We Trust Hospital Clinic and Maternity,Oluyole,Olomi,Private,Unknown,Primary,Primary Health Clinic,7.318196667,3.920846667
FAC1259,,Ife Olu Clinic and Maternity Home,Ona Ara,Idi Osan,Private,Unknown,Primary,Primary Health Clinic,7.338836667,3.962305
FAC1260,,Ebun Oluwa Maternity Centre,Ogbomosho North,Saabo / Taara,Private,Unknown,Primary,Primary Health Clinic,8.1445967,4.2500917
FAC1261,,Adeitan Memorial Maternity Health Center,Ibadan South East,Odinjo,Private,Unknown,Primary,Primary Health Clinic,7.356956667,3.917058333
FAC1262,,Damilare Maternity and Child Welfare Clinic,Ogbomosho North,Abogunde,Private,Unknown,Primary,Primary Health Clinic,8.119018333,4.258381667
FAC1263,,Adeyemo Memorial Hospital,Ibadan North East,Oke Adu,Private,Unknown,Primary,Primary Health Center,7.389008333,3.926883333
FAC1264,,Oluade Maternity and Child Welfare Clinic,Ibadan North East,Oke Adu,Private,Unknown,Primary,Primary Health Clinic,7.390395,3.92366
FAC1265,,Alaanu Loluwa Iwoya Maternity and Child Welfare Clinic,Iseyin,Oke Ola/Oke Oja,Private,Unknown,Primary,Primary Health Clinic,7.964776667,3.584708333
FAC1266,,Oroki Medical Center,Oyo West,Opapa / Fafunke,Private,Unknown,Primary,Primary Health Clinic,7.865705,3.915968333
FAC1267,,Safurat Adeyemo Memorial Maternity Clinic,Oyo West,Opapa / Fafunke,Private,Unknown,Primary,Primary Health Clinic,7.875158333,3.905796667
FAC1268,,Oyin Ife Clinic and Maternity,Ona Ara,Olunloyo,Private,Unknown,Primary,Primary Health Clinic,7.355295,3.94367
FAC1269,,Dominic Ajekunle Oyo Hospital,Oyo East,Balogun,Private,Unknown,Primary,Primary Health Center,7.850813333,3.954811667
FAC1270,,Inland Hospital and Maternity Center,Ona Ara,Olorunsogo,Private,Unknown,Primary,Primary Health Clinic,7.339763333,3.935598333
FAC1271,,Ibilayo Hospital,Atiba,Asipa 1,Private,Unknown,Primary,Primary Health Center,7.890195,3.947016667
FAC1272,,Ise Oluwa Medical Center,Oyo East,Jabata,Private,Unknown,Primary,Primary Health Clinic,7.847795,3.944773333
FAC1273,,Isamo Anu Olu New Olokonla Clinic and Maternity Centre,Atiba,Afin 1,Private,Unknown,Primary,Primary Health Clinic,7.883388333,3.931195
FAC1274,,Kola Oluwa,Ido,Omi Adio,Private,Unknown,Primary,Primary Health Center,7.368825,3.8157983
FAC1275,,Tobi Medical Center,Ibadan South East,Challenge,Private,Unknown,Primary,Primary Health Clinic,7.3448317,3.8837667
FAC1276,,Gods Mercy Clinic,Ona Ara,Olunloyo,Unknown,Unknown,Primary,Unknown,7.35143,3.94466
FAC1277,,Picnic Medical Center,Ido,Ido/Odebode,Unknown,Unknown,Primary,Primary Health Clinic,7.47403,3.78609
FAC1278,,Idi Ape Medical Center,Ibadan North,Basorun,Unknown,Unknown,Primary,Primary Health Clinic,7.40774,3.92407
FAC1279,,Surulere General Hospital,Atisbo,Ago Are 2,Unknown,Unknown,Secondary,General Hospital,8.50074,3.42944
FAC1280,,St Elizabeth Specialist Hospital,Ibadan South West,Challenge / Ring Road,Unknown,Unknown,Tertiary,General Hospital,7.34714,3.86825
FAC1281,,Christus Hospital,Egbeda,Alakia,Unknown,Unknown,Primary,Unknown,7.38373,3.9935
FAC1282,,Koso Iseyin Primary Health Center,Iseyin,Oke Ola/Oke Oja,Unknown,Unknown,Primary,Primary Health Center,7.9852249,3.5803258
FAC1283,,Opoo Okaka Health Center,Iseyin,Oke Ola/Oke Oja,Unknown,Unknown,Primary,Primary Health Center,7.9858886,3.5840946
FAC1284,,Nigeria Air Force Medical Center,Lagelu,Olorunda 1,Unknown,Unknown,Secondary,Unknown,7.431802629,3.947623512
FAC1285,,Egbeda Tuba Health Center,Ona Ara,Idi Ose,Unknown,Unknown,Primary,Primary Health Center,7.28477,3.983541667
FAC1286,,Oluwakosehuntui Hospital,Oluyole,Muslim,Private,Unknown,Tertiary,General Hospital,7.3233913,3.954899
FAC1287,,Araromi Primary Health Center,Oyo West,Owode Imuagun,Public,Unknown,Primary,Primary Health Center,7.824793333,3.924803333
FAC1288,,Aganmu Health Post,Saki West,Oke Oro,Public,Unknown,Primary,Health Post,8.6648284,3.3948047
FAC1289,,Ago Oluabi Primary Health Center,Egbeda,Egbeda,Public,Unknown,Primary,Primary Health Center,7.3611558,3.9892777
FAC1290,,Ajegunle Aged and Widow,Saki West,Oke Oro,Unknown,Unknown,Primary,Primary Health Center,8.6675609,3.3963806
FAC1291,,Glory Of God Clinic and Maternity Centre,Ibadan South East,Adesola,Private,Unknown,Primary,Primary Health Clinic,7.360943333,3.92312
FAC1292,,Adisa L Memorial Primary Health Center,Ibadan North,Agbowo,Public,Unknown,Primary,Primary Health Center,7.447928333,3.911101667
FAC1293,,Mofowoku Health Facility,Orelope,Modeke,Public,Unknown,Primary,Primary Health Center,8.828035,3.73264
FAC1294,,Tuncharia Health Project,Lagelu,Oyedeji 1,Private,Unknown,Primary,Primary Health Center,7.598655,4.1229067
FAC1295,,The Life Hospital,Ibadan North East,Odeaje,Unknown,Unknown,Primary,Unknown,7.338317871,3.924072266
FAC1296,,Tbl Molete Clinic,Ibadan South West,Popoyemoja,Unknown,Unknown,Primary,Unknown,7.360473633,3.889282226
FAC1297,,Alake Maternity Centre,Ibadan South East,Molete,Unknown,Unknown,Primary,Primary Health Clinic,7.349304199,3.900085449
FAC1298,,Duntan Hospital and Maternity,Ibadan South West,Ita Aregbe Omo,Private,Unknown,Primary,Primary Health Clinic,7.36681795273,3.89001949908
FAC1299,,St Annes Specialist Hospital,Ibadan North,Basorun,Private,Unknown,Tertiary,General Hospital,7.419951667,3.91171
FAC1300,,Oluyoro Aladori Health Post,Ibadan North East,Oke Adu,Unknown,Unknown,Primary,Health Post,7.386291504,3.918518067
FAC1301,,Molly Specialist Hospital,Ibadan North,Basorun,Private,Unknown,Tertiary,General Hospital,7.424681667,3.912673333
FAC1302,,Ropheka Clinic and Maternity,Ogbomosho North,Saabo / Taara,Private,Unknown,Primary,Primary Health Clinic,8.162663333,4.251855
FAC1303,,Narl Specialist Clinic,Ibadan North,Basorun,Private,Unknown,Tertiary,General Hospital,7.429943333,3.933658333
FAC1304,,Joy and Peace Specialist Hospital,Ibadan South East,Challenge,Private,Unknown,Tertiary,General Hospital,7.3476233,3.87963
FAC1305,,Alpha Specialist Hospital,Ibadan North,Basorun,Private,Unknown,Tertiary,General Hospital,7.424363333,3.92431
FAC1306,,Agbeke Mercy Medical Center,Ibadan North,Samonda,Public,Unknown,Tertiary,Primary Health Clinic,7.427375,3.889105
FAC1307,,Igangan Federal Medical Center,Ibarapa North,Igangan 3,Public,Unknown,Secondary,Unknown,7.674376667,3.175366667
FAC1308,,Alafara Health Center,Oluyole,Olomi,Unknown,Unknown,Primary,Primary Health Center,7.338078,3.90674
FAC1309,,Funmilayo Igangan Clinic and Maternity,Ibarapa North,Igangan 3,Private,Unknown,Primary,Primary Health Clinic,7.6890883,3.1756933
FAC1310,,Hope Medical Center,Ibadan South East,Molete,Private,Unknown,Secondary,Primary Health Clinic,7.35654,3.901926667
FAC1311,,Vine Clinic and Maternity,Ogbomosho North,Abogunde,Private,Unknown,Primary,Primary Health Clinic,8.115446667,4.26272
FAC1312,,Alayo Clinic and Maternity,Ogbomosho North,Abogunde,Private,Unknown,Primary,Primary Health Clinic,8.114073333,4.25969
FAC1313,,Opeoluwa Hospital and Maternity Home,Ibarapa North,Igangan 3,Private,Unknown,Primary,Primary Health Clinic,7.67422,3.172276667
FAC1314,,Omolabi Clinic and Maternity Home,Ogbomosho North,Saja / Isale Ora,Private,Unknown,Primary,Primary Health Clinic,8.123751667,4.271383333
FAC1315,,Olaoluwa Okaka Maternity Centre,Itesiwaju,Okaka 2,Private,Unknown,Primary,Primary Health Clinic,8.2151967,3.4638176
FAC1316,,Toluwalase Maternity and Clinic,Ona Ara,Idi Ose,Private,Unknown,Primary,Primary Health Clinic,7.32338,3.985271667
FAC1317,,Modeni,Afijio,Fiditi 2,Unknown,Unknown,Primary,Primary Health Center,7.711914063,3.910522461
FAC1318,,Jola Olu Clinic,Ibadan North East,Oke Adu,Unknown,Unknown,Primary,Primary Health Center,7.396484375,3.92388916
FAC1319,,Unity Hospital,Akinyele,Ojoo,Public,Unknown,Primary,Unknown,7.468613333,3.91362
FAC1320,,Isale Aro Primary Health Center,Oyo West,Owode Imuagun,Public,Unknown,Primary,Primary Health Center,7.7968615,3.8929434
FAC1321,,Olose Primary Health Center,Ori Ire,Tewure,Public,Unknown,Primary,Primary Health Center,8.33135,4.145355
FAC1322,,Non Functional,Ibarapa Central,Oke Serin,Private,Unknown,Primary,Primary Health Center,7.446023333,3.287291667
FAC1323,,St Martina Hospital,Ibadan North West,Afonta,Private,Unknown,Primary,Primary Health Center,7.397001667,3.883176667
FAC1324,,St David Medical Clinic,Ibadan North,Basorun,Private,Unknown,Primary,Unknown,7.43167152886,3.91745589325
FAC1325,,Teju Specialist Hospital,Oyo West,Akeetan,Private,Unknown,Tertiary,General Hospital,7.83607465273,3.93771616608
FAC1326,,Al Mueed Maternity Clinic,Ibadan North East,Aperin,Unknown,Unknown,Primary,Primary Health Clinic,7.372070312,3.931518555
FAC1327,,Ona Ara Maternity Health Center,Ona Ara,Olunloyo,Unknown,Unknown,Primary,Primary Health Clinic,7.34967041,3.957519531
FAC1328,,Redeemers Health Center,Ibadan North East,Basorun,Unknown,Unknown,Primary,Primary Health Center,7.404479981,3.926879883
FAC1329,,Ola Oluwa Nursing Home and Maternity,Saki West,Ajegunle,Unknown,Unknown,Primary,Primary Health Clinic,8.642272949,3.392272949
FAC1330,,Idi Iroko Adewole Primary Health Care Center,Oluyole,Bare,Unknown,Unknown,Primary,Primary Health Center,7.330322266,3.812683105
FAC1331,,Oke Ola Primary Health Center,Saki West,Ajegunle,Unknown,Unknown,Primary,Primary Health Center,8.577270508,3.503479004
FAC1332,,Ago Oyo Health Center,Afijio,Ilora 3,Unknown,Unknown,Primary,Primary Health Center,7.696899414,3.821289062
FAC1333,,Aba Ilorin Primary Health Center,Afijio,Imini,Unknown,Unknown,Primary,Primary Health Center,7.702697754,3.652709961
FAC1334,,Sola Yemi Clinic,Kajola,Isia,Unknown,Unknown,Primary,Primary Health Center,8.034912109,3.352905273
FAC1335,,Orita Mefa Support Programme Family Clinic,Olorunsogo,Aboke,Unknown,Unknown,Primary,Primary Health Center,8.747680664,4.142883301
FAC1336,,Anu Olu Clinic and Maternity Centre,Oyo West,Opapa / Fafunke,Unknown,Unknown,Primary,Primary Health Clinic,7.858703613,3.924926758
FAC1337,,Gods Time and Well Fare Wakajaye Maternity and Clinic,Lagelu,Monatan,Private,Unknown,Primary,Primary Health Clinic,7.4180083,3.9976333
FAC1338,,Made Ola Centre Oke Ola Oko Hospital and Maternity,Surulere,Oko,Unknown,Unknown,Primary,Primary Health Clinic,7.957702637,4.345275879
FAC1339,,Ogaala Primary Health Center,Surulere,Ireesapa,Unknown,Unknown,Primary,Primary Health Center,8.035095215,4.391723633
FAC1340,,Aserawo Health Post,Surulere,Ilajue,Unknown,Unknown,Primary,Health Post,7.900329589,4.396301269
FAC1341,,Asangbomole Health Post,Surulere,Ireesapa,Unknown,Unknown,Primary,Health Post,8.020324707,4.346679687
FAC1342,,Ogojo Health Center,Surulere,Baayaoje,Unknown,Unknown,Primary,Primary Health Center,8.210083008,4.40447998
FAC1343,,Bosamic Clinic,Atiba,Aremo,Unknown,Unknown,Primary,Primary Health Center,7.86529541,3.943725586
FAC1344,,Awero Maternity,Ona Ara,Oremeji,Unknown,Unknown,Primary,Primary Health Clinic,7.374511719,3.943481445
FAC1345,,Owode Elete Health Post,Atiba,Agunpopo 2,Unknown,Unknown,Primary,Health Post,7.960327148,4.069274902
FAC1346,,Adebel Maternity,Akinyele,Ojoo,Unknown,Unknown,Primary,Primary Health Clinic,7.463684082,3.911499023
FAC1347,,Ogundipe Health Post,Ibadan North East,Oke Adu,Unknown,Unknown,Primary,Health Post,7.393493652,3.918701172
FAC1348,,Arinola Memorial Clinic and Maternity Centre,Ibadan North East,Aperin,Unknown,Unknown,Primary,Primary Health Clinic,7.374511719,3.930297852
FAC1349,,Exodus Maternity Clinic,Ona Ara,Olunloyo,Unknown,Unknown,Primary,Primary Health Clinic,7.345703125,3.952270508
FAC1350,,Ore Ofe Maternity Centre,Ibadan North East,Agugu,Unknown,Unknown,Primary,Primary Health Clinic,7.379882812,3.934509277
FAC1351,,Okiki Hospital Maternity,Akinyele,Moniya,Unknown,Unknown,Primary,Primary Health Clinic,7.505676269,3.917297364
FAC1352,,Anu Oluwa Hospital and Maternity,Ibadan North East,Odeaje,Unknown,Unknown,Primary,Primary Health Clinic,7.343078613,3.922485351
FAC1353,,Ayo Hospital and Maternity,Ibadan South West,Molete,Unknown,Unknown,Primary,Primary Health Clinic,7.377685547,3.88269043
FAC1354,,Odunkakin Specialist Hospital,Ibadan South West,Challenge / Ring Road,Unknown,Unknown,Tertiary,General Hospital,7.354125977,3.877075195
FAC1355,,Mobalaji Hospital and Maternity,Ibadan South West,Molete,Unknown,Unknown,Primary,Primary Health Clinic,7.384094238,3.88092041
FAC1356,,Bams Specialist Hospital,Ibadan South West,Challenge / Ring Road,Unknown,Unknown,Tertiary,General Hospital,7.35913086,3.879882813
FAC1357,,Ike Olu Maternity Clinic,Ona Ara,Idi Ose,Unknown,Unknown,Primary,Primary Health Clinic,7.335876465,3.971496582
FAC1358,,Faintain Edge Aduloju Clinic and Maternity,Akinyele,Ojoo,Unknown,Unknown,Primary,Primary Health Clinic,7.44152832,3.924072266
FAC1359,,Anuolu Maternity and Child Welfare Clinic,Ibadan North East,Atipe,Unknown,Unknown,Primary,Primary Health Clinic,7.359924316,3.929321289
FAC1360,,Motilayo Specialist Hospital,Ibadan North East,Aperin,Unknown,Unknown,Tertiary,General Hospital,7.362121582,3.929504394
FAC1361,,Orisun Ayo Clinic Maternity Centre,Ona Ara,Idi Ose,Unknown,Unknown,Primary,Primary Health Clinic,7.338684082,3.979675293
FAC1362,,State Hospital,Oyo West,Owode Imuagun,Unknown,Unknown,Primary,Unknown,7.830322266,3.928100586
FAC1363,,Aderemi Hospital and Maternity Center,Egbeda,Alakia,Unknown,Unknown,Primary,Primary Health Clinic,7.378723144,3.963073731
FAC1364,,Abake Maternity,Lagelu,Monatan,Unknown,Unknown,Primary,Primary Health Clinic,7.404296875,3.957092285
FAC1365,,Akin Maternity Clinic,Lagelu,Lalupon 1,Unknown,Unknown,Primary,Primary Health Clinic,7.451904297,4.063476562
FAC1366,,In His Grace Maternity,Lagelu,Monatan,Unknown,Unknown,Primary,Primary Health Clinic,7.402893067,3.950317383
FAC1367,,Elegbaada Maternity Centre,Lagelu,Ejioku,Unknown,Unknown,Primary,Primary Health Clinic,7.50769043,4.054077149
FAC1368,,Fadebi Hospital,Lagelu,Monatan,Unknown,Unknown,Primary,Unknown,7.426513672,3.995910644
FAC1369,,Iroko 02 Maternity Health Center,Akinyele,Iroko,Unknown,Unknown,Primary,Primary Health Clinic,7.64831543,3.922119141
FAC1370,,Titilope Clinic and Maternity Home,Ona Ara,Oremeji,Unknown,Unknown,Primary,Primary Health Clinic,7.376708984,3.942321778
FAC1371,,Albarika Clinic and Maternity Home,Saki West,Oke Oro,Unknown,Unknown,Primary,Primary Health Clinic,8.679870606,3.399475098
FAC1372,,Dolapo Maternity and Clinic,Ori Ire,Ahoro Dada,Unknown,Unknown,Primary,Primary Health Clinic,8.150878907,4.003479004
FAC1373,,Teju Specialist Hospital,Saki West,Iya,Unknown,Unknown,Tertiary,General Hospital,8.67767334,3.395874023
FAC1374,,Kemi Ogbooro Clinic and Maternity,Saki East,Isale Igbagbo,Unknown,Unknown,Primary,Primary Health Clinic,8.75592041,3.605102539
FAC1375,,Igboro Maternity Centre,Iseyin,Isalu 2,Unknown,Unknown,Primary,Primary Health Clinic,8.221679688,3.646728516
FAC1376,,Oluwakemi Maternity and Child Welfare Clinic,Saki West,Oke Oro,Unknown,Unknown,Primary,Primary Health Clinic,8.662109375,3.390930176
FAC1377,,Olamide Hospital Maternity,Saki West,Ogidigbo,Unknown,Unknown,Primary,Primary Health Clinic,8.671325684,3.371704101
FAC1378,,Shepherd Health Center,Itesiwaju,Owode Ipapo,Unknown,Unknown,Primary,Primary Health Center,8.282470703,3.567504883
FAC1379,,Ilogbo Health Post,Ogo Oluwa,Ayetoro,Unknown,Unknown,Primary,Health Post,7.996704102,4.272094726
FAC1380,,Miracle Maternity,Ogbomosho South,Ijeru 2,Unknown,Unknown,Primary,Primary Health Clinic,8.117675781,4.242919922
FAC1381,,Ajia Health Center,Ona Ara,Ajia,Unknown,Unknown,Primary,Primary Health Center,7.307312012,4.064086914
FAC1382,,Ikereku Primary Health Care Center,Akinyele,Ikereku,Unknown,Unknown,Primary,Primary Health Center,7.629882812,3.97467041
FAC1383,,Abanla Primary Health Center,Oluyole,Abanla,Unknown,Unknown,Primary,Primary Health Center,7.226318359,3.836303711
FAC1384,,Glory Of God Maternity Clinic,Ido,Omi Adio,Unknown,Unknown,Primary,Primary Health Clinic,7.38067627,3.818115234
FAC1385,,Tulshi Chanrai Foundation Project Primary Health Center,Lagelu,Offa-Igbo,Unknown,Unknown,Primary,Primary Health Center,7.56427002,4.127502442
FAC1386,,Arise and Shine Clinic and Maternity Centre,Lagelu,Olorunda 2,Unknown,Unknown,Primary,Primary Health Clinic,7.455871582,4.004089355
FAC1387,,Central Maternity,Iseyin,Oke Ola/Oke Oja,Unknown,Unknown,Primary,Primary Health Clinic,7.968078613,3.597290039
FAC1388,,Glory Diagnostic Laboratory,Iseyin,Ekunle 2,Unknown,Unknown,Primary,Unknown,7.955078125,3.614685059
FAC1389,,Smaria Hospital,Ibadan North East,Oja Gbo,Unknown,Unknown,Primary,Primary Health Center,7.377685547,3.915283203
FAC1390,,Adigun Health Post,Ona Ara,Gbada Ward,Unknown,Unknown,Primary,Health Post,7.273681641,4.073303223
FAC1391,,Araromi Health Primary Centre,Ona Ara,Araro,Unknown,Unknown,Primary,Primary Health Center,7.177124023,4.034912109
FAC1392,,Oluwakemi Faith Delivery Home,Oluyole,Ayegun,Private,Unknown,Primary,Primary Health Center,7.283105,3.922163333
FAC1393,,Alagba Health Post,Akinyele,Akinyele,Unknown,Unknown,Primary,Health Post,7.611511231,3.898071289
FAC1394,,Merciful Medical Center,Oyo East,Jabata,Unknown,Unknown,Primary,Primary Health Clinic,7.845092773,3.922729492
FAC1395,,Olives Hospital,Akinyele,Ojoo,Unknown,Unknown,Primary,Primary Health Center,7.478271484,3.913879395
FAC1396,,Olosunde Primary Health Care,Ibadan North East,Aperin,Unknown,Unknown,Primary,Primary Health Center,7.367919922,3.934875488
FAC1397,,Olubi Primary Health Center,Oluyole,Idi Ayunre,Unknown,Unknown,Primary,Primary Health Center,7.092102051,3.910705566
FAC1398,,Alata Primary Health Center,Oluyole,Onipe,Unknown,Unknown,Primary,Primary Health Center,7.224914551,3.896484375
FAC1399,,7 Up Staff Clinic,Ibadan South West,Challenge / Ring Road,Unknown,Unknown,Secondary,Unknown,7.356506347,3.847717286
FAC1400,,St Georges Hospital,Ibadan South West,Molete,Unknown,Unknown,Primary,Primary Health Center,7.382873535,3.881713868
FAC1401,,Imeleke Health Center,Ibarapa Central,Imeleke,Unknown,Unknown,Primary,Primary Health Center,7.377502442,3.257507325
FAC1402,,Alaho Primary Health Center,Oluyole,Abanla,Unknown,Unknown,Primary,Primary Health Center,7.162109375,3.80291748
FAC1403,,St Titus Hospital,Ibadan North East,Agugu,Unknown,Unknown,Primary,Primary Health Center,7.383483886,3.928710938
FAC1404,,Amazing Grace Hospital,Oluyole,Bare,Unknown,Unknown,Primary,Primary Health Center,7.292907715,3.862670899
FAC1405,,Ireti Ayo Medical Center,Ibadan North,Sango,Unknown,Unknown,Primary,Primary Health Clinic,7.426879883,3.890319824
FAC1406,,Glory Diagnostics Laboratory,Akinyele,Ojoo,Unknown,Unknown,Primary,Unknown,7.466491699,3.912719726
FAC1407,,St Michael Hospital,Oyo West,Owode Imuagun,Unknown,Unknown,Primary,Primary Health Center,7.822692871,3.924316406
FAC1408,,Our Lady Of Apostles Catholics Hospital,Ibadan North East,Oke Adu,Unknown,Unknown,Primary,Unknown,7.389099121,3.920288086
FAC1409,,Ajagba Primary Health Center,Afijio,Awe 2,Unknown,Unknown,Primary,Primary Health Center,7.76928711,4.023498535
FAC1410,,National Blood Transfusion Service,Ibadan North,Agodi,Unknown,Unknown,Tertiary,General Hospital,7.398498535,3.910095215
FAC1411,,Hebron Medical Center,Ibadan South West,Apata / Odo Ona,Unknown,Unknown,Primary,Primary Health Clinic,7.377319336,3.855285644
FAC1412,,Lanark Specialist Hospital,Ibadan South West,Challenge / Ring Road,Unknown,Unknown,Primary,Primary Health Center,7.358093261,3.865478516
FAC1413,,Omowumi Eye Clinic,Ibadan South West,Oke Ado / Liberty,Unknown,Unknown,Tertiary,General Hospital,7.370300293,3.88269043
FAC1414,,Breeze Maternity Laboratory,Ibadan South West,Challenge / Ring Road,Unknown,Unknown,Primary,Unknown,7.360107422,3.86907959
FAC1415,,Lafia Hospital,Ibadan South West,Molete,Unknown,Unknown,Primary,Primary Health Center,7.383483886,3.88269043
FAC1416,,Elekuro Akinbiyi Palace Health Center,Ibadan South East,Asanke,Unknown,Unknown,Primary,Primary Health Center,7.369873047,3.909118652
FAC1417,,Cureland Medical Center,Ibadan North,Sango,Unknown,Unknown,Primary,Primary Health Clinic,7.426879883,3.889282226
FAC1418,,Harkod Biomedical Laboratory,Ibadan South West,Challenge / Ring Road,Unknown,Unknown,Primary,Unknown,7.350524903,3.880493164
FAC1419,,Victory Hospital,Ibadan South West,Oke Ado / Liberty,Unknown,Unknown,Primary,Primary Health Center,7.365905762,3.879516602
FAC1420,,Crown Hospital,Ibadan South West,Challenge / Ring Road,Unknown,Unknown,Primary,Primary Health Center,7.343078613,3.871887207
FAC1421,,Abiola Memorial Hospital,Ibadan North,Yemetu,Unknown,Unknown,Primary,Primary Health Center,7.394714356,3.905517579
FAC1422,,Ariyo Medical Center,Ibadan South West,Challenge / Ring Road,Unknown,Unknown,Primary,Primary Health Clinic,7.354125977,3.882507324
FAC1423,,Idera De Clinic,Ibadan North,Agodi,Unknown,Unknown,Primary,Primary Health Center,7.404479981,3.913513184
FAC1424,,Mogbesola Hospital,Oyo West,Akeetan,Unknown,Unknown,Primary,Primary Health Center,7.838317871,3.922119141
FAC1425,,Laagbe Health Center,Iseyin,Ekunle 2,Unknown,Unknown,Primary,Primary Health Center,7.760314941,3.705322266
FAC1426,,Ifesowopo Community Primary Health Centre,Oluyole,Muslim,Unknown,Unknown,Primary,Primary Health Center,7.323913574,3.94708252
FAC1427,,Akinsawe Health Clinic,Lagelu,Offa-Igbo,Unknown,Unknown,Primary,Primary Health Center,7.481689453,4.103698731
FAC1428,,Sagbe Health Clinic,Lagelu,Oyedeji 4,Unknown,Unknown,Primary,Primary Health Center,7.552490235,4.013122559
FAC1429,,Ido Primary Health Center,Ido,Erinwusi / Koguo,Unknown,Unknown,Primary,Primary Health Center,7.438476563,3.730285645
FAC1430,,All Souls Medical Center,Ibadan South West,Oke Ado / Liberty,Unknown,Unknown,Primary,Primary Health Clinic,7.369689941,3.87512207
FAC1431,,Gilead Hospital,Ibadan South West,Oke Ado / Liberty,Unknown,Unknown,Primary,Primary Health Center,7.368896484,3.876892089
FAC1432,,Sdp Clinic,Lagelu,Monatan,Unknown,Unknown,Primary,Primary Health Center,7.394287109,3.948730469
FAC1433,,Abosede Maternity,Lagelu,Monatan,Unknown,Unknown,Primary,Primary Health Center,7.411926269,3.953918457
FAC1434,,Folarin Primary Health Center,Akinyele,Olorisaoko,Unknown,Unknown,Primary,Primary Health Center,7.555480957,3.862915039
FAC1435,,Conac Optical Nig Ltd Clinic,Ibadan South West,Oke Ado / Liberty,Unknown,Unknown,Tertiary,General Hospital,7.365905762,3.878479004
FAC1436,,Low Cost Primary Health Center,Oyo West,Iseke,Unknown,Unknown,Primary,Primary Health Center,7.855102539,3.894104004
FAC1437,,Adonai Medical Center,Lagelu,Monatan,Unknown,Unknown,Primary,Primary Health Clinic,7.412902832,3.954101563
FAC1438,,Koloko Primary Health Center,Ibadan North East,Aperin,Unknown,Unknown,Primary,Primary Health Center,7.373474121,3.925476074
FAC1439,,Ajiroba Primary Health Center,Atiba,Agunpopo 3,Unknown,Unknown,Primary,Primary Health Center,8.030273438,3.965270996
FAC1440,,Bosunla Primary Health Care Center,Ori Ire,Elesun-Adeosun,Unknown,Unknown,Primary,Primary Health Center,8.104125976,4.160095215
FAC1441,,Baptist Saki Hospital,Saki West,Oke Oro,Unknown,Unknown,Primary,Primary Health Center,8.66229248,3.399719238
FAC1442,,Oke Temple Sepeteri General Hospital,Saki East,Oke Agoro,Unknown,Unknown,Secondary,General Hospital,8.629516601,3.653320312
FAC1443,,Balogun Royal Clinic,Kajola,Elero,Unknown,Unknown,Primary,Primary Health Center,8.095275878,3.343505859
FAC1444,,Bethel Ipapo Hospital,Itesiwaju,Ipapo,Unknown,Unknown,Primary,Primary Health Center,8.118286133,3.50970459
FAC1445,,Koomi Primary Health Care,Saki East,Alamodu,Unknown,Unknown,Primary,Primary Health Center,8.676086426,3.532714843
FAC1446,,Ronke Igbeti Annex Clinic,Olorunsogo,Seriki,Unknown,Unknown,Primary,Primary Health Center,8.746276856,4.138671875
FAC1447,,6 Bedded Primary Health Center,Atisbo,Irawo/Owode,Unknown,Unknown,Primary,Primary Health Center,8.538085937,3.348510742
FAC1448,,Elelu Health Center,Iseyin,Isalu 2,Unknown,Unknown,Primary,Primary Health Center,8.145080566,3.747497559
FAC1449,,Olobuara Health Post,Ogo Oluwa,Ayetoro,Unknown,Unknown,Primary,Health Post,7.860473633,4.37310791
FAC1450,,Ajase Health Clinic,Ogbomosho North,Masifa,Unknown,Unknown,Primary,Primary Health Center,8.16027832,4.263305664
FAC1451,,Jolaade Clinic,Ogbomosho North,Saabo / Taara,Unknown,Unknown,Primary,Primary Health Center,8.146118164,4.249877929
FAC1452,,Proposed Site For Iware Community Health Center,Ogo Oluwa,Ayetoro,Unknown,Unknown,Primary,Primary Health Center,7.958679199,4.296508789
FAC1453,,Alapete Primary Health Center,Ori Ire,Olorunda 13,Unknown,Unknown,Primary,Primary Health Center,8.465515137,4.214477539
FAC1454,,Abegan Herbal Medical Center,Ogbomosho North,Saabo / Taara,Unknown,Unknown,Primary,Primary Health Clinic,8.141479492,4.247314453
FAC1455,,Ladoke Akintola University Health Center,Ogbomosho North,Masifa,Unknown,Unknown,Primary,Unknown,8.168518066,4.263488769
FAC1456,,Dominion Medical Center,Ogbomosho North,Masifa,Unknown,Unknown,Primary,Primary Health Clinic,8.145507813,4.253723144
FAC1457,,Arapanajo Hospital,Irepo,Agoro 11,Unknown,Unknown,Primary,Primary Health Center,9.092529297,3.842712403
FAC1458,,Lukutu Health Post,Saki East,Oke Ola/Oke Oja,Unknown,Unknown,Primary,Health Post,8.514526367,3.661499023
FAC1459,,Olanrewaju Victoria,Iseyin,Oke Ola/Oke Oja,Private,Unknown,Primary,Primary Health Center,7.96294631973,3.59141116608
FAC1460,,Egbeda Health Center,Egbeda,Egbeda,Unknown,Unknown,Primary,Primary Health Center,7.37890625,4.045471191
FAC1461,,Moniya Cottage Hospital,Akinyele,Moniya,Unknown,Unknown,Secondary,Unknown,7.535888672,3.907104493
FAC1462,,Oke Oyan Adeoye Primary Health Care,Saki West,Ogidigbo,Unknown,Unknown,Primary,Primary Health Center,8.567504883,3.150085449
FAC1463,,Akanran Primary Health Care Center,Ona Ara,Akanran 1,Unknown,Unknown,Primary,Primary Health Center,7.270507813,4.026489258
FAC1464,,Oluwo Nla Primary Health Center,Ibadan North,Basorun,Unknown,Unknown,Primary,Primary Health Center,7.415283204,3.932495118
FAC1465,,Mustabib Hospital,Oluyole,Onipe,Unknown,Unknown,Primary,Primary Health Center,7.319885254,3.851074219
FAC1466,,Dagbolu Oyigun Village Primary Health Center,Lagelu,Oyedeji 3,Unknown,Unknown,Primary,Primary Health Center,7.580078125,4.051879883
FAC1467,,Ko Ke Wa Maternal,Egbeda,Monatan,Unknown,Unknown,Primary,Primary Health Center,7.414916992,3.96472168
FAC1468,,Land Of Glory Faith Home Child Birth,Ido,Omi Adio,Private,Unknown,Primary,Primary Health Center,7.410105,3.785375
FAC1469,,All For God Maternity Health Center,Ibadan North West,Nalende,Unknown,Unknown,Primary,Primary Health Clinic,7.392272949,3.889282226
FAC1470,,Boroboro Health Clinic,Oyo East,Balogun,Unknown,Unknown,Primary,Primary Health Center,7.858886719,3.954895019
FAC1471,,Alafia Maternity Centre,Oyo West,Opapa / Fafunke,Unknown,Unknown,Primary,Primary Health Clinic,7.857727051,3.926330566
FAC1472,,Gods Grace Clinic and Maternity,Oyo East,Jabata,Unknown,Unknown,Primary,Primary Health Clinic,7.846496582,3.936279297
FAC1473,,Fiyinfolu Maternity Centre,Oyo West,Opapa / Fafunke,Unknown,Unknown,Primary,Primary Health Clinic,7.86352539,3.923278809
FAC1474,,Shalom Hospital Maternity,Oyo West,Opapa / Fafunke,Unknown,Unknown,Primary,Primary Health Clinic,7.856689453,3.930725098
FAC1475,,Oroki Health Center,Oyo West,Opapa / Fafunke,Unknown,Unknown,Primary,Primary Health Center,7.86730957,3.912109375
FAC1476,,Jesu Labanidaro Maternity Centre,Ogbomosho North,Aje-Ogunbado,Unknown,Unknown,Primary,Primary Health Clinic,8.129699707,4.237487793
FAC1477,,Kenaan Hospital and Maternity,Ogbomosho South,Alapata,Unknown,Unknown,Primary,Primary Health Clinic,8.118896485,4.228088379
FAC1478,,Toki Clinic,Ibarapa East,Anko Eruwa,Unknown,Unknown,Primary,Primary Health Center,7.551696777,3.434082032
FAC1479,,Kondo Health Center,Ibarapa North,Tapa 1,Unknown,Unknown,Primary,Primary Health Center,7.578125,3.309692383
FAC1480,,Six Beds Hospital,Ibarapa Central,Idere,Unknown,Unknown,Primary,Primary Health Center,7.483886719,3.257507325
FAC1481,,Dominic Hospital,Oyo East,Balogun,Unknown,Unknown,Primary,Primary Health Center,7.85168457,3.955078125
FAC1482,,Living Stone Clinic,Oyo East,Alaodi Modeke 3,Unknown,Unknown,Primary,Primary Health Center,7.856689453,3.943908692
FAC1483,,Agunpopo Tuberculosis and Leprosy Clinic,Oyo East,Balogun,Unknown,Unknown,Primary,Primary Health Center,7.856079102,3.94732666
FAC1484,,Alawusa Health Center,Afijio,Fiditi 1,Unknown,Unknown,Primary,Primary Health Center,7.742919922,3.956298829
FAC1485,,Oluwa Loni Clinic,Afijio,Fiditi 2,Unknown,Unknown,Primary,Primary Health Center,7.709899903,3.915527344
FAC1486,,Olubayo Clinic,Kajola,Isia,Unknown,Unknown,Primary,Primary Health Center,8.034484863,3.341491699
FAC1487,,Igbonla Health Clinic,Oyo West,Ajokideru,Unknown,Unknown,Primary,Primary Health Center,8.054077149,3.73828125
FAC1488,,Victory Foundation Medical Center,Ogbomosho North,Aje-Ogunbado,Unknown,Unknown,Primary,Primary Health Clinic,8.120727539,4.219909668
FAC1489,,Ayo Hospital and Ultrasound Care,Ibadan North West,Afonta,Private,Unknown,Primary,Primary Health Center,7.399185,3.871211667
FAC1490,,Jolalere Hospital Centre,Ibadan North East,Basorun,Private,Unknown,Primary,Primary Health Center,7.403965,3.937671667
FAC1491,,Pontela Akinola,Ogo Oluwa,Lagbedu,Unknown,Unknown,Primary,Primary Health Center,7.92010498,4.165527344
FAC1492,,Fortune Hospital and Dental Centre,Ibadan South West,Challenge / Ring Road,Private,Unknown,Primary,Primary Health Center,7.35213,3.8752983
FAC1493,,Ileraloro Maternity Centre and Child Welfare,Ona Ara,Olunloyo,Unknown,Unknown,Primary,Primary Health Clinic,7.348876953,3.938293457
FAC1494,,Rolly Maternity Clinic,Ibadan North,Agbowo,Private,Unknown,Primary,Primary Health Clinic,7.442183333,3.911936667
FAC1495,,Funso Maternity and Child Welfare Care Centre,Surulere,Gambari/Igbon,Unknown,Unknown,Primary,Primary Health Clinic,8.264526367,4.319702148
FAC1496,,Ile Goshen Oluwa Clinic Maternity Child Welfare,Oyo West,Owode Imuagun,Private,Unknown,Primary,Primary Health Clinic,7.812728333,3.920936667
FAC1497,,Omowunmi Maternity Home and Child Welfare,Ido,Omi Adio,Private,Unknown,Primary,Primary Health Clinic,7.3970163,3.6991853
FAC1498,,Titilope Clinic,Ona Ara,Idi Ose,Private,Unknown,Primary,Primary Health Center,7.32882798573,3.98253283208
FAC1499,,Oluyoro Catholic Hospital,Ibadan North,Agodi,Unknown,Unknown,Primary,Unknown,7.39776,3.91935
FAC1500,,Folayo Maternity and Child Care Centre Akuro,Akinyele,Moniya,Private,Unknown,Primary,Primary Health Clinic,7.525216667,3.924195
FAC1501,,Ife Oluwa Medical Laboratory Services,Ogbomosho North,Masifa,Private,Unknown,Primary,Unknown,8.1411967,4.2521167
FAC1502,,Salaam Nursing and Maternity,Ibadan South West,Foko / Ologede,Private,Unknown,Primary,Primary Health Clinic,7.375095,3.8852283
FAC1503,,The Rock Medical Service,Egbeda,Alakia,Private,Unknown,Primary,Primary Health Center,7.373375,3.97666
FAC1504,,Oluyole Medical Diagnostic,Ibarapa Central,Idofin,Private,Unknown,Primary,Unknown,7.418398333,3.299613333
FAC1505,,Mercy Of God Medical,Ido,Omi Adio,Private,Unknown,Primary,Primary Health Center,7.3748417,3.801035
FAC1506,,Temitope,Oluyole,Olomi,Private,Unknown,Primary,Primary Health Center,7.327038333,3.925738333
FAC1507,,Odontoid Medical Services,Ibadan South East,Molete,Private,Unknown,Primary,Primary Health Center,7.349966667,3.902626667
FAC1508,,Intense Pharmacy,Ido,Omi Adio,Private,Unknown,Primary,Unknown,7.35569,3.83322
FAC1509,,Uch Dental Center,Ibadan North,Yemetu,Public,Unknown,Primary,Unknown,7.398928333,3.903043333
FAC1510,,Any Oluwapo Maternity and Health Clinic,Ogbomosho South,Akata,Private,Unknown,Primary,Primary Health Clinic,8.12303,4.235065
FAC1511,,Olode Primary Health Center,Oluyole,Latunde,Public,Unknown,Primary,Primary Health Center,7.20658837427,3.94635339461
FAC1512,,Oleyo Health Center,Oluyole,Bare,Public,Unknown,Primary,Primary Health Center,7.31238798573,3.81028616608
FAC1513,,Ajiwogbo Health Clinic,Lagelu,Lalupon 3,Public,Unknown,Primary,Primary Health Center,7.48764131973,4.04608783208
FAC1514,,Ikolo Maternity Centre,Ogo Oluwa,Ayetoro,Public,Unknown,Primary,Primary Health Clinic,7.91143631973,4.37883783208
FAC1515,,Odan Elekan Health Facility,Lagelu,Olorunda 2,Public,Unknown,Primary,Primary Health Center,7.46001631973,4.00317283208
FAC1516,,Sonso Community Health Center,Ibarapa East,Itabo,Public,Unknown,Primary,Primary Health Center,7.63997465273,3.60109116608
FAC1517,,Aba Ige Health Center,Oluyole,Onipe,Public,Unknown,Primary,Primary Health Center,7.26566295273,3.89898279908
FAC1518,,Ifelodun Leemp Amosa Community Health Center,Ogo Oluwa,Ayetoro,Public,Unknown,Primary,Primary Health Center,8.00422298573,4.27173283208
FAC1519,,Uch Annex,Ibadan North West,Olorisaoko 1,Public,Unknown,Primary,Teaching/Tertiary Hospital,7.38324131973,3.89125616608
FAC1520,,Ayarabiasa Methodist Ajaagba Maternity Centre,Oyo East,Jabata,Public,Unknown,Primary,Primary Health Clinic,7.83929131973,3.93829283208
FAC1521,,Malete Model Primary Health Center,Ibarapa Central,Idere,Public,Unknown,Primary,Primary Health Center,7.48644295273,3.25711279908
FAC1522,,State Management Board Hospital,Ogbomosho South,Arowomole,Public,Unknown,Primary,Unknown,8.110131667,4.234923333
FAC1523,,Saint Jacob Hospital,Ido,Omi Adio,Public,Unknown,Primary,Unknown,7.39611,3.8088083
FAC1524,,City Medical Laboratory,Ibadan South West,Foko / Ologede,Unknown,Unknown,Primary,Unknown,7.375488281,3.881286621
FAC1525,,Search Medical Laboratory,Ibadan South West,Popoyemoja,Unknown,Unknown,Primary,Unknown,7.363098144,3.88647461
FAC1526,,Ebimacc Maternity and Health Clinic,Ibadan South East,Challenge,Private,Unknown,Primary,Primary Health Clinic,7.33899,3.872143333
FAC1527,,Abayomi Fakayode Health Center,Ona Ara,Akanran 1,Unknown,Unknown,Primary,Primary Health Center,7.34651,3.9881
FAC1528,,Ejemu Health Center,Lagelu,Offa-Igbo,Public,Unknown,Primary,Primary Health Center,7.52474,4.15116
FAC1529,,Ogburo Health Clinic,Lagelu,Oyedeji 1,Public,Unknown,Primary,Primary Health Center,7.59811,4.12251
FAC1530,,Fapo Primary Health Center,Lagelu,Oyedeji 1,Public,Unknown,Primary,Primary Health Center,7.59593,4.10753
FAC1531,,Agberie Primary Health Center,Lagelu,Oyedeji 2,Public,Unknown,Primary,Primary Health Center,7.64227,4.0593
FAC1532,,Wellcare Oboda Clinic and Maternity,Akinyele,Moniya,Unknown,Unknown,Primary,Primary Health Clinic,7.51943,3.91272
FAC1533,,Gods Favour Awarobo Maternity Clinic,Ibadan North,Bodija,Unknown,Unknown,Primary,Primary Health Clinic,7.41407,3.90271
FAC1534,,Shelpered Gbokan Health Care,Itesiwaju,Owode Ipapo,Unknown,Unknown,Primary,Primary Health Center,8.29812,3.56705
FAC1535,,Ipeku Health Post,Ori Ire,Olorunda 13,Unknown,Unknown,Primary,Health Post,8.35432,4.31401
FAC1536,,Ola Oluwa Medical Center,Ibadan South West,Oke Ado / Liberty,Private,Unknown,Primary,Primary Health Clinic,7.36268135273,3.87524279908
FAC1537,,Oluwaponmile Medical Center,Surulere,Arolu,Private,Unknown,Primary,Primary Health Clinic,7.99921507606,4.4368259979
FAC1538,,Christ Hospital and Maternity Home,Ibadan South West,Challenge / Ring Road,Unknown,Unknown,Primary,Primary Health Clinic,7.36093,3.88033
FAC1539,,Olori Primary Health Center,Afijio,Awe 2,Unknown,Unknown,Primary,Primary Health Center,7.77685,4.06954
FAC1540,,Egbeda Tuba Primary Health Care,Egbeda,Monatan,Unknown,Unknown,Primary,Primary Health Center,7.41455,3.95805
FAC1541,,Olode Olode Primary Health Center,Ibadan North East,Odeaje,Unknown,Unknown,Primary,Primary Health Center,7.35164,3.92396
FAC1542,,Oluwakemi Maternity,Saki West,Kube,Unknown,Unknown,Primary,Primary Health Clinic,8.64915,3.37882
FAC1543,,Agbele Igbo Ologun Health Center,Saki West,Kube,Unknown,Unknown,Primary,Primary Health Center,8.64556,3.38077
FAC1544,,Ikija Ikija Village Primary Health Center,Oluyole,Abanla,Unknown,Unknown,Primary,Primary Health Center,7.22684,3.82248
FAC1545,,Lasokun Health Post,Ido,Ido/Odebode,Unknown,Unknown,Primary,Health Post,7.59543,3.73192
FAC1546,,Ado Awaye Primary Health Center,Iseyin,Ekunle 1,Unknown,Unknown,Primary,Primary Health Center,7.86758,3.69328
FAC1547,,Keva Specialist Hospital,Ibadan South West,Challenge / Ring Road,Private,Unknown,Primary,Unknown,7.372416667,3.858411667
FAC1548,,Mercy Medical Center,Ibadan South East,Ita-Ege,Private,Unknown,Primary,Primary Health Clinic,7.36766631973,3.90451116608
FAC1549,,Aduragbemi Clinic and Maternity Centre,Oluyole,Olomi,Private,Unknown,Primary,Primary Health Clinic,7.32442631973,3.92858616608
FAC1550,,Ayokemi Hospital,Lagelu,Monatan,Private,Unknown,Primary,Primary Health Center,7.40996798573,3.94678116608
FAC1551,,Alafia Loju Maternity Home,Ibadan South East,Molete,Private,Unknown,Primary,Primary Health Clinic,7.34934298573,3.90013949908
FAC1552,,Funmiyemi Maternity Centre,Iseyin,Oke Ola/Oke Oja,Private,Unknown,Primary,Primary Health Clinic,7.96463798573,3.58155949908
FAC1553,,Iwereoke Health Center,Kajola,Isia,Unknown,Unknown,Primary,Primary Health Center,8.04994,3.3401
FAC1554,,Bamidupe Oyo Health Center,Atiba,Aremo,Unknown,Unknown,Primary,Primary Health Center,7.87991,3.93394
FAC1555,,Omiyale Primary Health Center,Ona Ara,Olorunsogo,Unknown,Unknown,Primary,Primary Health Center,7.33481,3.93067
FAC1556,,Peace Way Hospital,Ogbomosho North,Aje-Ogunbado,Private,Unknown,Primary,Primary Health Center,8.13579965273,4.22498449908
FAC1557,,Triumph Medical Laboratory,Ibadan South West,Foko / Ologede,Unknown,Unknown,Primary,Unknown,7.3744,3.88313
FAC1558,,Zion Maternity and Child Welfare Clinic,Egbeda,Alakia,Private,Unknown,Primary,Primary Health Clinic,7.388848333,3.966023333
FAC1559,,Topmed Medical Services,Ibadan South West,Challenge / Ring Road,Unknown,Unknown,Primary,Unknown,7.37028,3.85903
FAC1560,,Jobi Memorial Hospital,Ibadan North,Agodi,Unknown,Unknown,Primary,Primary Health Center,7.39779,3.91556
FAC1561,,Kong Memorial Traditional Hospital,Ibadan North East,Oja Gbo,Unknown,Unknown,Primary,Primary Health Center,7.38267,3.9123
FAC1562,,Gods Faithful Meys Hospital,Ibadan South West,Oke Ado / Liberty,Unknown,Unknown,Primary,Unknown,7.36733,3.88366
FAC1563,,Mobolaji Hospital,Ibadan North East,Oke Adu,Unknown,Unknown,Primary,Unknown,7.38859,3.91759
FAC1564,,Macedona Hospital,Egbeda,Egbeda,Unknown,Unknown,Primary,Unknown,7.38252,4.00727
FAC1565,,Omobolanle Hospital,Egbeda,Olubadan,Unknown,Unknown,Primary,Unknown,7.38043,3.94241
FAC1566,,Akobo Hospital,Egbeda,Alakia,Unknown,Unknown,Primary,Unknown,7.39436,3.97643
FAC1567,,Iwereoke Medical Center,Kajola,Ayeitoro,Unknown,Unknown,Primary,Primary Health Clinic,8.05947,3.34171
FAC1568,,Living Stone Hospital,Oyo East,Alaodi Modeke 3,Unknown,Unknown,Primary,Unknown,7.85522,3.93621
FAC1569,,Llie Primary Health Center,Surulere,Iregba,Public,Unknown,Primary,Primary Health Center,7.97085593886,4.53816909017
FAC1570,,Oladokun Community Health Center,Ibarapa East,Oke Imale,Unknown,Unknown,Primary,Primary Health Center,7.56730270867,3.50915239551
FAC1571,,Osoogun Primary Health Center,Iseyin,Oke Ola/Oke Oja,Public,Unknown,Primary,Primary Health Center,7.99567746011,3.5689011385
FAC1572,,Owode Ipapo Health Center,Iseyin,Oke Ola/Oke Oja,Unknown,Unknown,Primary,Primary Health Center,7.99270733304,3.57403293805
FAC1573,,Ojoku Primary Health Center,Egbeda,Egbeda,Public,Unknown,Primary,Primary Health Center,7.3697748737,4.06167027103
FAC1574,,Ogidiy Clinic,Egbeda,Egbeda,Private,Unknown,Primary,Primary Health Center,7.37095029561,4.02386033376
FAC1575,,Gangasi Health Center,Egbeda,Alakia,Private,Unknown,Primary,Primary Health Center,7.37296506624,3.96231460097
FAC1576,,Jubilee Trade Fair Complex Clinic,Ibadan North,Samonda,Unknown,Unknown,Primary,Primary Health Center,7.429321289,3.899902344
FAC1577,,St Lawrence Hospital,Ibadan North,Sabo,Unknown,Unknown,Primary,Primary Health Center,7.401123047,3.889526367
FAC1578,,Aperin Oniyere Primary Health Center,Ibadan South East,Adesola,Unknown,Unknown,Primary,Primary Health Center,7.363891602,3.919128418
FAC1579,,Odunola Clinic,Ibadan North,Agbowo,Unknown,Unknown,Primary,Primary Health Center,7.448913575,3.919128418
FAC1580,,Linnet Paul Optical Service,Ibadan North,Samonda,Unknown,Unknown,Primary,Primary Health Center,7.440124512,3.906921387
FAC1581,,Pam Clinic,Ibadan North,Agbowo,Unknown,Unknown,Primary,Primary Health Center,7.44708252,3.920288086
FAC1582,,81 Batallion Medical Reception Station,Ibadan North,Sango,Unknown,Unknown,Secondary,Unknown,7.414672852,3.885498047
FAC1583,,Jesus Faith Maternity and Child Welfare Clinic,Egbeda,Alakia,Private,Unknown,Primary,Primary Health Clinic,7.39159,3.992476667
FAC1584,,Peaceway Maternity and Child Welfare Clinic,Ori Ire,Ikoyi-Ile,Private,Unknown,Primary,Primary Health Clinic,8.142696667,4.185313333
FAC1585,,Beatrice Medical Centre and Maternity Home,Egbeda,Olubadan,Unknown,Unknown,Primary,Primary Health Clinic,7.400085449,3.936279297
FAC1586,,Wonderland and Infant Maternity and Child Welfare Clinic,Oyo West,Iseke,Unknown,Unknown,Primary,Primary Health Clinic,7.836486816,3.920104981
FAC1587,,Ogo Oluwa Maternity and Child Welfare Clinic,Oluyole,Onipe,Private,Unknown,Primary,Primary Health Clinic,7.333218333,3.855701667
FAC1588,,Heritage Medical Clinic and Maternity Centre,Ogbomosho North,Masifa,Private,Unknown,Primary,Primary Health Clinic,8.140408333,4.281513333
FAC1589,,Yemi Linic,Kajola,Isia,Private,Unknown,Primary,Primary Health Center,8.029805,3.353553333
FAC1590,,Iye Hospital,Ibadan South East,Challenge,Unknown,Unknown,Primary,Primary Health Center,7.341491699,3.877685547
FAC1591,,Living Grace Hospital,Ibadan North East,Oja Gbo,Unknown,Unknown,Primary,Primary Health Center,7.371704101,3.90447998
FAC1592,,Our Lady Catholic Hospital,Iwajowa,Ayegun,Unknown,Unknown,Primary,Unknown,7.937316895,2.981689453
FAC1593,,Toseke Hospital,Ibadan South West,Isale-Osi,Unknown,Unknown,Primary,Unknown,7.369323731,3.893310547
FAC1594,,Aliamudulilahi Maternity,Ibadan North West,Oritamerin,Unknown,Unknown,Primary,Primary Health Clinic,7.382080078,3.887878418
FAC1595,,Abogunde Health Post,Ori Ire,Ikoyi-Ile,Unknown,Unknown,Primary,Health Post,8.222106934,4.255493164
FAC1596,,Blue Cross Clinic and Maternity,Ogbomosho North,Saja / Isale Ora,Unknown,Unknown,Primary,Primary Health Clinic,8.125671387,4.262695313
FAC1597,,Oyo State House Of Assembly Clinic,Ibadan North,Bodija,Unknown,Unknown,Secondary,Unknown,7.408325196,3.909484863
FAC1598,,Gbemisola Memorial Hospital,Oluyole,Olomi,Unknown,Unknown,Primary,Primary Health Center,7.337707519,3.905273438
FAC1599,,Modupe Hospital,Ibadan North,Agodi,Unknown,Unknown,Primary,Primary Health Center,7.39050293,3.909729004
FAC1600,,St Joseph Medical Center,Ibadan North West,Afonta,Unknown,Unknown,Primary,Primary Health Clinic,7.395324707,3.883300782
FAC1601,,Jesus Power Clinic,Ibadan South East,Molete,Unknown,Unknown,Primary,Unknown,7.356689453,3.898071289
FAC1602,,Atoyebi Jubili Hospital,Orelope,Oke Igboho,Unknown,Unknown,Primary,Primary Health Center,8.845092773,3.756103516
FAC1603,,Victory A Maternity,Ogbomosho North,Osupa,Unknown,Unknown,Primary,Primary Health Clinic,8.132324219,4.23651123
FAC1604,,Mak Mercy Hospital,Ibarapa North,Igangan 1,Private,Unknown,Primary,Primary Health Center,7.672475,3.1871567
FAC1605,,Abike Mercy Land Hospital,Ibarapa North,Igangan 3,Private,Unknown,Primary,Primary Health Center,7.68385465273,3.17325449908
FAC1606,,The Pizzazz Hospital,Ibadan South East,Challenge,Private,Unknown,Primary,Primary Health Center,7.33350050654,3.87421745969
FAC1607,,Tosin Medical Center,Ibadan South East,Mapo,Private,Unknown,Primary,Primary Health Clinic,7.374476667,3.89401
FAC1608,,Fountain Hospital,Ibadan North,Agodi,Private,Unknown,Primary,Unknown,7.39450631973,3.91693283208
FAC1609,,Gods Favour Igosun Hospital,Ibadan North,Yemetu,Unknown,Unknown,Primary,Unknown,7.38974,3.90752
FAC1610,,University College Orita Mefa Hospital,Ibadan North,Bodija,Unknown,Unknown,Primary,Unknown,7.40126,3.90226
FAC1611,,Imodi Primary Health Care Center,Orelope,Obaago,Public,Unknown,Primary,Primary Health Center,8.74063143927,3.72160275604
FAC1612,,Rehboth Nursing Child Welfare Clinic,Ibarapa East,Anko Eruwa,Unknown,Unknown,Primary,Primary Health Center,7.533081055,3.42590332
FAC1613,,Omolayo Nursing Home Clinic,Olorunsogo,Agbele,Unknown,Unknown,Primary,Primary Health Center,8.755126953,4.134277344
FAC1614,,Liberty Health Center,Ogbomosho South,Ibapon,Unknown,Unknown,Primary,Primary Health Center,8.117675781,4.218872071
FAC1615,,Gbogun Daodu Health Center,Ori Ire,Adafila,Public,Unknown,Primary,Primary Health Center,8.4238883,4.13248
FAC1616,,Access Specialist,Ido,Omi Adio,Private,Unknown,Tertiary,General Hospital,7.363536667,3.81489
FAC1617,,Holy Saviour Welfare Centre,Ibarapa North,Igangan 3,Unknown,Unknown,Primary,Primary Health Center,7.692687988,3.18548584
FAC1618,,Aged Women and Widows Mini Clinic,Ori Ire,Ikoyi-Ile,Public,Unknown,Primary,Unknown,8.234641667,4.175483333
FAC1619,30/03/1/3/2/0060,Police Oyo Clinic,Atiba,Agunpopo 3,Public,State Government,Primary,Unknown,7.85526,3.95396
FAC1620,30/21/1/1/2/0008,Green Light Welfare and Merternity Centre,Ogbomosho North,Masifa,Private,For Profit,Secondary,Unknown,8.13306,4.25248
FAC1621,30/09/1/1/1/0016,Temilade Maternity Clinic,Ibadan South East,Oja Oba,Private,For Profit,Secondary,Unknown,7.37473,3.89745
FAC1622,30/08/1/1/2/0011,Zenith Care Hospital and Fertility Centre,Ibadan South West,Challenge / Ring Road,Private,For Profit,Secondary,Unknown,7.36519,3.84207
FAC1623,30/02/1/2/2/0054,His Mercy Medical Center,Akinyele,Moniya,Private,For Profit,Secondary,Unknown,7.52643,3.91115
FAC1624,30/33/1/2/1/0039,Oko General Hospital,Surulere,Oko,Public,State Government,Secondary,Unknown,7.97723,4.344821
FAC1625,30/21/1/2/2/0013,Orilonise Clinic and Maternity Centre,Ogbomosho North,Masifa,Private,For Profit,Secondary,Unknown,8.14725,4.25514
FAC1626,30/05/1/1/2/0006,Ilado Health Clinic,Ibarapa East,Owode/Lanlate,Public,Local Government,Primary,Unknown,7.61031,3.53688
FAC1627,30/16/1/2/1/0034,Nysc Medical Center,Iseyin,Ladogan,Public,Federal Government,Secondary,Unknown,7.99798,3.57407
FAC1628,30/21/1/1/1/0019,Green Life Hospital,Ogbomosho North,Alasa,Private,For Profit,Secondary,Unknown,8.12202,4.25801
FAC1629,30/25/1/1/1/0009,Agbale Panu Primary Health Clinic,Oluyole,Orita,Public,Local Government,Primary,Primary Health Clinic,7.33578,3.86242
FAC1630,30/25/1/1/1/0044,Egbeda Tuba Primary Health Clinic,Oluyole,Egbeda Tuba,Public,Local Government,Primary,Primary Health Clinic,7.31958,3.95336
FAC1631,30/25/1/1/1/0038,Police Clinic,Oluyole,Orita,Public,Military & Paramilitary formations,Primary,Unknown,7.33435,3.86694
FAC1632,30/29/1/1/2/0007,Lord Goshen Hospital,Oyo East,Araro,Private,For Profit,Secondary,Unknown,7.81232,3.92094
FAC1633,30/23/1/1/2/0007,Ike Olu Maternity Centre,Ogo Oluwa,Odo Oba,Private,For Profit,Secondary,Unknown,8.04598,4.14822
FAC1634,30/26/1/1/2/0055,Land Of Mercy Maternity,Ona Ara,Badeku 3,Private,For Profit,Primary,Primary Health Clinic,7.27418,4.11924
FAC1635,30/10/1/1/1/0007,Eleyele Central Hospital,Ibadan North West,Eleyele,Private,For Profit,Secondary,Unknown,7.41623,3.85996
FAC1636,30/10/1/2/2/0057,Sam Xesus Devorah Hospital Specialist,Ibadan North West,Olopomewa,Private,For Profit,Secondary,Unknown,7.42315,3.872
FAC1637,30/09/1/1/2/0008,Living Grace Hospital,Ibadan South East,Oranyan,Private,For Profit,Secondary,Unknown,7.39327,3.93435
FAC1638,30/09/1/1/2/0010,Praise Hospital,Ibadan South East,Owode Imuagun,Private,For Profit,Secondary,Unknown,7.34301,3.90904
FAC1639,30/09/1/2/1/0001,St Mary Catholic Hospital,Ibadan South East,Owode Imuagun,Private,For Profit,Secondary,Unknown,7.35531,3.91101
FAC1640,30/23/1/1/1/0037,Ile Abu Primary Health Center,Ogo Oluwa,Odo Oba,Public,Local Government,Primary,Unknown,8.05572,4.15296
FAC1641,30/30/1/1/2/0004,Anfani Hospital,Oyo West,Isokun 5,Private,For Profit,Secondary,Unknown,7.85932,3.91382
FAC1642,30/30/1/1/1/0019,Ayetoro Scheme Health Center,Oyo West,Isokun 5,Public,Local Government,Primary,Primary Health Clinic,7.86687,3.89418
FAC1643,30/33/1/1/1/0026,Ogele Health Clinic,Surulere,Mayin,Public,Local Government,Primary,Primary Health Clinic,7.948538,4.307073
FAC1644,30/19/1/1/2/0005,Isemi Ile National Primary Health Center,Kajola,Isemile / Imia / Ilua,Public,Local Government,Primary,Primary Health Center,7.99437,3.36721
FAC1645,30/24/1/2/2/0024,Alafiatayo Clinic and Maternity,Olorunsogo,Ikolaba,Private,For Profit,Primary,Primary Health Clinic,8.75512,4.13625
FAC1646,30/29/1/2/2/0006,Shekinat Hospital and Maternity Center,Oyo East,Araro,Private,For Profit,Secondary,Unknown,7.82855,3.92967
FAC1647,30/29/1/1/1/0014,Oba Adeyemi Primary Health Center,Oyo East,Araro,Public,Local Government,Primary,Unknown,7.83169,3.93605
FAC1648,30/19/1/1/2/0006,Nasfat Medical Center,Kajola,Olele/Gbonje,Private,For Profit,Secondary,Primary Health Center,8.03663,3.36277
FAC1649,30/07/1/1/1/0005,Alafara Tuberculosis and Leprosy Clinic,Ibadan North East,Alafara,Public,Local Government,Primary,Primary Health Clinic,7.38264,3.90521
FAC1650,30/10/1/1/1/0002,Lilly Hospital,Ibadan North West,Olopomewa,Private,Not For Profit,Secondary,Unknown,7.41884,3.87449
FAC1651,30/09/1/1/1/0001,Pauline Canadian Hospital,Ibadan North West,Eleyele,Private,For Profit,Secondary,Unknown,7.41357,3.86476
FAC1652,30/18/1/1/1/0023,Iganna Staff Clinic,Iwajowa,Ofeegun,Public,Local Government,Primary,Primary Health Clinic,7.980118,3.235425
FAC1653,30/21/1/2/1/0002,Tbl Clinic,Ogbomosho North,Jagun,Public,Local Government,Primary,Primary Health Clinic,8.12739,4.24607
FAC1654,30/23/1/2/2/0036,His Mercy Maternity and Clinic Home,Ogo Oluwa,Odo Oba,Private,For Profit,Secondary,Unknown,8.04363,4.14536
FAC1655,30/12/1/1/1/0039,Lagaye Primary Health Center,Ibarapa East,New Eruwa,Public,Local Government,Primary,Primary Health Center,7.65935,3.37737
FAC1656,30/25/1/1/1/0032,Ayegun Oleyoprimary Health Clinic,Oluyole,Orita,Public,Local Government,Primary,Primary Health Clinic,7.31264,3.81027
FAC1657,30/25/1/2/2/0045,Ashifau Clinic,Oluyole,Egbeda Tuba,Private,For Profit,Primary,Unknown,7.327495,3.951402
FAC1658,30/25/1/1/1/0040,Salis Medical Center,Oluyole,Orita,Public,State Government,Primary,Primary Health Center,7.34409,3.84881
FAC1659,30/06/1/2/2/0003,Association For Reproductive Family Health,Ibadan North,Basorun,Private,For Profit,Secondary,Unknown,7.41571,3.93013
FAC1660,30/01/1/1/2/0001,Access Basic Foundation Clinic Clinic,Afijio,Ilora 2,Private,For Profit,Secondary,Unknown,7.81021,3.89844
FAC1661,30/07/1/2/2/0026,Awoye Ajike Maternity Clinic & Hospital,Ibadan North East,Atipe,Private,For Profit,Secondary,Unknown,7.38312,3.91098
FAC1662,30/06/1/1/2/0010,King David Hospital,Ibadan North,Agbowo,Private,For Profit,Secondary,Unknown,7.44816,3.91823
FAC1663,30/03/1/1/2/0001,Ajayi Crowther University Clinic,Atiba,Agunpopo 3,Private,Not For Profit,Secondary,Unknown,7.84672,3.95122
FAC1664,30/20/1/2/2/0040,Ava Health Compassion Initiative,Lagelu,Ore 1,Private,For Profit,Secondary,Unknown,7.53461,4.07636
FAC1665,30/25/1/2/2/0051,Leadcity University Clinic,Oluyole,Idi Ayunre,Private,For Profit,Secondary,Unknown,7.3274,3.88471
FAC1666,30/05/1/1/2/0010,Olunife Hospital,Egbeda,Alakia,Private,For Profit,Secondary,Unknown,7.38801,3.97282
FAC1667,30/07/1/1/1/0025,Oyo State Broadcasting Corporation Clinic,Ibadan North East,Basorun,Public,State Government,Secondary,Primary Health Clinic,7.41117,3.93262
FAC1668,30/02/1/2/2/0001,Adegbite Cottage Health Clinic,Akinyele,Aroro,Public,State Government,Secondary,Unknown,7.54298,3.97
FAC1669,30/19/1/1/2/0042,Ti Oluwani Clinic and Maternity,Kajola,Isia,Private,For Profit,Primary,Primary Health Clinic,8.02966,3.37548
FAC1670,30/26/1/1/2/0053,Adebisi Clinic and Maternity,Ona Ara,Olorunsogo,Private,For Profit,Primary,Unknown,7.363437,3.927022
FAC1671,30/26/1/1/2/0019,All Is Well Clinic and Maternity,Ona Ara,Ajia,Private,For Profit,Primary,Primary Health Clinic,7.358317,4.0030048
FAC1672,30/26/1/2/2/0046,God Favour Clinic and Maternity,Ona Ara,Olunloyo,Private,For Profit,Primary,Unknown,7.352966,3.944796
FAC1673,30/26/1/1/1/0002,Mercy Land Clinic and Maternity Home,Ogbomosho North,Osupa,Private,For Profit,Secondary,Unknown,8.19284,4.20901
FAC1674,30/01/1/1/1/0034,Awe Model Primary Health Center,Afijio,Awe 2,Public,Local Government,Primary,Primary Health Clinic,7.8047,3.93341
FAC1675,30/01/1/2/2/0002,Bisol Medical Center,Afijio,Ilora 2,Private,For Profit,Secondary,Unknown,7.86016,3.90644
FAC1676,30/01/1/1/1/0007,Fiditi Primary Health Center,Afijio,Fiditi 2,Public,Local Government,Primary,Primary Health Center,7.71851,3.91382
FAC1677,30/01/1/1/2/0005,Leemp Onikoko Clinic,Afijio,Ilora 3,Private,For Profit,Primary,Unknown,7.73628,3.79006
FAC1678,30/01/1/2/2/0025,Ola Olu Clinic,Afijio,Ilora 1,Private,For Profit,Secondary,Unknown,7.80889,3.91071
FAC1679,30/01/1/1/1/0022,Samson Olatayo Clinic,Afijio,Ilora 1,Private,For Profit,Secondary,Unknown,7.81621,3.89315
FAC1680,30/01/1/1/1/0029,Tbl Clinic,Afijio,Ilora 2,Public,Local Government,Primary,Unknown,7.80099,3.90346
FAC1681,30/02/1/2/2/0074,Adelere Family Hospital,Akinyele,Akinyele,Private,For Profit,Secondary,Unknown,7.66022,3.89721
FAC1682,30/02/1/2/2/0047,Oyomesi Limited Hospital,Akinyele,Ojoo,Private,For Profit,Secondary,Unknown,7.45443,3.91382
FAC1683,30/02/1/2/2/0081,S Modupe Clinic and Maternity Home,Akinyele,Akinyele,Private,For Profit,Secondary,Unknown,7.60133,3.91623
FAC1684,30/03/1/1/2/0007,Emmanuel Alayande College Of Education Clinic,Atiba,Asipa 2,Public,State Government,Secondary,Unknown,7.87884,3.90683
FAC1685,30/03/1/1/1/0014,Ilowagbade Health Center,Atiba,Asipa 3,Public,Local Government,Primary,Primary Health Clinic,8.11729,4.02445
FAC1686,30/03/1/2/2/0073,Wise and Pearl Hospital,Atiba,Asipa 2,Private,For Profit,Secondary,Unknown,7.88341,3.9314
FAC1687,30/05/1/1/1/0016,Aanu Oluwapo Hospital,Egbeda,Olubadan,Private,For Profit,Secondary,Unknown,7.37822,3.94614
FAC1688,30/05/1/2/2/0021,Caivary Medical Center,Egbeda,Monatan,Private,For Profit,Secondary,Unknown,7.40486,3.95164
FAC1689,30/05/1/1/1/0016,Ikhlas Hospital,Egbeda,Wakajaiye,Private,For Profit,Secondary,Unknown,7.39148,3.94653
FAC1690,30/05/1/2/1/0001,Oremeji Tuberculosis and Leprosy,Egbeda,Olubadan,Public,Local Government,Primary,Primary Health Clinic,7.39738,3.95164
FAC1691,30/05/1/1/1/0016,Peace Foundation Hospital,Egbeda,Alakia,Private,For Profit,Secondary,Unknown,7.39426,3.98333
FAC1692,30/16/1/1/1/0001,Power Medical Center,Egbeda,Alakia,Private,For Profit,Secondary,Unknown,7.38068,3.99145
FAC1693,30/06/1/2/2/0002,Aggrey Hospital,Ibadan North,Yemetu,Private,For Profit,Secondary,Unknown,7.39472,3.90583
FAC1694,30/06/1/1/1/0008,Barika Primary Health Center,Ibadan North,Agbowo,Public,Local Government,Primary,Primary Health Center,7.44802,3.91104
FAC1695,30/06/1/2/2/0032,Bethel Hospital Specialist,Ibadan North,Bodija,Private,For Profit,Secondary,Unknown,7.41345,3.89468
FAC1696,30/06/1/2/2/0027,Bosa Medical Center,Ibadan North,Oke Itunu,Private,For Profit,Secondary,Unknown,7.41545,3.88858
FAC1697,30/06/1/1/1/0011,Ibadan North Staff Clinic,Ibadan North,Agodi,Public,Local Government,Primary,Primary Health Clinic,7.39676,3.91949
FAC1698,30/06/1/1/1/0013,Idi Ogungun Primary Health Center,Ibadan North,Agodi,Public,Local Government,Primary,Primary Health Center,7.39595,3.91795
FAC1699,30/07/1/1/1/0012,Iwo Road Primary Health Center,Ibadan North East,Basorun,Public,Local Government,Primary,Primary Health Center,7.40425,3.93379
FAC1700,30/10/1/1/2/0005,Iwo Road Tuberculosis Leprosy Clinic,Ibadan North East,Basorun,Public,Local Government,Primary,Primary Health Clinic,7.40492,3.93373
FAC1701,30/07/1/2/2/0005,Khalifat Clinic,Ibadan North East,Atipe,Private,For Profit,Secondary,Unknown,7.38191,3.90696
FAC1702,30/07/1/1/2/0008,Macedonia Hospital,Ibadan North East,Basorun,Private,For Profit,Secondary,Unknown,7.39121,3.92774
FAC1703,30/10/1/1/1/0004,Ti Oluwani Hospital,Ibadan North East,Basorun,Private,For Profit,Secondary,Unknown,7.40767,3.94284
FAC1704,30/09/1/1/1/0002,Agbongbon Primary Health Center,Ibadan South East,Ita-Ege,Public,Local Government,Primary,Primary Health Center,7.36692,3.89926
FAC1705,30/09/1/1/1/0006,Feleleprimary Health Center,Ibadan South East,Challenge,Public,Local Government,Primary,Primary Health Clinic,7.34509,3.88884
FAC1706,30/09/1/1/2/0007,Glady'S Hill Hospital,Ibadan South East,Molete,Private,For Profit,Secondary,Unknown,7.33509,3.89189
FAC1707,30/11/1/1/1/0003,God'S Premier Hospital,Ibadan South West,Oke Ado / Liberty,Private,For Profit,Secondary,Unknown,7.37211,3.88168
FAC1708,30/14/1/2/2/0027,Judah Groupl Speciallist Hospital,Ido,Apete/Ologuneru,Private,For Profit,Secondary,Unknown,7.4493,3.86553
FAC1709,30/14/1/1/2/0051,New Life Hospital,Ido,Apete/Ologuneru,Private,For Profit,Primary,Unknown,7.450159,3.870427
FAC1710,30/14/1/2/2/0026,Ola Adua Serifdeen Hospital,Ido,Apete/Ologuneru,Private,For Profit,Secondary,Unknown,7.45573,3.883509
FAC1711,30/32/1/2/2/0008,Oluwaseun Clinic,Ido,Ogundele Alaho/Siba,Private,For Profit,Secondary,Unknown,7.38134,3.82128
FAC1712,30/15/1/1/1/0009,Olorunsogo Model Primary Health Care Center,Irepo,Iba 2,Public,Unknown,Primary,Unknown,9.08161,3.85634
FAC1713,30/16/1/1/1/0021,Idi Iya Primary Health Clinic,Iseyin,Ekunle 1,Public,Local Government,Primary,Primary Health Clinic,7.93235,3.661376
FAC1714,30/16/1/1/2/0007,Ojeke Health Clinic,Iseyin,Koso 2,Private,For Profit,Secondary,Unknown,7.963073,3.59129
FAC1715,30/20/1/1/1/0007,Akobo Naval Air Force Medical Center,Lagelu,Olorunda 1,Public,Military & Paramilitary formations,Secondary,Unknown,7.43193,3.94781
FAC1716,30/20/1/1/1/0045,Kure Health Clinic,Lagelu,Oyedeji 4,Public,Local Government,Primary,Primary Health Clinic,7.54137,4.00459
FAC1717,30/20/1/1/2/0003,Omololu Hospital,Lagelu,Olorunda 1,Private,For Profit,Secondary,Unknown,7.44926,3.95195
FAC1718,30/20/1/1/2/0019,Royal Crown Specialist,Lagelu,Olorunda 1,Private,For Profit,Secondary,Unknown,7.42308,3.94522
FAC1719,30/21/1/1/2/0006,Florence Memorial Hospital,Ogbomosho North,Isale Afon,Private,For Profit,Secondary,Unknown,8.13193,4.24778
FAC1720,30/21/1/2/2/0021,Gbomojo Hospital Specialist,Ogbomosho North,Saja / Isale Ora,Private,For Profit,Secondary,Unknown,8.12436,4.25858
FAC1721,30/21/1/1/2/0004,Immanuel Hospital,Ogbomosho North,Isale Afon,Private,For Profit,Secondary,Unknown,8.13659,4.24683
FAC1722,30/21/1/1/1/0008,Masifa Primary Health Center,Ogbomosho North,Masifa,Public,Local Government,Primary,Primary Health Center,8.13555,4.25161
FAC1723,30/21/1/2/2/0015,Providence Hospital,Ogbomosho North,Isale Afon,Private,For Profit,Secondary,Unknown,8.13229,4.24626
FAC1724,30/21/1/1/1/0025,Saja Isaleora Primary Health Care,Ogbomosho North,Saja / Isale Ora,Public,Local Government,Primary,Primary Health Center,8.1222,4.2183
FAC1725,30/22/1/1/1/0029,Ogbomoso State Hospital,Ogbomosho South,Arowomole,Public,State Government,Secondary,Unknown,8.11183,4.23462
FAC1726,30/23/1/1/1/0011,Ibere Primary Health Center,Ogo Oluwa,Otamokun,Public,Local Government,Primary,Primary Health Center,7.92818,4.20812
FAC1727,30/26/1/1/1/0023,Gbada Primary Health Center,Ona Ara,Gbada Ward,Public,Local Government,Primary,Health Post,7.307141,4.064248
FAC1728,30/26/1/1/1/0001,Gbede Ogun Primary Health Center,Ona Ara,Idi Ose,Public,Local Government,Primary,Primary Health Center,7.318918,3.961937
FAC1729,30/26/1/1/2/0056,God Glory Maternity Home,Ona Ara,Ajia,Private,For Profit,Primary,Unknown,7.34098,4.03025
FAC1730,30/26/1/1/2/0057,Idera Clinic,Ona Ara,Olorunsogo,Private,For Profit,Primary,Unknown,7.363806,3.93401
FAC1731,30/26/1/1/1/0029,Ogidi Primary Health Care Center,Ona Ara,Idi Ose,Public,Local Government,Primary,Health Post,7.314605,3.975487
FAC1732,30/26/1/1/1/0030,Oke Imole Primary Health Center,Ona Ara,Olunloyo,Public,Local Government,Primary,Primary Health Center,7.34354,3.94866
FAC1733,30/28/1/1/1/0011,Aged and Widow Clinic,Orelope,Obaago,Public,Local Government,Primary,Primary Health Clinic,8.83268,3.75809
FAC1734,30/27/1/1/1/0023,Maya Primary Health Center,Ori Ire,Oolo,Public,Local Government,Primary,Primary Health Center,8.04881,4.10755
FAC1735,30/30/1/1/1/0034,Ajokidero Health Center,Oyo West,Ajokideru,Public,Local Government,Primary,Primary Health Center,7.85271,3.93135
FAC1736,30/32/1/1/2/0003,Ayo Ni Mofe,Surulere,Gambari/Igbon,Private,For Profit,Secondary,Unknown,8.268948,4.32218
FAC1737,30/33/1/1/1/0002,Laege Primary Health Center,Surulere,Ilajue,Public,Local Government,Primary,Primary Health Center,7.950882,4.410183
FAC1738,30/33/1/1/1/0004,Olode Primary Health Center,Surulere,Iregba,Public,Local Government,Primary,Primary Health Clinic,8.051033,4.551613
FAC1739,30/33/1/2/2/0001,T B L Clinic,Surulere,Iresa-Adu,Public,Local Government,Primary,Primary Health Clinic,8.085862,4.310132
FAC1740,30/20/1/1/1/0020,Monatan Central Hospital,Lagelu,Monatan,Private,For Profit,Secondary,Unknown,7.41303,3.95302
FAC1741,30/28/1/1/2/0006,Manim Clinic and Maternity Centre,Orelope,Modeke,Private,For Profit,Secondary,Unknown,8.82615,3.74811
FAC1742,30/24/1/1/1/0016,Owode Aged and Widow Clinic,Olorunsogo,Aboke,Public,Local Government,Primary,Health Post,8.74348,4.13723
FAC1743,30/19/1/1/2/0040,Hamzat Clinic and Maternity Centre,Kajola,Isia,Private,For Profit,Primary,Primary Health Clinic,8.03713,3.39087
FAC1744,30/15/1/1/1/0006,Budo Olaniyan Primary Health Center,Irepo,Laha / Ajana,Public,Local Government,Primary,Primary Health Center,8.96855,3.89046
FAC1745,30/33/1/1/2/0011,Ola Oluwa Maternity Home,Surulere,Iregba,Private,For Profit,Secondary,Unknown,8.057065,4.490642
FAC1746,30/01/1/2/2/0026,Ayinla Memorial Clinic,Afijio,Ilora 1,Private,For Profit,Secondary,Unknown,7.80013,3.89722
FAC1747,30/01/1/1/1/0024,The Blood Of Jesus Clinic,Afijio,Ilora 2,Private,For Profit,Secondary,Unknown,7.79898,3.89909
FAC1748,30/02/1/2/2/0078,Cac Comprehensive Health Center,Akinyele,Aroro,Private,For Profit,Secondary,Unknown,7.58902,3.8769
FAC1749,30/06/1/1/1/0005,Agbowo Primary Health Center,Ibadan North,Agbowo,Public,Local Government,Primary,Primary Health Center,7.44947,3.91373
FAC1750,30/14/1/2/2/0033,Emmaculate Hospital,Ido,Ogundele Alaho/Siba,Private,For Profit,Secondary,Unknown,7.37997,3.82151
FAC1751,30/08/1/1/1/0002,Molete Tuberculosis and Leprosy Clinic,Ibadan South West,Molete,Public,Local Government,Primary,Primary Health Clinic,7.36009,3.88933
FAC1752,30/13/1/1/2/0001,Aged Widow Clinic,Ibadan South West,Challenge / Ring Road,Public,Local Government,Primary,Primary Health Clinic,7.36623,3.85571
FAC1753,30/13/1/1/1/0026,Abidioki Primary Health Center,Ibarapa North,Ofiki 2,Public,Local Government,Primary,Primary Health Center,7.76074,3.20612
FAC1754,30/14/1/2/2/0041,Christ The Rock Hospital,Ido,Omi Adio,Private,For Profit,Secondary,Unknown,7.3922225,3.74847
FAC1755,30/21/1/2/2/0014,Our Saviour Clinic and Maternity,Ogbomosho North,Masifa,Private,For Profit,Secondary,Unknown,8.14298,4.25993
FAC1756,30/05/1/1/1/0016,Toun Hospital,Egbeda,Olubadan,Private,For Profit,Secondary,Unknown,7.40107,3.94686
FAC1757,30/21/1/1/2/0013,Olomi Tbl Clinic,Oluyole,Olomi,Public,Local Government,Primary,Primary Health Clinic,7.34237,3.91636
FAC1758,30/26/1/1/1/0024,Gbaremu Primary Health Center,Ona Ara,Idi Osan,Public,Local Government,Primary,Primary Health Center,7.373667,3.962426
FAC1759,30/13/1/1/1/0008,Idiyan Primary Health Center,Ibarapa North,Ofiki 2,Public,Local Government,Primary,Primary Health Clinic,7.68193,3.18342
FAC1760,30/06/1/2/2/0031,Anuoluwapo Hospital,Ibadan North,Oke Itunu,Private,For Profit,Secondary,Unknown,7.41637,3.89036
FAC1761,30/06/1/2/2/0007,High Land Hospital Specialist,Ibadan North,Yemetu,Private,For Profit,Secondary,Unknown,7.39376,3.90468
FAC1762,30/01/1/1/1/0033,Jafu Primary Health Center,Afijio,Fiditi 1,Public,Local Government,Primary,Primary Health Center,7.72278,3.91595
FAC1763,30/15/1/2/2/0004,Muslim Kisi Hospital,Irepo,Iba 5,Private,For Profit,Secondary,Unknown,9.12589,3.84734
FAC1764,30/31/1/2/2/0018,Oluwaseun Clinic,Saki East,Oke Ola/Oke Oja,Private,For Profit,Secondary,Unknown,8.58671,3.51753
FAC1765,30/09/1/2/2/0027,Christ Way Maternity and Child Welfare Clinic,Ibadan South East,Challenge,Private,For Profit,Secondary,Unknown,7.34645,3.88364
FAC1766,30/08/1/1/2/0003,Orita Aperin Primary Health Center,Ibadan South East,Adesola,Public,Local Government,Primary,Unknown,7.36535,3.91974
FAC1767,30/33/1/1/1/0040,Idi Oro Health Center,Surulere,Baayaoje,Public,Local Government,Primary,Unknown,8.05182,4.348364
FAC1768,30/03/1/2/2/0048,Momoh Memorial Hospital,Atiba,Asipa 2,Private,For Profit,Secondary,Unknown,7.87432,3.92676
FAC1769,30/14/1/1/1/0025,Rehoboth Mission Maternity and Child Welfare Clinic,Ido,Apete/Ologuneru,Private,For Profit,Secondary,Unknown,7.4599,3.87798
FAC1770,30/20/1/1/2/0041,Temitope Clinic and Maternity Home,Lagelu,Olorunda 2,Private,For Profit,Primary,Primary Health Clinic,7.50648,3.97069
FAC1771,30/14/1/2/2/0003,Emiloju Maternity and Child Welfare Clinic,Ido,Omi Adio,Private,For Profit,Secondary,Unknown,7.44989,3.87051
FAC1772,30/14/1/2/2/0007,Rehoboth Clinic,Ido,Apete/Ologuneru,Private,For Profit,Secondary,Unknown,7.46171,3.8698
FAC1773,30/05/1/1/1/0004,Asejire Primary Health Center,Egbeda,Osengere,Public,Local Government,Primary,Primary Health Center,7.36017,4.12307
FAC1774,30/33/1/1/1/0033,Madeola Hospital Maternity,Surulere,Arolu,Private,For Profit,Primary,Primary Health Clinic,7.999112,4.437332
FAC1775,30/05/1/1/1/0026,Onideure Primary Health Center,Egbeda,Olubadan,Public,Local Government,Primary,Primary Health Center,7.38706,3.95406
FAC1776,30/06/1/1/2/0004,Agugu Central Hospital,Ibadan North East,Agugu,Private,For Profit,Secondary,Unknown,7.38486,3.92087
FAC1777,30/10/1/1/1/0003,Omosebi Hospital,Ibadan North East,Agugu,Private,For Profit,Secondary,Unknown,7.38496,3.93306
FAC1778,30/14/1/1/2/0050,Redeemers Hospital,Ido,Ogundele Alaho/Siba,Private,For Profit,Primary,Unknown,7.372431,3.799603
FAC1779,30/16/1/2/2/0025,Divine Success Eye Clinic,Iseyin,Ekunle 1,Private,For Profit,Secondary,Unknown,7.945121,3.62519
FAC1780,30/20/1/1/1/0028,Mercy Of God Clinic and Maternity,Lagelu,Ejioku,Private,For Profit,Primary,Primary Health Clinic,7.47103,4.07329
FAC1781,30/32/1/1/1/0030,Oluwafemi Sacredand Convalescent Home,Saki West,Otun/Isia,Private,For Profit,Secondary,Unknown,8.65591,3.39139
FAC1782,30/29/1/1/1/0028,Oko Oba Maternity Centre,Oyo East,Ajagba 2,Public,Local Government,Primary,Unknown,7.81501,3.94291
FAC1783,30/08/1/1/2/0025,Omotayo Maternity Home,Ibadan South West,Oke Ado / Liberty,Private,For Profit,Primary,Primary Health Clinic,7.36697,3.88293
FAC1784,30/30/1/2/2/0027,Favourland Oyo Medical Center,Oyo West,Isokun 5,Private,For Profit,Secondary,Unknown,7.85511,3.92146
FAC1785,30/30/1/2/2/0021,Wise and Pearl Oyo Hospital,Oyo West,Owode/Ladigbolu,Private,For Profit,Secondary,Unknown,7.83694,3.92043
FAC1786,30/12/1/1/1/0020,Itabo Support Programme Family Clinic,Ibarapa East,Itabo,Public,Local Government,Primary,Primary Health Center,7.60145,3.45374
FAC1787,30/08/1/1/1/0016,Maternal and Child Health General Hospital,Ibadan South West,Apata / Odo Ona,Public,State Government,Secondary,Unknown,7.38204,3.84179
FAC1788,30/26/1/2/2/0012,Mobolaji Hospital,Ona Ara,Oremeji,Private,For Profit,Secondary,Unknown,7.300601,3.931397
FAC1789,30/02/1/2/2/0053,Ajayi Memorial Hospital,Akinyele,Onidundun,Private,For Profit,Secondary,Unknown,7.62735,3.92201
FAC1790,30/29/1/1/2/0012,Oyo East Staff Clinic,Oyo East,Ajagba 2,Public,Local Government,Primary,Primary Health Clinic,7.83664,3.94242
FAC1791,30/16/1/2/1/0022,Police Iseyin Hospital,Iseyin,Ekunle 2,Public,Military & Paramilitary formations,Secondary,Unknown,7.961703,3.60071
FAC1792,30/05/1/2/2/0012,Timilehin Hospital,Egbeda,Alakia,Private,For Profit,Secondary,Unknown,7.39555,3.97677
FAC1793,30/06/1/2/2/0037,Total Family Hospital,Ibadan North,Basorun,Private,For Profit,Secondary,Unknown,7.41561,3.92142
FAC1794,30/02/1/1/1/0026,Owe Kekun Health Center,Akinyele,Ojoo,Public,Local Government,Primary,Unknown,7.61985,3.973628
FAC1795,30/29/1/2/2/0003,Methodist Church Maternity Centre,Oyo East,Ajagba 2,Private,For Profit,Secondary,Unknown,7.84165,3.98848
FAC1796,30/29/1/2/2/0029,De Temmy Private Hospital,Oyo East,Araro,Private,For Profit,Secondary,Unknown,7.833841666,3.925113334
FAC1797,30/25/1/2/2/0005,Temidayo Maternity Clinic,Oluyole,Orita,Private,For Profit,Primary,Unknown,7.32932,3.85422
FAC1798,30/25/1/2/2/0054,Amtos Clinic,Oluyole,Egbeda Tuba,Private,For Profit,Secondary,Unknown,7.30868,3.96438
FAC1799,30/04/1/1/1/0009,Ajibode Maternity and Child Clinic,Atisbo,Obada,Private,For Profit,Secondary,Primary Health Clinic,8.56716,3.44878
FAC1800,30/04/1/1/1/0007,Ajebandele Primary Health Center,Atisbo,Oyada,Public,Local Government,Primary,Primary Health Center,8.36216,3.56996
FAC1801,30/04/1/2/2/0029,Iya Abiye Lomo Maternity and Child Welfare Clinic,Atisbo,Ago Are 2,Private,For Profit,Secondary,Unknown,8.51369,3.42347
FAC1802,30/11/1/1/1/0024,Sekere Health Clinic,Ibarapa Central,Sekere,Public,Local Government,Primary,Primary Health Clinic,7.36665,3.30913
FAC1803,30/12/1/1/2/0040,Ogooluwantan Clinic,Ibarapa East,New Eruwa,Private,For Profit,Primary,Primary Health Center,7.54761,3.44463
FAC1804,30/12/1/1/1/0024,Idi Ata Health Center,Ibarapa East,Okolo,Public,Local Government,Primary,Unknown,7.53706,3.41978
FAC1805,30/12/1/1/1/0014,Oke Imale Primary Health Center,Ibarapa East,Lanlate,Public,Unknown,Primary,Unknown,7.58944,3.4492
FAC1806,30/12/1/1/1/0025,Oke Imale Health Clinic,Ibarapa East,Lanlate,Public,Local Government,Primary,Unknown,7.54903,3.44449
FAC1807,30/19/1/1/1/0009,Ilaji Oke Primary Health Center,Kajola,Ilaji -Oke/Iwere-Oke,Public,Local Government,Primary,Primary Health Center,8.05618,3.33809
FAC1808,30/19/1/1/1/0008,Ijo Primary Health Center,Kajola,Ijo,Public,Local Government,Primary,Primary Health Center,8.03529,3.34439
FAC1809,30/19/1/1/2/0047,Aderinola Clinic and Maternity Home,Kajola,Isia,Private,For Profit,Primary,Primary Health Clinic,8.01757,3.3577
FAC1810,30/19/1/1/2/0003,Elero Primary Health Center,Kajola,Elero,Public,Local Government,Primary,Primary Health Center,8.08951,3.34959
FAC1811,30/27/1/1/1/0031,Ore Ofe Clinic,Ori Ire,Tewure,Private,For Profit,Primary,Primary Health Clinic,8.32307,4.20741
FAC1812,30/32/1/1/1/0008,Ajelanwa Primary Health Center,Saki West,Baabo,Public,Local Government,Primary,Primary Health Center,8.71492,3.20287
FAC1813,30/32/1/1/1/0018,Isale Efin Primary Health Center,Saki West,Isale Efin,Public,Unknown,Primary,Unknown,8.66988,3.39295
FAC1814,30/32/1/2/2/0042,Masha Allah Clinic and Maternity,Saki West,Sango,Private,For Profit,Secondary,Unknown,8.68724,3.42754
FAC1815,30/32/1/1/1/0039,Sangote Primary Health Center,Saki West,Baabo,Public,Local Government,Primary,Primary Health Center,8.67548,3.37404
FAC1816,30/32/1/2/2/0069,Al Halal Child and  Welfare Clinic,Saki West,Ogidigbo,Private,For Profit,Secondary,Unknown,8.66991,3.38399
FAC1817,30/18/1/1/1/0030,Agbaruru Primary Health Center,Iwajowa,Iwere Ile,Public,Local Government,Primary,Unknown,7.997052,3.1076
FAC1818,30/16/1/1/2/0035,Akande Asabi Medical Clinic,Iseyin,Ladogan,Private,For Profit,Primary,Unknown,8.01184,3.57267
FAC1819,30/16/1/1/2/0009,Bishop Ajayi Crowther Primary Health Care Center,Iseyin,Akinwumi/Osoogun,Public,Local Government,Primary,Primary Health Clinic,7.715193,3.475075
FAC1820,30/08/1/1/1/0005,Chief Shepherd Mission Hospital,Ibadan North West,Olopomewa,Private,For Profit,Secondary,Unknown,7.41125,3.87884
FAC1821,30/22/1/1/1/0037,Isoko Health Post,Ogbomosho South,Isoko,Public,Local Government,Primary,Health Post,8.12639,4.23631
FAC1822,30/22/1/2/2/0041,Sijuade Clinic and Maternity Centre,Ogbomosho South,Alapata,Private,For Profit,Primary,Primary Health Clinic,8.1100726,4.2228857
FAC1823,30/22/1/1/1/0030,Igboyi Community Primary Health Center,Ogbomosho South,Ibapon,Public,Local Government,Primary,Primary Health Center,8.13831,4.212829
FAC1824,30/15/1/1/2/0016,Ayo Ni O Maternity Clinic,Irepo,Iba 4,Private,For Profit,Secondary,Unknown,9.08792,3.84804
FAC1825,30/32/1/2/2/0079,Al Musharaf Clinic and Maternity,Saki West,Sango,Private,For Profit,Secondary,Unknown,8.67071,3.40291
FAC1826,30/32/1/2/2/0041,Al Jassas Hospital,Saki West,Otun/Isia,Private,For Profit,Secondary,Unknown,8.62054,3.41387
FAC1827,30/32/1/2/2/0057,Al Basit Maternity Clinic,Saki West,Iya,Private,For Profit,Secondary,Unknown,8.67275,3.388487
FAC1828,30/31/1/1/1/0001,Ariike Clinic and Maternity,Saki West,Baabo,Private,For Profit,Secondary,Unknown,8.67421,3.36912
FAC1829,30/10/1/2/1/0001,Bolatife Maternity and Child Welfare Clinic,Ibadan North West,Oritamerin,Private,For Profit,Secondary,Unknown,7.39091,3.89182
FAC1830,30/09/1/1/2/0001,Oganla Iware Primary Health Center,Ibadan North West,Ekotedo,Public,Local Government,Primary,Primary Health Center,7.39363,3.88619
FAC1831,30/04/1/1/1/0019,Oyo College Of Agriculture Health Center,Ibarapa Central,Igbole,Public,Local Government,Primary,Primary Health Center,7.41526,3.30038
FAC1832,30/11/1/2/1/0001,Idofin Tuberculosis Leprosy Clinic,Ibarapa Central,Idofin,Public,Local Government,Primary,Unknown,7.43641,3.28624
FAC1833,30/29/1/1/1/0006,Araromi Primary Health Center,Oyo East,Araro,Public,Local Government,Primary,Health Post,7.81799,3.94051
FAC1834,30/29/1/1/2/0005,Baptist Hospital and Maternity Center,Oyo East,Araro,Private,For Profit,Secondary,Unknown,7.833015,3.919066
FAC1835,30/29/1/2/2/0032,Arole Clinic,Oyo East,Jabata,Private,For Profit,Secondary,Unknown,7.838818333,3.927791656
FAC1836,30/29/1/2/2/0031,Aia Hospital,Oyo East,Araro,Private,For Profit,Secondary,Unknown,7.82525,3.92586
FAC1837,30/29/1/1/1/0012,Jabata Primary Health Center,Oyo East,Jabata,Public,Local Government,Primary,Health Post,7.83988,3.93389
FAC1838,30/31/1/1/1/0023,Isale Ola Sepeteri Health Post,Saki East,Isale Ola,Public,Local Government,Primary,Health Post,8.621068,3.637353
FAC1839,30/05/1/1/1/0003,Apete Primary Health Center,Egbeda,Monatan,Public,Local Government,Primary,Primary Health Clinic,7.40635,3.94577
FAC1840,30/09/1/1/1/0010,Molas Clinic,Ibadan South East,Molete,Private,For Profit,Secondary,Unknown,7.35319,3.902995
FAC1841,30/04/1/2/2/0028,Wellness Memorial Centre,Atisbo,Obada,Private,For Profit,Secondary,Unknown,8.50719,3.41062
FAC1842,30/10/1/1/2/0008,Naomi Medical Center,Ibadan North West,Abebi,Private,Not For Profit,Secondary,Unknown,7.38781,3.88711
FAC1843,30/10/1/2/2/0045,West Wind Hospital Maternity,Ibadan North West,Eleyele,Private,Not For Profit,Secondary,Unknown,7.40075,3.87067
FAC1844,30/10/1/2/2/0043,Central Bank Of Nigeria Clinic,Ibadan North West,Afonta,Private,Not For Profit,Secondary,Unknown,7.39627,3.87607
FAC1845,30/10/1/1/2/0044,Blossom Care Family Health Hospital,Ibadan North West,Afonta,Private,For Profit,Primary,Primary Health Clinic,7.38952,3.87868
FAC1846,30/08/1/1/1/0006,Gentle Hearts Global Harvest Medical Center,Ibadan North West,Ekotedo,Private,For Profit,Secondary,Unknown,7.39701,3.88323
FAC1847,30/17/1/1/1/0002,Babaode Primary Health Center,Itesiwaju,Babaode,Public,Local Government,Primary,Primary Health Center,8.20633,3.21537
FAC1848,30/17/1/1/1/0020,Oke Afin Health Center,Itesiwaju,Okaka 2,Public,Local Government,Primary,Primary Health Clinic,8.219767,3.46794
FAC1849,30/18/1/1/1/0027,Ajimati Ojaoba Primary Health Center,Iwajowa,Ajimati/Ojaoba,Public,Local Government,Primary,Primary Health Center,7.97717,3.23967
FAC1850,30/18/1/2/2/0003,St Joseph Catholic Health Center,Iwajowa,Iwere Ile,Private,For Profit,Secondary,Unknown,8.000528,3.093713
FAC1851,30/18/1/2/2/0024,Iwere Ile Oluwatomi Hospital,Iwajowa,Iwere Ile,Private,For Profit,Secondary,Unknown,8.000897,3.104873
FAC1852,30/18/1/1/2/0001,Iganna Tuberculosis and Leprosy,Iwajowa,Ofeegun,Public,Local Government,Primary,Primary Health Clinic,7.979617,3.235797
FAC1853,30/18/1/1/1/0002,Abule Tapa Health Clinic,Iwajowa,Elekokan,Public,Local Government,Primary,Primary Health Center,7.805697,3.214885
FAC1854,30/22/1/1/1/0035,Ijeru 2 Primary Health Center,Ogbomosho South,Ijeru 2,Public,Local Government,Primary,Primary Health Center,8.12425921,4.243669
FAC1855,30/22/1/1/1/0036,Alabede Health Post,Ogbomosho South,Ilogbo,Public,Local Government,Primary,Health Post,8.10097,4.23427
FAC1856,30/22/1/1/2/0007,Cliff Hospital,Ogbomosho South,Alapata,Private,For Profit,Secondary,Unknown,8.12244,4.22546
FAC1857,30/26/1/1/1/0039,Gelinco Primary Health Center,Ona Ara,Idi Ose,Public,Local Government,Primary,Primary Health Clinic,7.340097,3.999573
FAC1858,30/07/1/1/1/0013,Iyanu Ayo Clinic and Maternity,Ibadan North East,Aperin,Private,For Profit,Primary,Unknown,7.37983,3.91535
FAC1859,30/13/1/1/1/0022,Asunnara Primary Health Center,Ibarapa North,Ofiki 2,Public,Local Government,Primary,Primary Health Center,7.65539,3.11725
FAC1860,30/32/1/2/2/0005,Ireti Ayo Maternity Home,Saki West,Sango,Private,For Profit,Secondary,Unknown,8.67674,3.39461
FAC1861,30/31/1/1/2/0002,Bisimillahi Clinic,Saki West,Sango,Private,For Profit,Secondary,Unknown,8.67523,3.39498
FAC1862,30/26/1/2/2/0008,Idera Oluwa Clinic and Maternity,Ona Ara,Olunloyo,Private,For Profit,Primary,Primary Health Clinic,7.367965,3.933437
FAC1863,30/25/1/1/1/0040,Iremm Medical Center,Oluyole,Orita,Private,For Profit,Secondary,Unknown,7.34666,3.84555
FAC1864,30/25/1/1/1/0007,Adaramogba Olomi Primary Health Center,Oluyole,Olomi,Public,Local Government,Primary,Primary Health Center,7.34248,3.91649
FAC1865,30/31/1/1/1/0008,Alafia and Welfare Maternity and Child Welfare Clinic,Saki West,Sango,Private,For Profit,Secondary,Unknown,8.69229,3.43683
FAC1866,30/32/1/1/1/0039,Blessing and Welfare Maternity and Child Welfare Clinic,Saki West,Eko-Kan,Private,For Profit,Secondary,Unknown,8.82838,3.41412
FAC1867,30/23/1/2/2/0003,Safeway Clinic,Ogo Oluwa,Odo Oba,Private,Unknown,Secondary,Unknown,8.04944,4.14859
FAC1868,30/23/1/1/1/0029,Tuberculosis and Leprosy Clinic,Ogo Oluwa,Ajaawa,Public,Local Government,Primary,Primary Health Clinic,7.92927,4.13004
FAC1869,30/10/1/1/2/0012,Funminiyi and Welfere Children Hospital,Ibadan North West,Olopomewa,Private,For Profit,Secondary,Unknown,7.41818,3.85955
FAC1870,30/10/1/1/2/0007,Mokola Army Barrack Hospital,Ibadan North West,Ekotedo,Public,Military & Paramilitary formations,Primary,Primary Health Center,7.41503,3.88542
FAC1871,30/10/1/3/1/0001,University Of Ibadan Clinic,Ibadan North West,Olorisaoko 1,Public,Federal Government,Tertiary,Teaching/Tertiary Hospital,7.38347,3.89119
FAC1872,30/32/1/2/2/0072,Famak Maternity and Child Welfare Clinic,Saki West,Sango,Private,For Profit,Secondary,Unknown,8.67442,3.39969
FAC1873,30/32/1/2/2/0066,Kolawole Clinic and Maternity,Saki West,Sango,Private,For Profit,Secondary,Unknown,8.723025,3.465035
FAC1874,30/32/1/2/2/0076,Hafmad Clinic and Maternity,Saki West,Sango,Private,For Profit,Secondary,Unknown,8.70907,3.40364
FAC1875,30/32/1/2/2/0082,Olajumoke Clinic and Maternity,Saki West,Ajegunle,Private,For Profit,Secondary,Unknown,8.65525,3.39985
FAC1876,30/32/1/2/2/0078,Oladele Hospital,Saki West,Ajegunle,Private,For Profit,Secondary,Unknown,8.62676,3.4375
FAC1877,30/32/1/2/2/0077,Hasbunallai Progressive Clinic and Maternity,Saki West,Sango,Private,For Profit,Secondary,Unknown,8.68934,3.44237
FAC1878,30/32/1/1/1/0005,Adabo Tuberculosis Leprosy,Saki West,Adabo,Public,Local Government,Primary,Primary Health Clinic,8.67173,3.38408
FAC1879,30/13/1/2/2/0031,Grace and Mercy Maternity Clinic,Ibarapa North,Tapa 1,Private,For Profit,Primary,Primary Health Clinic,7.56379,3.23429
FAC1880,30/05/1/1/2/0009,Makmercy Annex Hospital,Ibarapa North,Igangan 2,Private,For Profit,Secondary,Primary Health Center,7.4021,3.1113
FAC1881,30/16/1/1/1/0017,As Salam Chlid Walfare Maternity Clinic,Iseyin,Ladogan,Private,For Profit,Secondary,Unknown,7.95967,3.603886
FAC1882,30/16/1/2/2/0037,Providence Clinic and Maternity Centre,Iseyin,Isalu 1,Private,For Profit,Secondary,Unknown,7.97998,3.59724
FAC1883,30/24/1/2/2/0019,Ona Ara Medical Center,Olorunsogo,Aboke,Private,For Profit,Secondary,Unknown,8.73376,4.14358
FAC1884,30/12/1/2/2/0001,Awojobi Clinic,Ibarapa East,Okolo,Private,For Profit,Secondary,Unknown,7.55333,3.42794
FAC1885,30/12/1/1/1/0019,Tbl Clinic,Ibarapa East,Anko Eruwa,Public,Local Government,Primary,Health Post,7.53716,3.41996
FAC1886,30/04/1/1/1/0001,Abugudu Primary Health Center,Atisbo,Opara,Public,Local Government,Primary,Primary Health Center,8.51664,3.41828
FAC1887,30/04/1/1/1/0022,Irawo Owode Comprehensive Health Center,Atisbo,Irawo/Owode,Public,Local Government,Primary,Primary Health Center,8.53775,3.36941
FAC1888,30/04/1/1/2/0025,Alaafia Tayo Annex Clinic,Atisbo,Ofiki,Private,For Profit,Secondary,Primary Health Clinic,8.44985,3.33391
FAC1889,30/04/1/1/2/0024,Aweni Annex Hospital,Atisbo,Irawo-Ile,Private,For Profit,Secondary,Primary Health Center,8.54085,3.34177
FAC1890,30/08/1/1/1/0023,Agbokojo Primary Health Clinic,Ibadan South West,Agbokojo,Public,Local Government,Primary,Primary Health Clinic,7.37956,3.88614
FAC1891,30/12/1/2/2/0021,Abayomi Peace Hospital,Ibarapa East,New Eruwa,Private,For Profit,Secondary,Unknown,7.54606,3.45844
FAC1892,30/12/1/1/2/0038,Baptist Eruwa Hospital,Ibarapa East,Okolo,Private,For Profit,Primary,Primary Health Clinic,7.545,3.42747
FAC1893,30/12/1/1/2/0004,Isaba Health Clinic,Ibarapa East,Isa Isaba,Public,Local Government,Primary,Primary Health Clinic,7.53121,3.41558
FAC1894,30/12/1/1/1/0042,Ibarapa East Local Government Clinic,Ibarapa East,Oke Ola/Oke Oja,Public,Local Government,Primary,Primary Health Clinic,7.52562,3.42276
FAC1895,30/13/1/1/1/0014,Ayete Primary Health Care Center,Ibarapa North,Ayete 2,Public,Local Government,Primary,Primary Health Center,7.5450683,3.220545
FAC1896,30/11/1/1/1/0002,Molete Primary Health Center,Irepo,Ajaguna,Public,Local Government,Primary,Primary Health Center,9.07264,3.84992
FAC1897,30/15/1/1/1/0026,Budo Tailor Primary Health Center,Irepo,Iba 5,Public,Local Government,Primary,Primary Health Center,9.17806,3.76413
FAC1898,30/15/1/1/1/0024,Sabo Medina Mdg Primary Health Center,Irepo,Iba 5,Public,Local Government,Primary,Unknown,9.17806,3.76413
FAC1899,30/17/1/1/1/0021,Otu Ibise Primary Health Center,Itesiwaju,Otu Ibise,Public,Local Government,Primary,Primary Health Center,8.20669,3.40152
FAC1900,30/17/1/2/2/0001,Otu Tuberculosis Leprosy Clinic,Itesiwaju,Otu Ilesan,Public,Local Government,Primary,Primary Health Clinic,8.205447,3.412858
FAC1901,30/25/1/2/1/0002,Sarat Medical Center,Oluyole,Orita,Private,For Profit,Primary,Unknown,7.34867,3.92441
FAC1902,30/07/1/1/2/0006,Glory Hospital and Maternity Center,Oyo East,Araro,Private,For Profit,Secondary,Unknown,7.82855,3.93514
FAC1903,30/30/1/1/1/0023,Pakoyi Health Center,Oyo West,Pakoyi/Idode,Public,Local Government,Primary,Primary Health Center,7.85079,3.92635
FAC1904,30/02/1/1/1/0028,Jarija Sangobo Health Post,Akinyele,Ijaye,Public,Local Government,Primary,Primary Health Clinic,7.63699,3.8218
FAC1905,30/22/1/1/1/0024,Ore Ife Hospital,Oluyole,Orita,Private,For Profit,Primary,Unknown,7.34059,3.86986
FAC1906,30/25/1/2/2/0052,Soka City Hospital,Oluyole,Idi Ayunre,Private,For Profit,Secondary,Unknown,7.31982,3.88473
FAC1907,30/28/1/2/2/0012,Allahu Akbar Bonni Lgboho Medical Center,Orelope,Bonni,Private,For Profit,Secondary,Unknown,8.86973,3.76075
FAC1908,30/22/1/1/2/0002,Adeniyi Memorial Hospital,Orelope,Igbope 1,Private,For Profit,Secondary,Primary Health Clinic,8.83246,3.79709
FAC1909,30/28/1/1/2/0004,Mafowaku Primary Health Center,Orelope,Modeke,Public,Local Government,Primary,Primary Health Center,8.83258,3.75024
FAC1910,30/04/1/1/1/0005,Ago Are Tuberculosis and Leprosy Clinic,Atisbo,Ago Are 1,Public,Local Government,Primary,Primary Health Center,8.50867,3.41882
FAC1911,30/04/1/1/1/0016,Irawo Ile Ori Okoo Primary Health Care Center,Atisbo,Irawo-Ile,Public,Local Government,Primary,Primary Health Center,8.53806,3.34831
FAC1912,30/22/1/1/2/0049,Salvage Medical and Maternity Centre,Ogbomosho South,Lagbedu,Private,For Profit,Primary,Primary Health Clinic,8.1088499,4.2469916
FAC1913,30/22/1/2/1/0001,Tuberculosis and Leprosy Control Clinic,Ogbomosho South,Ijeru 1,Public,Local Government,Primary,Primary Health Clinic,8.12656,4.242299
FAC1914,30/22/1/1/2/0001,Kajola Primary Health Center,Ori Ire,Adafila,Public,Local Government,Primary,Primary Health Center,8.42773,4.26653
FAC1915,30/23/1/1/1/0002,Tbl Clinic,Ori Ire,Ikoyi-Ile,Public,Local Government,Primary,Primary Health Clinic,8.24534,4.17527
FAC1916,30/14/1/2/2/0044,Ido Central Hospital,Ido,Ido/Odebode,Private,For Profit,Secondary,Unknown,7.438345,3.730152
FAC1917,30/03/1/1/1/0001,Osi Efa Primary Health Center,Atiba,Aafin 2,Public,Local Government,Primary,Primary Health Clinic,7.85474,3.93367
FAC1918,30/03/1/2/2/0058,Onibuore Clinic and Maternity Centre,Atiba,Asipa 2,Private,For Profit,Secondary,Unknown,7.89247,3.92661
FAC1919,30/14/1/1/1/0016,Olaitan Maternity and Child Welfare Clinic,Ido,Akinware/Akindele,Private,For Profit,Secondary,Unknown,7.44989,3.87051
FAC1920,30/14/1/2/2/0042,Pauline Canadian Hospital,Ido,Apete/Ologuneru,Private,For Profit,Secondary,Unknown,7.436129,3.829565
FAC1921,30/33/1/1/2/0008,Hallelujah Hospital,Surulere,Oko,Private,For Profit,Secondary,Unknown,7.94588,4.33906
FAC1922,30/33/1/1/1/0033,Mayin Primary Health Center,Surulere,Mayin,Public,Local Government,Primary,Primary Health Clinic,8.1526,4.29498
FAC1923,30/24/1/1/2/0021,Oke Ayo Tafoo Community Health Center,Olorunsogo,Agbele,Private,For Profit,Primary,Primary Health Clinic,8.753337,4.11174
FAC1924,30/02/1/1/1/0001,Aisha Memorial Hospital,Akinyele,Ojoo,Private,For Profit,Secondary,Unknown,7.47202,3.91882
FAC1925,30/23/1/1/1/0021,Ojutaye Primary Health Center,Ogo Oluwa,Osupa,Public,Local Government,Primary,Primary Health Center,7.93606,4.13434
FAC1926,30/23/1/1/2/0009,Omu Iyadun Clinic,Ogo Oluwa,Ajaawa,Private,For Profit,Secondary,Unknown,7.92935,4.12612
FAC1927,30/30/1/1/1/0015,Oyo West Local Government Staff Clinic,Oyo West,Isokun 5,Public,Local Government,Primary,Primary Health Center,7.85193,3.90979
FAC1928,30/30/1/1/1/0006,Iseke Tuberculosis and Leprosy Clinic,Oyo West,Iseke,Public,Local Government,Primary,Health Post,7.83901,3.91742
FAC1929,30/33/1/1/1/0033,Amosa Primary Health Center,Surulere,Mayin,Public,Local Government,Primary,Primary Health Clinic,8.004165,4.271787
FAC1930,30/33/1/1/1/0006,Ajase Health Center,Surulere,Baayaoje,Public,Local Government,Primary,Primary Health Clinic,8.210148,4.40446
FAC1931,30/06/1/1/1/0002,Aremo General Hospital,Ibadan North East,Aperin,Public,State Government,Secondary,Unknown,7.37583,3.91855
FAC1932,30/32/1/2/2/0073,Oyinlade Child and  Welfare Clinic,Saki West,Baabo,Private,For Profit,Secondary,Unknown,8.68214,3.36612
FAC1933,30/32/1/2/2/0070,Opeloyeru Clinic and Maternity,Saki West,Iya,Private,For Profit,Secondary,Unknown,8.68732,3.33498
FAC1934,30/13/1/2/2/0029,Ise Oluwa Maternity and Child Welfare Clinic,Ibarapa North,Igangan 3,Private,For Profit,Secondary,Unknown,7.67568,3.17066
FAC1935,30/13/1/1/1/0011,Akoya Primary Health Center,Ibarapa North,Ofiki 2,Public,Local Government,Primary,Primary Health Center,7.733663,3.09678
FAC1936,30/30/1/1/2/0001,Goshen Clinic and Maternity Centre,Saki East,Oke Tassi,Private,For Profit,Primary,Health Post,8.621068,3.621095
FAC1937,30/31/1/1/1/0006,Ago Amodu General Hospital,Saki East,Isale Adu,Public,State Government,Secondary,Unknown,8.62098,3.61032
FAC1938,30/31/1/1/2/0028,Opeyemi Clinic,Saki East,Isale Ola,Private,For Profit,Secondary,Primary Health Clinic,8.629013,3.65218
FAC1939,30/24/1/2/2/0023,Saint Julius Clinic and Maternity,Olorunsogo,Agbele,Private,For Profit,Primary,Primary Health Clinic,8.75462,4.12144
FAC1940,30/24/1/2/2/0020,Sagbo Nursing Home,Olorunsogo,Aboke,Private,For Profit,Primary,Primary Health Clinic,8.73179,4.14484
FAC1941,30/05/1/2/2/0020,Dola Medical Center,Egbeda,Olodo,Private,For Profit,Secondary,Unknown,7.44592,4.03556
FAC1942,30/33/1/1/1/0033,Gbede Primary Health Center,Surulere,Gambari/Igbon,Public,Local Government,Primary,Primary Health Clinic,8.296232,4.345457
FAC1943,30/16/1/1/1/0017,Alanuni Oluwa Maternity Home and  Clinic,Iseyin,Koso 2,Private,For Profit,Secondary,Unknown,7.96487,3.584805
FAC1944,30/06/1/1/1/0018,Institute Of Child Health,Ibadan North,Bodija,Public,Federal Government,Secondary,Unknown,7.40076,3.90323
FAC1945,30/07/1/1/1/0025,Aged and Widow Mini Clinic,Ibadan North East,Basorun,Public,Local Government,Primary,Primary Health Clinic,7.40481,3.93384
FAC1946,30/08/1/2/2/0026,El Rophi Hospital,Ibadan South West,Challenge / Ring Road,Private,For Profit,Secondary,Unknown,7.35121,3.87642
FAC1947,30/08/1/2/2/0022,Likeminds Fetal Hospital,Ibadan South West,Molete,Private,For Profit,Secondary,Unknown,7.36299,3.88059
FAC1948,30/16/1/1/2/0001,Ashifau Lhaq Clinic,Iseyin,Isalu 1,Private,For Profit,Secondary,Unknown,7.99188,3.58463
FAC1949,30/16/1/1/1/0009,Isalu Tuberculosis and Leprosy Clinic,Iseyin,Isalu 2,Public,Local Government,Primary,Health Post,7.992548,3.593818
FAC1950,30/20/1/2/2/0029,Faithcity Medical Center,Lagelu,Ejioku,Private,For Profit,Secondary,Unknown,7.46976,4.08836
FAC1951,30/20/1/1/1/0023,Offa Igbo Primary Health Center,Lagelu,Offa-Igbo,Public,Local Government,Primary,Primary Health Center,7.50804,4.11276
FAC1952,30/21/1/2/2/0030,Living Faith Hospital,Ogbomosho North,Saja / Isale Ora,Private,For Profit,Secondary,Unknown,8.13659,4.28367
FAC1953,30/21/1/1/1/0019,Cornerstone Medical Center,Ogbomosho North,Masifa,Private,For Profit,Secondary,Unknown,8.13764,4.25565
FAC1954,30/25/1/2/2/0049,Harbifau Clinic,Oluyole,Olomi,Private,For Profit,Secondary,Unknown,7.29966,3.90524
FAC1955,30/27/1/2/2/0001,Emmadok Hospital,Ori Ire,Tewure,Private,For Profit,Secondary,Unknown,8.32646,4.20871
FAC1956,30/27/1/1/2/0005,Alemioda Clinic,Ori Ire,Tewure,Private,For Profit,Primary,Primary Health Center,8.32051,4.21007
FAC1957,30/31/1/2/2/0001,Jesus Is Lord Clinic,Saki East,Oke Sebe,Private,For Profit,Secondary,Unknown,8.59439,3.49078
FAC1958,30/31/1/1/1/0011,Ileri Oluwa Clinic and Maternity Centre,Saki East,Isale Ola,Private,For Profit,Secondary,Unknown,8.621095,3.621095
FAC1959,30/30/1/1/2/0003,Ogboro Primary Health Center,Saki East,Isale Igbagbo,Public,Local Government,Primary,Primary Health Center,8.621095,3.621095
FAC1960,30/31/1/1/2/0025,Agbeloba Clinic,Saki East,Oke Agoro,Private,For Profit,Primary,Primary Health Clinic,8.629013,3.652187
FAC1961,30/31/1/1/1/0017,Oje Owode Model Primary Health Center,Saki East,Oke Ola/Oke Oja,Public,Local Government,Primary,Primary Health Center,8.577113,3.503569
FAC1962,30/31/1/1/1/0017,Aged and Widow Clinic,Saki East,Alamodu,Public,Local Government,Primary,Primary Health Clinic,8.631388,3.611678
FAC1963,30/32/1/1/1/0015,Gbepakan Primary Health Center,Saki West,Eko-Kan,Public,Local Government,Primary,Primary Health Center,8.74207,3.14968
FAC1964,30/32/1/2/2/0048,Peace Land Hospital,Saki West,Ajegunle,Private,For Profit,Secondary,Unknown,8.64993,3.40104
FAC1965,30/03/1/1/1/0077,Arinkinkin Health Center,Atiba,Asipa 3,Public,Local Government,Primary,Unknown,8.10966,4.02221
FAC1966,30/03/1/2/2/0072,Idera Olu Maternity Clinic,Atiba,Asipa 2,Private,For Profit,Secondary,Unknown,7.87597,3.9289
FAC1967,30/03/1/3/2/0066,Living Spring Maternity Clinic,Atiba,Asipa 1,Private,For Profit,Tertiary,Unknown,7.86639,3.92895
FAC1968,30/03/1/1/1/0067,Algon Comprehensive Health Center,Atiba,Asipa 2,Public,Local Government,Primary,Primary Health Center,7.89076,3.96862
FAC1969,30/03/1/1/1/0025,Basorun Primary Health Center,Atiba,Basorun,Public,Local Government,Primary,Unknown,7.8486,3.94101
FAC1970,30/03/1/2/2/0052,Ise Oluwa Medical Center,Atiba,Agunpopo 3,Private,For Profit,Secondary,Unknown,7.85871,3.94013
FAC1971,30/05/1/1/1/0027,Ifedapo Community Health Center,Egbeda,Egbeda,Public,Local Government,Primary,Primary Health Clinic,7.36098,4.03369
FAC1972,30/05/1/2/2/0017,Abiyelayo Hospital Maternity,Egbeda,Monatan,Private,For Profit,Secondary,Unknown,7.40577,3.95536
FAC1973,30/31/1/1/2/0027,Amazing Grace Clinic,Saki East,Kajola,Private,For Profit,Primary,Primary Health Clinic,8.764252,3.61801
FAC1974,30/31/1/2/2/0030,Peaceland Hospital,Saki East,Oke Ola/Oke Oja,Private,For Profit,Secondary,Unknown,8.629013,3.652187
FAC1975,30/31/1/1/1/0017,Sepeteri Tuberculosis and Leprosy,Saki East,Oke Tassi,Public,Local Government,Primary,Primary Health Clinic,8.646928,3.621095
FAC1976,30/31/1/2/2/0003,Uch Annex Hospital,Saki East,Isale Ola,Public,Federal Government,Tertiary,Teaching/Tertiary Hospital,8.629013,3.652013
FAC1977,30/19/1/1/1/0032,Olaoluwa Maternity and Child Welfare Clinic,Kajola,Imoba / Oke Ogun,Private,For Profit,Primary,Primary Health Clinic,8.03191,3.34479
FAC1978,30/19/1/2/2/0034,Kajola Muslim Hospital,Kajola,Ayetoro Oke,Private,For Profit,Secondary,Unknown,8.04484,3.34182
FAC1979,30/14/1/2/2/0046,Faith In God Hospital,Ido,Ogundele Alaho/Siba,Private,For Profit,Secondary,Unknown,7.372632,3.799953
FAC1980,30/14/1/1/1/0025,Olorunsogo Hospital,Ido,Apete/Ologuneru,Private,For Profit,Secondary,Unknown,7.445598,3.821985
FAC1981,30/02/1/2/2/0072,God'S Own Maternity,Akinyele,Aroro,Private,For Profit,Secondary,Unknown,7.48216,3.92505
FAC1982,30/02/1/2/2/0080,Ashamby Hospital,Akinyele,Olorisaoko,Private,For Profit,Secondary,Unknown,7.5356,3.85401
FAC1983,30/02/1/1/2/0014,His Favour Hospital,Akinyele,Moniya,Private,For Profit,Secondary,Unknown,7.52848,3.91231
FAC1984,30/02/1/1/1/0045,Uch Annex Primary Health Care Center,Akinyele,Moniya,Public,Federal Government,Primary,Primary Health Center,7.54539,3.81052
FAC1985,30/08/1/2/1/0005,Adifase Tuberculosis and Leprosy Clinic,Ibadan South West,Apata / Odo Ona,Public,Local Government,Primary,Primary Health Clinic,7.38692,3.82908
FAC1986,30/08/1/1/1/0014,Government Chest Hospital,Ibadan South West,Aleshinloye,Public,State Government,Secondary,Unknown,7.39484,3.87205
FAC1987,30/16/1/1/2/0006,Ogo Oluwa Maternity Home and  Clinic,Iseyin,Isalu 1,Private,For Profit,Secondary,Unknown,7.97616,3.58932
FAC1988,30/16/1/1/1/0016,Oke Oja Primary Health Center,Iseyin,Oke Ola/Oke Oja,Public,Local Government,Primary,Primary Health Center,7.97053,3.59351
FAC1989,30/21/1/1/1/0009,Mercy Triumph Medical Center,Ogbomosho North,Osupa,Private,For Profit,Secondary,Unknown,8.14668,4.23222
FAC1990,30/21/1/2/2/0010,Olaoluwa Clinic and Maternity Centre,Ogbomosho North,Saja / Isale Ora,Private,For Profit,Secondary,Unknown,8.12618,4.25494
FAC1991,30/26/1/1/2/0004,Mainspring Hospital,Ogbomosho South,Ibapon,Private,For Profit,Secondary,Unknown,8.11666,4.22196
FAC1992,30/22/1/2/2/0042,Jesus Heals Clinic and Maternity Centre,Ogbomosho South,Alapata,Private,For Profit,Primary,Primary Health Clinic,8.111989,4.220206
FAC1993,30/22/1/1/1/0030,Benediction Health Clinic,Ogbomosho South,Arowomole,Private,For Profit,Primary,Primary Health Clinic,8.10472,4.23225
FAC1994,30/21/1/1/1/0010,Ike Ola Maternity Home,Oluyole,Olomi,Private,For Profit,Primary,Unknown,7.33799,3.91824
FAC1995,30/03/1/1/2/0053,Abiwere Clinic and Maternity,Atiba,Agunpopo 2,Private,For Profit,Primary,Primary Health Clinic,7.85302,3.94484
FAC1996,30/03/1/1/1/0042,Igbonla Health Center,Atiba,Asipa 3,Public,Local Government,Primary,Primary Health Center,8.11318,4.0221
FAC1997,30/03/1/1/1/0031,Ijawaya Primary Health Center,Atiba,Agunpopo 2,Public,Local Government,Primary,Primary Health Clinic,7.92877,4.01256
FAC1998,30/32/1/1/2/0011,As Bello Maternity and Child Welfare Clinic,Saki West,Iya,Private,For Profit,Secondary,Unknown,8.68881,3.39557
FAC1999,30/05/1/1/2/0001,Aged and Widow Mini Clinic,Egbeda,Egbeda,Public,Local Government,Primary,Primary Health Clinic,7.37915,4.04723
FAC2000,30/10/1/2/2/0003,Victory Hospital,Ibarapa North,Igangan 3,Private,For Profit,Secondary,Unknown,7.68221,3.17298
FAC2001,30/22/1/1/2/0047,Sunrise Covenant Clinic and Maternity,Ogbomosho South,Alapata,Private,For Profit,Primary,Primary Health Clinic,8.118536,4.2279982
FAC2002,30/22/1/1/1/0008,Alapata Primary Health Center,Ogbomosho South,Alapata,Public,Local Government,Primary,Health Post,8.0978007,4.2132763
FAC2003,30/26/1/2/2/0042,Hafsoh Foundation Clinic and Maternity,Ona Ara,Idi Ose,Private,For Profit,Secondary,Unknown,7.331063,3.968947
FAC2004,30/20/1/3/2/0001,Emmanuel Alayande Rehabiliation Centre,Lagelu,Olorunda 1,Private,For Profit,Secondary,Unknown,7.46615,3.96261
FAC2005,30/20/1/1/2/0036,Grace Anchor Clinic and Maternity,Lagelu,Monatan,Private,For Profit,Secondary,Primary Health Clinic,7.44764,3.98459
FAC2006,30/03/1/2/2/0071,Opabode Memorial Hospital,Atiba,Asipa 1,Private,For Profit,Secondary,Unknown,7.86378,3.91432
FAC2007,30/07/1/1/2/0007,God'S Grace Maternity and Child Welfare Clinic,Ibadan North,Yemetu,Private,For Profit,Secondary,Unknown,7.38945,3.90312
FAC2008,30/06/1/2/1/0002,Widow Aged Clinic,Ibadan North,Agodi,Public,Unknown,Secondary,Unknown,7.39651,3.91913
FAC2009,30/16/1/1/2/0036,Adeolu Clinic and Maternity Centre,Iseyin,Isalu 1,Private,For Profit,Primary,Unknown,7.97742,3.603253
FAC2010,30/16/1/2/2/0024,Hallelujah Maternity Clinic,Iseyin,Ekunle 1,Private,For Profit,Secondary,Unknown,7.94456,3.625216
FAC2011,30/16/1/1/2/0038,Omo Iya Clinic and Maternity Centre,Iseyin,Ekunle 1,Private,For Profit,Primary,Unknown,7.955705,3.606326
FAC2012,30/20/1/2/2/0007,Tolulope Maternity Centre,Lagelu,Olorunda 1,Private,For Profit,Secondary,Unknown,7.43316,3.94006
FAC2013,30/20/1/1/2/0015,N O Idowu Comprehensive Health Center,Lagelu,Olorunda 2,Private,For Profit,Secondary,Unknown,7.51476,3.97655
FAC2014,30/24/1/2/2/0022,Je Is Lord Nursing Home and Maternity,Olorunsogo,Agbele,Private,For Profit,Primary,Primary Health Clinic,8.75483,4.10695
FAC2015,30/24/1/1/1/0018,Aboke Is Wealth Health Clinic,Olorunsogo,Aboke,Public,Local Government,Primary,Health Post,8.74663,4.14214
FAC2016,30/05/1/1/1/0016,As Sallam Hospital,Egbeda,Wakajaiye,Private,For Profit,Secondary,Unknown,7.42156,3.97556
FAC2017,30/26/1/1/1/0008,Moboluwaduro Clinic and Maternity,Ona Ara,Olorunsogo,Private,For Profit,Primary,Primary Health Clinic,7.372157,3.935133
FAC2018,30/26/1/1/2/0007,Oluwafemijubelo Clinic,Ona Ara,Idi Osan,Private,For Profit,Primary,Primary Health Clinic,7.37676,3.94346
FAC2019,30/26/1/1/2/0006,Olaoluwa Primary Health Center,Ona Ara,Ajia,Public,Local Government,Primary,Primary Health Clinic,7.356563,4.001888
FAC2020,30/32/1/1/1/0001,Central Hospital,Surulere,Gambari/Igbon,Private,For Profit,Secondary,Unknown,8.192033,4.275508
FAC2021,30/03/1/1/1/0045,Ayetoro Community Health Center,Atiba,Asipa 1,Public,Local Government,Primary,Primary Health Center,7.84812,3.90896
FAC2022,30/03/1/1/1/0035,Boroboro Primary Health Center,Atiba,Agunpopo 3,Public,Local Government,Primary,Unknown,7.85894,3.96548
FAC2023,30/03/1/2/2/0054,Apex Care Hospital,Atiba,Asipa 2,Private,For Profit,Secondary,Unknown,7.87804,3.9376
FAC2024,30/02/1/1/2/0019,Muslim Community Clinic and Maternity Centre,Akinyele,Moniya,Private,For Profit,Secondary,Unknown,7.53128,3.90914
FAC2025,30/02/1/2/1/0088,Iita Hospital,Akinyele,Moniya,Public,Federal Government,Secondary,Unknown,7.61985,3.8769
FAC2026,30/01/1/1/1/0016,Mdg Primary Health Center,Afijio,Ilora 2,Public,Local Government,Primary,Primary Health Center,7.79499,3.89278
FAC2027,30/01/1/1/1/0019,Omoyeni Clinic,Afijio,Fiditi 2,Private,For Profit,Secondary,Unknown,7.71184,3.91062
FAC2028,30/02/1/2/2/0051,Happiness Medical Center,Akinyele,Moniya,Private,For Profit,Secondary,Unknown,7.52825,3.91406
FAC2029,30/02/1/2/2/0069,Nearness Hospital,Akinyele,Aroro,Private,For Profit,Secondary,Unknown,7.52314,3.96786
FAC2030,30/02/1/1/1/0070,Itesiwaju Health Center,Akinyele,Aroro,Public,Local Government,Primary,Unknown,7.53219,3.86215
FAC2031,30/03/1/1/1/0064,Tb Leprosy and Buruli Ulcer Clinic,Atiba,Agunpopo 3,Public,Local Government,Primary,Primary Health Clinic,7.85418,3.95628
FAC2032,30/03/1/1/1/0069,Mogaji Community Health Center,Atiba,Asipa 1,Public,Local Government,Primary,Primary Health Center,7.8807,3.88536
FAC2033,30/05/1/1/1/0005,Atari Health Center,Egbeda,Erunmu,Public,Local Government,Primary,Primary Health Clinic,7.44286,4.04928
FAC2034,30/05/1/2/2/0024,Idera Clinic,Egbeda,Wakajaiye,Private,For Profit,Secondary,Unknown,7.41045,3.99348
FAC2035,30/20/1/1/1/0003,Abijo Maternity and Child Welfare Clinic,Lagelu,Olorunda 1,Private,For Profit,Secondary,Unknown,7.43271,3.93827
FAC2036,30/06/1/1/2/0002,The Polytechnic Ibadan Health Center,Ibadan North,Samonda,Public,State Government,Primary,Primary Health Clinic,7.43727,3.88506
FAC2037,30/06/1/2/2/0035,Mayes Specialize Hospital,Ibadan North,Basorun,Private,For Profit,Secondary,Unknown,7.42551,3.82132
FAC2038,30/06/1/1/2/0011,Kola Daisi Foundation Health Center,Ibadan North,Yemetu,Public,Federal Government,Primary,Primary Health Center,7.39614,3.89887
FAC2039,30/07/1/2/2/0027,Jehovah Shalom Clinic,Ibadan North East,Oke Adu,Private,For Profit,Secondary,Unknown,7.37881,3.90993
FAC2040,30/07/1/2/2/0006,Kola Adekola Hospital,Ibadan North East,Basorun,Private,For Profit,Secondary,Unknown,7.39897,3.93558
FAC2041,30/26/1/1/2/0040,Idi Ose Primary Health Center,Ona Ara,Idi Ose,Public,Local Government,Primary,Primary Health Clinic,7.317952,3.993523
FAC2042,30/26/1/1/2/0012,Love Maternity,Ona Ara,Olorunsogo,Private,For Profit,Primary,Primary Health Clinic,7.372642,3.933492
FAC2043,30/26/1/1/1/0048,Kajola Health Center,Ona Ara,Araro,Public,Local Government,Primary,Unknown,7.131163,4.030445
FAC2044,30/05/1/1/1/0016,Asvon Hospital,Egbeda,Monatan,Private,For Profit,Secondary,Unknown,7.39645,3.95443
FAC2045,30/05/1/1/1/0016,Divine Hospital Specialist,Egbeda,Olubadan,Private,For Profit,Secondary,Unknown,7.38663,3.94325
