staff_id,department_id,full_name,role
1,1,Yusuf Abubakar,Lab Technician
2,1,Femi Chukwu,Records Officer
3,1,Nnamdi Obi,Doctor
4,2,Hadiza Adebayo,Doctor
5,2,Musa Afolabi,Nurse
6,2,Halima Mohammed,Nurse
7,3,Yusuf Ogunleye,Nurse
8,3,Ibrahim Nwosu,Lab Technician
9,4,Kayode Chukwu,Records Officer
10,4,Musa Salihu,Doctor
11,5,Simisola Okeke,Lab Technician
12,5,Femi Uzoma,Nurse
13,5,Nnamdi Uzoma,Nurse
14,6,Damilare Sanni,Nurse
15,6,Ikechukwu Nnamdi,Lab Technician
16,7,Halima Afolabi,Nurse
17,7,Folasade Salihu,Doctor
18,8,Adaobi Aliyu,Lab Technician
19,8,Musa Afolabi,Doctor
20,9,Chibuzor Ogunleye,Nurse
21,9,Blessing Salihu,Nurse
22,10,Ikechukwu Onyeka,Nurse
23,10,Obinna Nnamdi,Doctor
24,10,Rukayat Adeyemi,Nurse
25,11,Nkechi Adeyemi,Lab Technician
26,12,Chibuzor Ogundipe,Doctor
27,12,Musa Adebayo,Nurse
28,12,Chibuzor Ogunleye,Records Officer
29,13,Adaeze Okonkwo,Nurse
30,13,Adewale Adebayo,Lab Technician
31,13,Ijeoma Okonkwo,Nurse
32,14,Fatima Eze,Records Officer
33,14,Folasade Nwosu,Nurse
34,14,Uche Ibrahim,Lab Technician
35,15,Yusuf Yakubu,Nurse
36,16,Ibrahim Bello,Records Officer
37,16,Funmilayo Mohammed,Nurse
38,17,Funmilayo Bello,Doctor
39,17,Bashir Emeka,Nurse
40,17,Adaobi Emeka,Records Officer
41,18,Wale Sanni,Nurse
42,19,Ibrahim Ogunleye,Records Officer
43,19,Adaobi Ogunleye,Doctor
44,20,Musa Aliyu,Doctor
45,20,Chioma Obi,Doctor
46,21,Adaobi Lawal,Lab Technician
47,21,Hadiza Afolabi,Nurse
48,22,Simisola Salihu,Doctor
49,22,Halima Adeyemi,Doctor
50,23,Temitope Okeke,Lab Technician
51,23,Chioma Fashola,Nurse
52,24,Zainab Nnamdi,Doctor
53,24,Chioma Ajayi,Doctor
54,25,Ayodele Chukwu,Lab Technician
55,25,Aisha Ibrahim,Doctor
56,25,Rukayat Balogun,Lab Technician
57,26,Ibrahim Okonkwo,Records Officer
58,26,Aliyu Ibrahim,Doctor
59,27,Nnamdi Uzoma,Nurse
60,28,Ibrahim Suleiman,Nurse
61,28,Temitope Emeka,Nurse
62,28,Yusuf Fashola,Doctor
63,29,Fatima Ogunleye,Nurse
64,29,Abdullahi Ibrahim,Nurse
65,30,Chidi Ajayi,Nurse
66,31,Femi Salihu,Nurse
67,32,Chukwuemeka Chukwu,Doctor
68,32,Ayodele Okafor,Lab Technician
69,33,Segun Lawal,Lab Technician
70,33,Abimbola Balogun,Nurse
71,34,Tunde Okafor,Records Officer
72,34,Wale Bello,Nurse
73,35,Chidi Lawal,Lab Technician
74,35,Suleiman Nwosu,Nurse
75,36,Hadiza Okonkwo,Records Officer
76,36,Wale Nwosu,Nurse
77,37,Aisha Lawal,Lab Technician
78,37,Nkechi Nnamdi,Doctor
79,38,Kabiru Balogun,Lab Technician
80,38,Aisha Yakubu,Records Officer
81,39,Hadiza Adebayo,Records Officer
82,39,Yetunde Uzoma,Doctor
83,39,Simisola Sanni,Lab Technician
84,40,Femi Ogunleye,Nurse
85,41,Funmilayo Aliyu,Records Officer
86,41,Chioma Fashola,Nurse
87,42,Oluwaseun Ibrahim,Doctor
88,42,Hadiza Aliyu,Nurse
89,42,Uche Okafor,Nurse
90,43,Adewale Nnamdi,Doctor
91,43,Ibrahim Eze,Lab Technician
92,44,Kayode Yakubu,Lab Technician
93,44,Halima Nnamdi,Doctor
94,45,Abdullahi Adeyemi,Lab Technician
95,45,Kayode Bello,Doctor
96,45,Maryam Ogundipe,Nurse
97,46,Segun Yakubu,Doctor
98,46,Tunde Abubakar,Nurse
99,47,Ikechukwu Okeke,Records Officer
100,47,Segun Okafor,Doctor
101,47,Chidi Fashola,Lab Technician
102,48,Hadiza Abubakar,Nurse
103,49,Chidi Ogunleye,Records Officer
104,49,Rukayat Afolabi,Nurse
105,50,Halima Suleiman,Lab Technician
106,50,Nkechi Chinedu,Lab Technician
107,50,Adaobi Mohammed,Nurse
108,51,Abdullahi Eze,Doctor
109,51,Omolara Okafor,Nurse
110,52,Yetunde Abubakar,Nurse
111,52,Rukayat Obi,Records Officer
112,53,Chukwuemeka Abubakar,Nurse
113,53,Emeka Emeka,Nurse
114,54,Musa Lawal,Nurse
115,55,Bashir Ajayi,Lab Technician
116,55,Tunde Mohammed,Nurse
117,55,Folasade Chukwu,Doctor
118,56,Fatima Fashola,Nurse
119,56,Titilayo Nnamdi,Nurse
120,57,Amina Fashola,Nurse
121,58,Titilayo Adeyemi,Lab Technician
122,58,Musa Ajayi,Doctor
123,59,Emeka Yakubu,Nurse
124,59,Aisha Yakubu,Records Officer
125,60,Folasade Nwosu,Lab Technician
126,61,Abimbola Bello,Nurse
127,61,Chiamaka Lawal,Doctor
128,62,Hadiza Ibrahim,Nurse
129,63,Wale Chukwu,Nurse
130,63,Damilare Sanni,Nurse
131,64,Aliyu Onyeka,Nurse
132,65,Rukayat Balogun,Lab Technician
133,66,Wale Afolabi,Lab Technician
134,66,Nkechi Okafor,Nurse
135,67,Chioma Yakubu,Doctor
136,67,Titilayo Mohammed,Nurse
137,68,Halima Yakubu,Records Officer
138,68,Adewale Emeka,Lab Technician
139,69,Zainab Bello,Nurse
140,70,Hadiza Okafor,Doctor
141,70,Musa Nnamdi,Nurse
142,71,Suleiman Balogun,Nurse
143,71,Kayode Sanni,Nurse
144,72,Chibuzor Onyeka,Lab Technician
145,73,Tunde Yakubu,Nurse
146,74,Wale Obi,Doctor
147,74,Fatima Emeka,Records Officer
148,74,Chibuzor Suleiman,Nurse
149,75,Rukayat Abubakar,Doctor
150,75,Maryam Chinedu,Lab Technician
151,76,Simisola Eze,Doctor
152,76,Chukwuemeka Aliyu,Doctor
153,76,Adaeze Okonkwo,Nurse
154,77,Yetunde Chinedu,Doctor
155,78,Ibrahim Salihu,Lab Technician
156,79,Abdullahi Balogun,Nurse
157,80,Nkechi Balogun,Doctor
158,80,Abimbola Bello,Doctor
159,81,Rukayat Salihu,Doctor
160,81,Kabiru Yakubu,Records Officer
161,82,Bisi Fashola,Doctor
162,83,Segun Afolabi,Lab Technician
163,83,Chibuzor Mohammed,Doctor
164,83,Maryam Okeke,Nurse
165,84,Nkechi Sanni,Nurse
166,85,Ijeoma Bello,Doctor
167,85,Folasade Nnamdi,Nurse
168,86,Ayodele Mohammed,Nurse
169,86,Halima Obi,Nurse
170,87,Adaobi Ajayi,Nurse
171,87,Titilayo Nnamdi,Records Officer
172,87,Adaeze Aliyu,Doctor
173,88,Emeka Onyeka,Nurse
174,88,Wale Adebayo,Lab Technician
175,89,Aisha Bello,Nurse
176,89,Amina Mohammed,Nurse
177,89,Chiamaka Onyeka,Doctor
178,90,Chibuzor Fashola,Lab Technician
179,90,Aisha Chukwu,Nurse
180,91,Ibrahim Obi,Nurse
181,91,Ayodele Adeyemi,Nurse
182,92,Wale Balogun,Lab Technician
183,92,Uche Adebayo,Nurse
184,93,Chukwuemeka Salihu,Lab Technician
185,93,Oluwaseun Fashola,Records Officer
186,94,Amina Adebayo,Doctor
187,94,Adaobi Bello,Doctor
188,95,Funmilayo Nnamdi,Records Officer
189,95,Tunde Ibrahim,Lab Technician
190,95,Nkechi Salihu,Doctor
191,96,Adewale Ogundipe,Doctor
192,97,Chukwuemeka Abubakar,Records Officer
193,97,Hadiza Onyeka,Records Officer
194,98,Femi Ajayi,Records Officer
195,98,Ibrahim Aliyu,Nurse
196,98,Funmilayo Abubakar,Doctor
197,99,Aisha Sanni,Nurse
198,100,Ijeoma Afolabi,Doctor
199,100,Uche Nwosu,Nurse
200,101,Folasade Yakubu,Nurse
201,101,Titilayo Fashola,Doctor
202,102,Segun Okonkwo,Doctor
203,102,Wale Sanni,Doctor
204,103,Kabiru Okafor,Lab Technician
205,103,Ngozi Nwosu,Nurse
206,104,Emeka Balogun,Lab Technician
207,104,Femi Sanni,Lab Technician
208,105,Halima Yakubu,Records Officer
209,105,Oluwaseun Adebayo,Doctor
210,105,Aisha Aliyu,Nurse
211,106,Bisi Ogundipe,Nurse
212,106,Chioma Chinedu,Lab Technician
213,106,Nnamdi Ibrahim,Doctor
214,107,Aliyu Aliyu,Doctor
215,107,Nnamdi Yakubu,Nurse
216,108,Titilayo Nwosu,Nurse
217,109,Oluwaseun Mohammed,Doctor
218,109,Simisola Chinedu,Nurse
219,109,Kayode Balogun,Doctor
220,110,Chioma Adebayo,Doctor
221,110,Tunde Okonkwo,Records Officer
222,111,Hadiza Ogundipe,Doctor
223,111,Chukwuemeka Eze,Doctor
224,111,Folasade Balogun,Doctor
225,112,Chibuzor Bello,Doctor
226,112,Aisha Okonkwo,Records Officer
227,112,Chibuzor Yakubu,Lab Technician
228,113,Temitope Eze,Doctor
229,114,Suleiman Ajayi,Lab Technician
230,114,Adewale Okafor,Nurse
231,114,Musa Obi,Doctor
232,115,Chukwuemeka Adeyemi,Nurse
233,115,Rukayat Chukwu,Nurse
234,116,Chidi Okafor,Doctor
235,116,Damilare Ogundipe,Nurse
236,116,Adaeze Okafor,Lab Technician
237,117,Bashir Suleiman,Records Officer
238,117,Chioma Ibrahim,Doctor
239,118,Adaeze Sanni,Lab Technician
240,118,Bashir Adebayo,Nurse
241,119,Ngozi Ogundipe,Nurse
242,119,Ikechukwu Adeyemi,Lab Technician
243,120,Chioma Suleiman,Records Officer
244,120,Fatima Abubakar,Doctor
245,121,Simisola Suleiman,Records Officer
246,121,Wale Suleiman,Records Officer
247,122,Chiamaka Lawal,Records Officer
248,122,Blessing Uzoma,Nurse
249,123,Emeka Ogundipe,Nurse
250,123,Bashir Okonkwo,Nurse
251,123,Bisi Afolabi,Lab Technician
252,124,Chukwuemeka Aliyu,Lab Technician
253,124,Oluwaseun Emeka,Nurse
254,125,Halima Chinedu,Records Officer
255,125,Oluwaseun Afolabi,Nurse
256,126,Maryam Ajayi,Lab Technician
257,126,Rukayat Afolabi,Doctor
258,127,Suleiman Lawal,Doctor
259,127,Wale Chukwu,Doctor
260,128,Adaobi Okafor,Records Officer
261,129,Kayode Obi,Lab Technician
262,130,Ngozi Obi,Nurse
263,130,Ibrahim Ogundipe,Nurse
264,131,Ibrahim Lawal,Lab Technician
265,131,Temitope Yakubu,Doctor
266,132,Ibrahim Suleiman,Nurse
267,132,Adewale Adeyemi,Nurse
268,133,Yetunde Nnamdi,Records Officer
269,133,Yusuf Eze,Lab Technician
270,133,Adaobi Bello,Lab Technician
271,134,Ibrahim Onyeka,Lab Technician
272,134,Kayode Ibrahim,Records Officer
273,135,Yusuf Abubakar,Lab Technician
274,136,Ayodele Sanni,Nurse
275,137,Chibuzor Abubakar,Nurse
276,138,Oluwaseun Afolabi,Doctor
277,138,Wale Uzoma,Lab Technician
278,138,Amina Ogunleye,Nurse
279,139,Yusuf Aliyu,Nurse
280,139,Emeka Suleiman,Doctor
281,140,Kabiru Bello,Nurse
282,141,Musa Abubakar,Nurse
283,141,Blessing Emeka,Doctor
284,142,Kabiru Ibrahim,Doctor
285,142,Fatima Suleiman,Records Officer
286,142,Nnamdi Adeyemi,Nurse
287,143,Chidi Aliyu,Doctor
288,143,Nkechi Eze,Doctor
289,143,Obinna Ajayi,Records Officer
290,144,Chioma Lawal,Nurse
291,144,Nkechi Emeka,Records Officer
292,145,Ibrahim Okafor,Records Officer
293,145,Omolara Aliyu,Records Officer
294,146,Aliyu Yakubu,Doctor
295,146,Chiamaka Onyeka,Doctor
296,147,Kabiru Ajayi,Doctor
297,148,Amina Afolabi,Records Officer
298,148,Aisha Mohammed,Nurse
299,149,Amina Adebayo,Nurse
300,149,Simisola Okeke,Nurse
301,149,Ngozi Ajayi,Doctor
302,150,Adaobi Fashola,Doctor
303,151,Halima Sanni,Nurse
304,151,Bashir Aliyu,Nurse
305,152,Yusuf Balogun,Nurse
306,153,Kayode Chinedu,Doctor
307,153,Amina Sanni,Nurse
308,153,Abdullahi Chukwu,Nurse
309,154,Nkechi Eze,Records Officer
310,154,Abdullahi Salihu,Nurse
311,154,Amina Salihu,Nurse
312,155,Musa Obi,Lab Technician
313,156,Halima Lawal,Doctor
314,156,Aisha Chukwu,Lab Technician
315,156,Aliyu Emeka,Nurse
316,157,Musa Lawal,Doctor
317,158,Uche Chinedu,Doctor
318,159,Omolara Okafor,Nurse
319,159,Adewale Ogundipe,Nurse
320,160,Bashir Aliyu,Nurse
321,160,Chidi Salihu,Lab Technician
322,160,Adewale Okafor,Doctor
323,161,Rukayat Ogundipe,Nurse
324,161,Segun Adebayo,Doctor
325,162,Chukwuemeka Bello,Doctor
326,163,Ayodele Onyeka,Records Officer
327,164,Yusuf Emeka,Nurse
328,164,Nnamdi Chukwu,Nurse
329,165,Adaeze Adebayo,Records Officer
330,165,Halima Uzoma,Nurse
331,165,Ijeoma Ogunleye,Doctor
332,166,Chidi Bello,Nurse
333,167,Wale Sanni,Nurse
334,167,Damilare Fashola,Doctor
335,168,Abimbola Okafor,Nurse
336,169,Rukayat Nnamdi,Records Officer
337,169,Segun Okafor,Nurse
338,170,Adaobi Lawal,Doctor
339,171,Rukayat Onyeka,Nurse
340,171,Halima Adebayo,Nurse
341,172,Hadiza Abubakar,Nurse
342,172,Ikechukwu Ibrahim,Lab Technician
343,173,Temitope Bello,Doctor
344,173,Ikechukwu Emeka,Nurse
345,174,Suleiman Chukwu,Nurse
346,174,Emeka Emeka,Nurse
347,175,Musa Adebayo,Doctor
348,176,Yetunde Adeyemi,Records Officer
349,176,Musa Afolabi,Nurse
350,176,Zainab Balogun,Nurse
351,177,Blessing Afolabi,Nurse
352,177,Chibuzor Adeyemi,Doctor
353,178,Aliyu Abubakar,Nurse
354,178,Aliyu Fashola,Doctor
355,179,Chioma Ajayi,Records Officer
356,179,Emeka Uzoma,Doctor
357,179,Adewale Sanni,Nurse
358,180,Adewale Bello,Lab Technician
359,180,Uche Chukwu,Doctor
360,181,Ijeoma Abubakar,Doctor
361,181,Abdullahi Yakubu,Lab Technician
362,181,Temitope Ajayi,Records Officer
363,182,Bashir Suleiman,Lab Technician
364,182,Yusuf Okonkwo,Doctor
365,183,Adewale Aliyu,Nurse
366,183,Wale Bello,Lab Technician
367,184,Amina Fashola,Nurse
368,184,Emeka Ogunleye,Doctor
369,184,Funmilayo Chinedu,Doctor
370,185,Obinna Ibrahim,Nurse
371,185,Wale Ogunleye,Nurse
372,185,Kabiru Eze,Nurse
373,186,Simisola Balogun,Nurse
374,186,Omolara Salihu,Nurse
375,187,Oluwaseun Nnamdi,Doctor
376,187,Chidi Lawal,Nurse
377,188,Segun Chukwu,Doctor
378,188,Chiamaka Chinedu,Records Officer
379,189,Adewale Ogunleye,Doctor
380,189,Suleiman Ogunleye,Nurse
381,190,Aisha Salihu,Lab Technician
382,191,Zainab Chukwu,Nurse
383,191,Tunde Emeka,Doctor
384,192,Kabiru Afolabi,Nurse
385,192,Aliyu Sanni,Doctor
386,193,Fatima Afolabi,Nurse
387,193,Ayodele Ibrahim,Records Officer
388,194,Kayode Abubakar,Doctor
389,195,Amina Lawal,Nurse
390,195,Yetunde Bello,Records Officer
391,195,Chukwuemeka Chinedu,Lab Technician
392,196,Suleiman Nnamdi,Lab Technician
393,196,Fatima Okeke,Nurse
394,197,Nkechi Sanni,Lab Technician
395,197,Bisi Nnamdi,Records Officer
396,198,Zainab Adeyemi,Doctor
397,199,Kabiru Adebayo,Lab Technician
398,199,Adaobi Ogundipe,Records Officer
399,200,Simisola Chinedu,Nurse
400,200,Ikechukwu Ogundipe,Nurse
401,201,Obinna Sanni,Records Officer
402,201,Chibuzor Obi,Doctor
403,201,Blessing Emeka,Doctor
404,202,Kayode Ibrahim,Doctor
405,202,Chibuzor Okafor,Nurse
406,202,Nnamdi Yakubu,Lab Technician
407,203,Bashir Yakubu,Nurse
408,203,Maryam Bello,Doctor
409,203,Emeka Uzoma,Nurse
410,204,Abimbola Bello,Nurse
411,205,Zainab Afolabi,Nurse
412,205,Femi Emeka,Nurse
413,206,Halima Chinedu,Nurse
414,206,Kabiru Ogundipe,Doctor
415,206,Chibuzor Onyeka,Nurse
416,207,Funmilayo Sanni,Doctor
417,207,Wale Salihu,Lab Technician
418,208,Musa Nwosu,Doctor
419,209,Musa Chinedu,Nurse
420,209,Funmilayo Obi,Nurse
421,209,Ngozi Fashola,Records Officer
422,210,Omolara Balogun,Records Officer
423,210,Ikechukwu Adeyemi,Nurse
424,210,Suleiman Nnamdi,Records Officer
425,211,Fatima Salihu,Lab Technician
426,211,Kabiru Okeke,Nurse
427,212,Chioma Ajayi,Records Officer
428,212,Titilayo Ogundipe,Nurse
429,213,Zainab Onyeka,Doctor
430,213,Wale Sanni,Lab Technician
431,214,Hadiza Emeka,Nurse
432,214,Hadiza Bello,Doctor
433,215,Ijeoma Ogunleye,Nurse
434,215,Simisola Bello,Records Officer
435,216,Simisola Bello,Nurse
436,216,Uche Uzoma,Nurse
437,217,Hadiza Chukwu,Records Officer
438,217,Adewale Adebayo,Doctor
439,217,Emeka Ogunleye,Doctor
440,218,Fatima Chukwu,Nurse
441,218,Emeka Chinedu,Lab Technician
442,219,Funmilayo Suleiman,Lab Technician
443,219,Kabiru Salihu,Nurse
444,220,Hadiza Okafor,Doctor
445,220,Simisola Chukwu,Nurse
446,221,Chioma Ajayi,Records Officer
447,222,Funmilayo Okonkwo,Lab Technician
448,222,Aliyu Emeka,Records Officer
449,223,Simisola Chinedu,Nurse
450,223,Hadiza Salihu,Nurse
451,224,Tunde Ogunleye,Doctor
452,224,Maryam Adebayo,Doctor
453,225,Obinna Ibrahim,Doctor
454,226,Nnamdi Chinedu,Records Officer
455,226,Kayode Okeke,Doctor
456,227,Suleiman Uzoma,Nurse
457,227,Temitope Adebayo,Doctor
458,228,Omolara Abubakar,Nurse
459,228,Aisha Suleiman,Doctor
460,229,Temitope Suleiman,Nurse
461,229,Abimbola Adebayo,Nurse
462,230,Uche Yakubu,Doctor
463,231,Nkechi Sanni,Nurse
464,231,Ngozi Okafor,Nurse
465,232,Damilare Lawal,Lab Technician
466,232,Omolara Yakubu,Nurse
467,233,Chiamaka Afolabi,Nurse
468,233,Fatima Fashola,Nurse
469,234,Chiamaka Ogunleye,Nurse
470,235,Yetunde Lawal,Doctor
471,235,Simisola Sanni,Records Officer
472,236,Aisha Salihu,Nurse
473,236,Wale Afolabi,Doctor
474,236,Tunde Onyeka,Nurse
475,237,Folasade Obi,Nurse
476,238,Yusuf Ajayi,Nurse
477,238,Oluwaseun Uzoma,Doctor
478,238,Aisha Fashola,Lab Technician
479,239,Aisha Suleiman,Records Officer
480,240,Kabiru Chukwu,Nurse
481,241,Zainab Okafor,Nurse
482,241,Blessing Abubakar,Nurse
483,242,Hadiza Chukwu,Records Officer
484,242,Kabiru Sanni,Records Officer
485,243,Adaeze Uzoma,Records Officer
486,243,Emeka Okonkwo,Nurse
487,244,Aisha Chukwu,Doctor
488,244,Maryam Suleiman,Doctor
489,244,Omolara Balogun,Doctor
490,245,Amina Nwosu,Doctor
491,245,Adaobi Emeka,Doctor
492,246,Aisha Chukwu,Nurse
493,246,Musa Salihu,Nurse
494,246,Halima Balogun,Nurse
495,247,Ayodele Mohammed,Records Officer
496,247,Nnamdi Afolabi,Nurse
497,248,Bisi Aliyu,Nurse
498,248,Yetunde Abubakar,Doctor
499,249,Simisola Salihu,Nurse
500,249,Uche Balogun,Nurse
501,250,Zainab Yakubu,Nurse
502,250,Obinna Eze,Doctor
503,251,Bisi Sanni,Nurse
504,252,Rukayat Mohammed,Lab Technician
505,252,Omolara Bello,Doctor
506,253,Chiamaka Obi,Doctor
507,253,Obinna Nnamdi,Nurse
508,253,Yusuf Ogundipe,Records Officer
509,254,Damilare Adebayo,Doctor
510,254,Adewale Ogunleye,Doctor
511,255,Bisi Yakubu,Doctor
512,255,Adaobi Ogunleye,Records Officer
513,256,Blessing Suleiman,Doctor
514,256,Folasade Mohammed,Nurse
515,257,Musa Adebayo,Records Officer
516,257,Bashir Obi,Nurse
517,258,Chibuzor Afolabi,Doctor
518,259,Amina Aliyu,Nurse
519,259,Chibuzor Okafor,Nurse
520,260,Chioma Obi,Doctor
521,261,Uche Nnamdi,Lab Technician
522,261,Adaeze Adebayo,Records Officer
523,261,Femi Mohammed,Nurse
524,262,Tunde Abubakar,Nurse
525,262,Ngozi Ogunleye,Doctor
526,263,Blessing Ogunleye,Nurse
527,263,Tunde Bello,Lab Technician
528,264,Chukwuemeka Aliyu,Nurse
529,265,Funmilayo Sanni,Nurse
530,265,Chidi Obi,Doctor
531,266,Adaobi Bello,Doctor
532,266,Nkechi Lawal,Nurse
533,266,Nnamdi Okeke,Records Officer
534,267,Segun Okeke,Doctor
535,267,Titilayo Abubakar,Nurse
536,267,Fatima Salihu,Nurse
537,268,Aisha Ogundipe,Nurse
538,268,Adewale Nwosu,Nurse
539,268,Nkechi Ajayi,Lab Technician
540,269,Ayodele Okeke,Doctor
541,270,Kabiru Balogun,Records Officer
542,271,Titilayo Ogunleye,Nurse
543,272,Emeka Chinedu,Nurse
544,272,Bashir Onyeka,Lab Technician
545,272,Ikechukwu Obi,Lab Technician
546,273,Chidi Nnamdi,Lab Technician
547,274,Obinna Ajayi,Nurse
548,275,Adaeze Aliyu,Nurse
549,276,Musa Chinedu,Lab Technician
550,277,Chukwuemeka Ajayi,Nurse
551,277,Obinna Ajayi,Nurse
552,277,Nkechi Okafor,Lab Technician
553,278,Hadiza Nnamdi,Doctor
554,278,Blessing Ibrahim,Records Officer
555,278,Titilayo Chinedu,Nurse
556,279,Nkechi Eze,Lab Technician
557,279,Wale Abubakar,Doctor
558,280,Hadiza Okeke,Nurse
559,280,Fatima Okafor,Records Officer
560,280,Ibrahim Lawal,Doctor
561,281,Chidi Ogundipe,Nurse
562,281,Maryam Okafor,Records Officer
563,281,Chibuzor Adebayo,Nurse
564,282,Fatima Bello,Nurse
565,283,Kabiru Obi,Lab Technician
566,284,Ayodele Adebayo,Nurse
567,284,Tunde Ogunleye,Doctor
568,285,Fatima Mohammed,Records Officer
569,285,Halima Ogunleye,Nurse
570,286,Maryam Chinedu,Doctor
571,286,Abdullahi Salihu,Lab Technician
572,287,Chidi Ogundipe,Nurse
573,287,Yusuf Aliyu,Doctor
574,288,Oluwaseun Uzoma,Doctor
575,288,Oluwaseun Onyeka,Nurse
576,289,Adaobi Ibrahim,Nurse
577,289,Adaobi Nnamdi,Lab Technician
578,290,Zainab Ogunleye,Nurse
579,290,Adaeze Nnamdi,Doctor
580,291,Femi Ogunleye,Lab Technician
581,292,Uche Adebayo,Nurse
582,292,Amina Ogundipe,Nurse
583,293,Temitope Mohammed,Nurse
584,293,Kayode Suleiman,Doctor
585,293,Fatima Salihu,Nurse
586,294,Musa Ogundipe,Lab Technician
587,294,Chiamaka Ogundipe,Doctor
588,295,Halima Balogun,Lab Technician
589,295,Ibrahim Ogunleye,Records Officer
590,296,Titilayo Emeka,Nurse
591,296,Bashir Suleiman,Nurse
592,296,Suleiman Emeka,Nurse
593,297,Omolara Ibrahim,Nurse
594,297,Bisi Adeyemi,Nurse
595,298,Obinna Adeyemi,Nurse
596,298,Kabiru Fashola,Doctor
597,298,Simisola Adebayo,Nurse
598,299,Musa Okafor,Nurse
599,300,Chidi Abubakar,Nurse
600,300,Bashir Okeke,Nurse
601,301,Musa Ajayi,Lab Technician
602,301,Yusuf Ibrahim,Nurse
603,302,Nkechi Ogundipe,Lab Technician
604,302,Folasade Uzoma,Nurse
605,303,Ikechukwu Balogun,Nurse
606,303,Segun Nnamdi,Doctor
607,303,Rukayat Adebayo,Nurse
608,304,Ijeoma Ibrahim,Nurse
609,304,Chioma Eze,Nurse
610,305,Chidi Nnamdi,Lab Technician
611,306,Kayode Ibrahim,Nurse
612,307,Segun Eze,Nurse
613,307,Abimbola Nwosu,Nurse
614,308,Ijeoma Suleiman,Nurse
615,308,Titilayo Salihu,Nurse
616,309,Abdullahi Yakubu,Nurse
617,310,Rukayat Onyeka,Records Officer
618,310,Ayodele Aliyu,Nurse
619,311,Kayode Ogundipe,Nurse
620,312,Abimbola Bello,Nurse
621,312,Titilayo Emeka,Records Officer
622,313,Tunde Emeka,Doctor
623,313,Nkechi Ibrahim,Records Officer
624,313,Aisha Nwosu,Doctor
625,314,Bashir Uzoma,Doctor
626,315,Aisha Eze,Nurse
627,315,Chibuzor Obi,Records Officer
628,315,Femi Salihu,Nurse
629,316,Tunde Okonkwo,Doctor
630,316,Kayode Emeka,Nurse
631,317,Bisi Chinedu,Nurse
632,317,Zainab Bello,Lab Technician
633,318,Rukayat Uzoma,Nurse
634,318,Obinna Ogundipe,Lab Technician
635,318,Uche Ajayi,Nurse
636,319,Damilare Lawal,Lab Technician
637,319,Abdullahi Nnamdi,Nurse
638,320,Blessing Chukwu,Doctor
639,320,Abdullahi Okeke,Doctor
640,320,Uche Nwosu,Nurse
641,321,Tunde Chinedu,Lab Technician
642,321,Yusuf Ogundipe,Nurse
643,321,Femi Adebayo,Lab Technician
644,322,Ikechukwu Uzoma,Lab Technician
645,322,Ibrahim Abubakar,Doctor
646,323,Abimbola Yakubu,Nurse
647,324,Adewale Balogun,Doctor
648,324,Fatima Eze,Nurse
649,324,Nnamdi Salihu,Doctor
650,325,Bashir Nwosu,Nurse
651,326,Blessing Suleiman,Nurse
652,326,Temitope Mohammed,Lab Technician
653,327,Aliyu Okafor,Doctor
654,327,Musa Sanni,Lab Technician
655,328,Ngozi Fashola,Lab Technician
656,328,Nnamdi Ogundipe,Lab Technician
657,328,Nnamdi Salihu,Lab Technician
658,329,Kabiru Chukwu,Records Officer
659,329,Ikechukwu Adeyemi,Lab Technician
660,330,Chibuzor Chukwu,Doctor
661,331,Chiamaka Eze,Doctor
662,332,Tunde Onyeka,Nurse
663,332,Femi Okonkwo,Records Officer
664,332,Simisola Nnamdi,Nurse
665,333,Ibrahim Ogundipe,Doctor
666,333,Ayodele Afolabi,Records Officer
667,334,Chibuzor Balogun,Lab Technician
668,335,Femi Afolabi,Records Officer
669,336,Zainab Salihu,Doctor
670,336,Halima Salihu,Doctor
671,337,Nnamdi Uzoma,Nurse
672,338,Tunde Uzoma,Nurse
673,338,Amina Emeka,Lab Technician
674,338,Hadiza Abubakar,Doctor
675,339,Chidi Uzoma,Nurse
676,339,Chibuzor Adebayo,Nurse
677,340,Abimbola Emeka,Nurse
678,340,Temitope Salihu,Doctor
679,341,Kabiru Nnamdi,Lab Technician
680,341,Abdullahi Afolabi,Nurse
681,341,Oluwaseun Adebayo,Nurse
682,342,Bisi Abubakar,Records Officer
683,343,Musa Eze,Doctor
684,343,Chioma Ogunleye,Nurse
685,344,Femi Okeke,Lab Technician
686,344,Musa Bello,Nurse
687,345,Chibuzor Adeyemi,Nurse
688,346,Simisola Adeyemi,Lab Technician
689,346,Emeka Salihu,Doctor
690,346,Musa Adebayo,Doctor
691,347,Chiamaka Nwosu,Nurse
692,347,Chibuzor Abubakar,Nurse
693,348,Titilayo Bello,Nurse
694,348,Simisola Ogunleye,Nurse
695,348,Tunde Uzoma,Nurse
696,349,Hadiza Okeke,Nurse
697,349,Kayode Uzoma,Records Officer
698,350,Yetunde Fashola,Nurse
699,350,Temitope Okeke,Doctor
700,351,Obinna Obi,Lab Technician
701,351,Nnamdi Yakubu,Records Officer
702,352,Ijeoma Okeke,Doctor
703,353,Ijeoma Okonkwo,Nurse
704,353,Kayode Okonkwo,Lab Technician
705,354,Omolara Uzoma,Nurse
706,354,Ngozi Adeyemi,Nurse
707,355,Uche Sanni,Nurse
708,355,Abdullahi Mohammed,Nurse
709,356,Maryam Afolabi,Lab Technician
710,356,Wale Chinedu,Nurse
711,357,Ijeoma Adeyemi,Lab Technician
712,358,Emeka Obi,Lab Technician
713,358,Segun Ajayi,Records Officer
714,358,Aliyu Ogundipe,Lab Technician
715,359,Rukayat Okafor,Doctor
716,360,Suleiman Balogun,Nurse
717,361,Kabiru Salihu,Records Officer
718,361,Titilayo Okeke,Nurse
719,362,Abdullahi Onyeka,Nurse
720,363,Bashir Aliyu,Lab Technician
721,363,Amina Mohammed,Nurse
722,364,Bisi Fashola,Doctor
723,364,Blessing Okafor,Nurse
724,364,Ayodele Salihu,Nurse
725,365,Aliyu Ajayi,Nurse
726,365,Aisha Eze,Nurse
727,366,Musa Afolabi,Nurse
728,366,Titilayo Chukwu,Doctor
729,366,Nnamdi Okeke,Doctor
730,367,Folasade Nwosu,Nurse
731,368,Aisha Eze,Lab Technician
732,368,Ayodele Obi,Doctor
733,369,Wale Onyeka,Doctor
734,369,Adewale Afolabi,Doctor
735,370,Damilare Fashola,Nurse
736,370,Ikechukwu Balogun,Nurse
737,371,Kabiru Adebayo,Doctor
738,372,Musa Onyeka,Nurse
739,372,Nnamdi Bello,Records Officer
740,373,Chidi Ogunleye,Records Officer
741,374,Adaeze Chukwu,Records Officer
742,374,Folasade Okafor,Nurse
743,375,Blessing Emeka,Nurse
744,376,Damilare Yakubu,Nurse
745,377,Damilare Chukwu,Nurse
746,378,Adaeze Suleiman,Nurse
747,378,Abdullahi Ogundipe,Records Officer
748,378,Amina Onyeka,Doctor
749,379,Adaeze Uzoma,Records Officer
750,379,Kayode Sanni,Nurse
751,380,Yusuf Adebayo,Records Officer
752,380,Rukayat Ogunleye,Doctor
753,381,Yetunde Chukwu,Records Officer
754,381,Obinna Balogun,Doctor
755,382,Nkechi Onyeka,Doctor
756,382,Wale Chinedu,Records Officer
757,383,Aliyu Balogun,Nurse
758,383,Fatima Afolabi,Doctor
759,384,Chukwuemeka Salihu,Doctor
760,385,Yetunde Ajayi,Nurse
761,385,Rukayat Obi,Lab Technician
762,386,Ngozi Balogun,Doctor
763,386,Abimbola Okeke,Nurse
764,387,Folasade Ogunleye,Doctor
765,387,Aliyu Nnamdi,Doctor
766,388,Halima Abubakar,Records Officer
767,388,Chukwuemeka Abubakar,Doctor
768,388,Aliyu Okonkwo,Records Officer
769,389,Kabiru Nwosu,Lab Technician
770,389,Nnamdi Emeka,Nurse
771,389,Zainab Sanni,Doctor
772,390,Abimbola Salihu,Lab Technician
773,390,Chioma Okeke,Records Officer
774,390,Hadiza Adebayo,Nurse
775,391,Zainab Yakubu,Lab Technician
776,392,Folasade Adebayo,Nurse
777,393,Omolara Fashola,Nurse
778,394,Nnamdi Okafor,Records Officer
779,395,Segun Chukwu,Nurse
780,395,Damilare Sanni,Doctor
781,396,Damilare Eze,Doctor
782,396,Simisola Uzoma,Doctor
783,396,Nnamdi Okonkwo,Doctor
784,397,Aisha Ibrahim,Nurse
785,397,Simisola Onyeka,Doctor
786,398,Wale Yakubu,Nurse
787,399,Chioma Salihu,Lab Technician
788,400,Yusuf Adeyemi,Lab Technician
789,400,Adaobi Emeka,Nurse
790,401,Chukwuemeka Abubakar,Lab Technician
791,401,Abdullahi Chukwu,Lab Technician
792,402,Tunde Eze,Records Officer
793,402,Adaeze Okeke,Lab Technician
794,402,Bashir Emeka,Nurse
795,403,Blessing Ogundipe,Doctor
796,404,Nnamdi Mohammed,Nurse
797,404,Obinna Ibrahim,Nurse
798,404,Chiamaka Adeyemi,Doctor
799,405,Funmilayo Balogun,Records Officer
800,406,Ibrahim Adeyemi,Doctor
801,406,Fatima Ogunleye,Nurse
802,407,Maryam Aliyu,Nurse
803,407,Aliyu Chukwu,Nurse
804,408,Titilayo Ajayi,Lab Technician
805,408,Bashir Balogun,Doctor
806,408,Temitope Adebayo,Nurse
807,409,Abimbola Adeyemi,Doctor
808,409,Rukayat Adebayo,Records Officer
809,410,Abimbola Obi,Lab Technician
810,410,Yetunde Okeke,Lab Technician
811,410,Suleiman Okeke,Nurse
812,411,Blessing Adebayo,Lab Technician
813,411,Tunde Sanni,Nurse
814,412,Adaeze Eze,Doctor
815,412,Ngozi Salihu,Lab Technician
816,413,Kayode Suleiman,Nurse
817,413,Adaeze Bello,Doctor
818,413,Ibrahim Chukwu,Nurse
819,414,Ngozi Ogunleye,Nurse
820,414,Suleiman Okeke,Records Officer
821,415,Kayode Obi,Nurse
822,415,Funmilayo Bello,Doctor
823,416,Hadiza Sanni,Nurse
824,416,Yetunde Obi,Lab Technician
825,417,Nkechi Afolabi,Nurse
826,417,Suleiman Ogunleye,Nurse
827,418,Chukwuemeka Ibrahim,Lab Technician
828,418,Yusuf Bello,Nurse
829,419,Chioma Abubakar,Nurse
830,419,Titilayo Chukwu,Lab Technician
831,420,Amina Ajayi,Doctor
832,420,Halima Yakubu,Lab Technician
833,421,Abdullahi Abubakar,Doctor
834,421,Titilayo Nwosu,Records Officer
835,422,Blessing Sanni,Nurse
836,422,Bashir Salihu,Records Officer
837,422,Kayode Balogun,Lab Technician
838,423,Omolara Ogunleye,Records Officer
839,424,Zainab Okafor,Lab Technician
840,424,Adaeze Chukwu,Records Officer
841,425,Emeka Eze,Nurse
842,426,Aliyu Chukwu,Nurse
843,426,Musa Nwosu,Nurse
844,427,Nkechi Eze,Nurse
845,427,Oluwaseun Okonkwo,Records Officer
846,428,Uche Uzoma,Nurse
847,429,Ijeoma Aliyu,Doctor
848,429,Ayodele Sanni,Nurse
849,430,Adewale Nnamdi,Records Officer
850,430,Yusuf Adeyemi,Doctor
851,430,Wale Okeke,Records Officer
852,431,Ijeoma Afolabi,Lab Technician
853,431,Nkechi Onyeka,Nurse
854,431,Titilayo Fashola,Nurse
855,432,Wale Yakubu,Doctor
856,432,Chibuzor Chinedu,Lab Technician
857,433,Femi Balogun,Records Officer
858,433,Halima Okafor,Doctor
859,433,Temitope Onyeka,Records Officer
860,434,Adewale Mohammed,Nurse
861,434,Nnamdi Emeka,Doctor
862,435,Bisi Adebayo,Doctor
863,435,Ngozi Afolabi,Nurse
864,436,Hadiza Yakubu,Nurse
865,437,Femi Uzoma,Doctor
866,437,Ibrahim Afolabi,Doctor
867,437,Yetunde Onyeka,Records Officer
868,438,Folasade Abubakar,Nurse
869,438,Wale Aliyu,Lab Technician
870,439,Zainab Afolabi,Nurse
871,440,Yusuf Mohammed,Nurse
872,440,Abimbola Fashola,Lab Technician
873,440,Chibuzor Ogunleye,Doctor
874,441,Adaobi Sanni,Lab Technician
875,441,Titilayo Balogun,Nurse
876,442,Chioma Okeke,Nurse
877,442,Kabiru Sanni,Nurse
878,442,Nkechi Chukwu,Records Officer
879,443,Halima Mohammed,Nurse
880,443,Omolara Okafor,Lab Technician
881,443,Funmilayo Suleiman,Records Officer
882,444,Obinna Lawal,Records Officer
883,445,Adaeze Ogundipe,Nurse
884,446,Simisola Okafor,Nurse
885,446,Musa Ogunleye,Doctor
886,446,Obinna Okafor,Lab Technician
887,447,Bisi Chukwu,Records Officer
888,447,Bisi Okonkwo,Doctor
889,448,Bashir Ogunleye,Nurse
890,449,Chibuzor Onyeka,Nurse
891,449,Wale Okeke,Records Officer
892,450,Segun Uzoma,Lab Technician
893,450,Femi Abubakar,Nurse
894,451,Maryam Ogundipe,Lab Technician
895,452,Obinna Aliyu,Nurse
896,452,Adaobi Nnamdi,Lab Technician
897,453,Simisola Mohammed,Doctor
898,454,Ibrahim Adebayo,Records Officer
899,454,Bashir Bello,Lab Technician
900,455,Hadiza Onyeka,Nurse
901,456,Hadiza Fashola,Doctor
902,457,Blessing Aliyu,Lab Technician
903,457,Abdullahi Chukwu,Doctor
904,457,Abimbola Salihu,Nurse
905,458,Bashir Aliyu,Doctor
906,458,Abdullahi Onyeka,Lab Technician
907,459,Ibrahim Balogun,Nurse
908,460,Ayodele Ibrahim,Nurse
909,460,Ikechukwu Eze,Nurse
910,461,Halima Onyeka,Doctor
911,461,Folasade Nnamdi,Doctor
912,462,Ibrahim Balogun,Nurse
913,463,Titilayo Ajayi,Lab Technician
914,463,Nnamdi Salihu,Nurse
915,464,Halima Adeyemi,Nurse
916,464,Ngozi Adeyemi,Doctor
917,465,Bashir Salihu,Records Officer
918,465,Folasade Okafor,Nurse
919,465,Chidi Balogun,Nurse
920,466,Nnamdi Okafor,Nurse
921,466,Nkechi Adeyemi,Doctor
922,466,Halima Emeka,Nurse
923,467,Chidi Onyeka,Doctor
924,467,Chioma Yakubu,Lab Technician
925,468,Adaobi Fashola,Doctor
926,468,Wale Abubakar,Nurse
927,469,Aisha Okonkwo,Nurse
928,470,Halima Ogundipe,Lab Technician
929,471,Adewale Okeke,Doctor
930,471,Nkechi Sanni,Lab Technician
931,472,Ngozi Mohammed,Records Officer
932,473,Aliyu Sanni,Nurse
933,473,Fatima Sanni,Doctor
934,474,Nnamdi Ogunleye,Records Officer
935,474,Amina Fashola,Nurse
936,475,Aliyu Mohammed,Nurse
937,475,Yusuf Afolabi,Records Officer
938,476,Amina Abubakar,Nurse
939,476,Musa Okeke,Nurse
940,477,Obinna Fashola,Nurse
941,477,Ngozi Obi,Nurse
942,477,Emeka Mohammed,Doctor
943,478,Adaeze Sanni,Nurse
944,478,Adaeze Obi,Doctor
945,479,Wale Afolabi,Records Officer
946,479,Omolara Chinedu,Records Officer
947,479,Segun Okafor,Lab Technician
948,480,Adaeze Okafor,Records Officer
949,481,Obinna Obi,Records Officer
950,481,Abdullahi Okafor,Doctor
951,481,Rukayat Mohammed,Nurse
952,482,Nnamdi Fashola,Lab Technician
953,482,Fatima Uzoma,Doctor
954,483,Ijeoma Chinedu,Nurse
955,483,Wale Suleiman,Nurse
956,483,Zainab Salihu,Doctor
957,484,Ikechukwu Aliyu,Doctor
958,485,Obinna Bello,Nurse
959,485,Zainab Okonkwo,Doctor
960,485,Ikechukwu Adeyemi,Nurse
961,486,Nkechi Adebayo,Nurse
962,486,Hadiza Balogun,Lab Technician
963,487,Funmilayo Salihu,Doctor
964,487,Blessing Obi,Records Officer
965,488,Chibuzor Balogun,Doctor
966,489,Ngozi Yakubu,Nurse
967,490,Ngozi Eze,Nurse
968,491,Musa Ajayi,Nurse
969,491,Maryam Ogunleye,Nurse
970,492,Adaobi Uzoma,Doctor
971,493,Adaobi Abubakar,Nurse
972,493,Chukwuemeka Fashola,Nurse
973,494,Zainab Ogundipe,Records Officer
974,494,Oluwaseun Onyeka,Lab Technician
975,495,Adaeze Sanni,Nurse
976,495,Tunde Obi,Doctor
977,495,Ijeoma Ajayi,Nurse
978,496,Chiamaka Balogun,Nurse
979,496,Yetunde Ogundipe,Records Officer
980,496,Funmilayo Okeke,Doctor
981,497,Aisha Bello,Lab Technician
982,497,Segun Okonkwo,Nurse
983,497,Damilare Eze,Nurse
984,498,Chibuzor Ogunleye,Doctor
985,498,Oluwaseun Onyeka,Doctor
986,499,Tunde Ogunleye,Records Officer
987,499,Uche Chukwu,Doctor
988,499,Ayodele Onyeka,Records Officer
989,500,Ikechukwu Adeyemi,Records Officer
990,500,Adewale Nnamdi,Nurse
991,500,Femi Salihu,Nurse
992,501,Ikechukwu Ogunleye,Records Officer
993,501,Oluwaseun Afolabi,Doctor
994,502,Chiamaka Okafor,Records Officer
995,502,Suleiman Nnamdi,Doctor
996,503,Ayodele Yakubu,Doctor
997,503,Nnamdi Salihu,Doctor
998,503,Chidi Nwosu,Nurse
999,504,Funmilayo Ibrahim,Doctor
1000,505,Tunde Fashola,Nurse
1001,505,Abimbola Abubakar,Lab Technician
1002,505,Abimbola Sanni,Doctor
1003,506,Damilare Nnamdi,Records Officer
1004,506,Bashir Lawal,Nurse
1005,507,Maryam Emeka,Doctor
1006,508,Femi Sanni,Records Officer
1007,508,Adaobi Sanni,Doctor
1008,509,Bashir Salihu,Lab Technician
1009,510,Yusuf Nnamdi,Lab Technician
1010,511,Femi Mohammed,Nurse
1011,512,Yetunde Nwosu,Doctor
1012,513,Ibrahim Okonkwo,Nurse
1013,513,Wale Yakubu,Records Officer
1014,514,Zainab Fashola,Doctor
1015,515,Uche Bello,Nurse
1016,515,Rukayat Mohammed,Nurse
1017,515,Omolara Adeyemi,Nurse
1018,516,Abimbola Uzoma,Nurse
1019,516,Kabiru Mohammed,Nurse
1020,517,Funmilayo Adebayo,Records Officer
1021,517,Funmilayo Eze,Nurse
1022,518,Halima Suleiman,Doctor
1023,518,Aisha Uzoma,Lab Technician
1024,518,Kayode Ogundipe,Nurse
1025,519,Titilayo Aliyu,Records Officer
1026,519,Titilayo Salihu,Lab Technician
1027,519,Chidi Adebayo,Nurse
1028,520,Uche Suleiman,Nurse
1029,520,Ngozi Nnamdi,Lab Technician
1030,521,Uche Onyeka,Nurse
1031,521,Aisha Nwosu,Records Officer
1032,522,Yusuf Sanni,Doctor
1033,522,Aisha Eze,Doctor
1034,522,Chukwuemeka Nnamdi,Doctor
1035,523,Rukayat Okonkwo,Nurse
1036,523,Hadiza Obi,Doctor
1037,524,Ikechukwu Bello,Doctor
1038,524,Adewale Emeka,Lab Technician
1039,525,Kayode Bello,Nurse
1040,525,Suleiman Ogunleye,Nurse
1041,526,Suleiman Balogun,Records Officer
1042,526,Chidi Ogundipe,Nurse
1043,526,Titilayo Emeka,Doctor
1044,527,Tunde Okeke,Records Officer
1045,527,Ijeoma Abubakar,Records Officer
1046,528,Oluwaseun Adeyemi,Records Officer
1047,528,Zainab Ibrahim,Nurse
1048,529,Funmilayo Ogunleye,Nurse
1049,529,Uche Yakubu,Nurse
1050,530,Ngozi Obi,Doctor
1051,530,Titilayo Balogun,Records Officer
1052,531,Ikechukwu Uzoma,Records Officer
1053,531,Wale Chukwu,Nurse
1054,532,Titilayo Aliyu,Nurse
1055,532,Maryam Obi,Records Officer
1056,533,Maryam Nnamdi,Records Officer
1057,533,Obinna Eze,Nurse
1058,534,Folasade Yakubu,Nurse
1059,534,Ayodele Bello,Doctor
1060,534,Titilayo Ibrahim,Doctor
1061,535,Zainab Ogunleye,Nurse
1062,536,Chioma Nwosu,Nurse
1063,537,Halima Okafor,Doctor
1064,538,Uche Okonkwo,Nurse
1065,538,Nnamdi Emeka,Nurse
1066,538,Nnamdi Salihu,Records Officer
1067,539,Ikechukwu Sanni,Nurse
1068,539,Bisi Lawal,Nurse
1069,539,Musa Chukwu,Nurse
1070,540,Suleiman Fashola,Nurse
1071,540,Chibuzor Obi,Nurse
1072,541,Simisola Aliyu,Lab Technician
1073,541,Tunde Lawal,Nurse
1074,542,Abdullahi Lawal,Nurse
1075,542,Ikechukwu Yakubu,Doctor
1076,542,Bisi Ibrahim,Nurse
1077,543,Kabiru Sanni,Nurse
1078,543,Wale Bello,Doctor
1079,543,Chidi Nnamdi,Records Officer
1080,544,Halima Aliyu,Nurse
1081,545,Rukayat Ogunleye,Nurse
1082,545,Ngozi Suleiman,Nurse
1083,545,Amina Abubakar,Nurse
1084,546,Wale Balogun,Nurse
1085,546,Uche Ajayi,Nurse
1086,547,Abdullahi Adebayo,Nurse
1087,547,Musa Fashola,Nurse
1088,548,Fatima Uzoma,Nurse
1089,549,Nkechi Onyeka,Nurse
1090,549,Simisola Suleiman,Doctor
1091,550,Adaeze Balogun,Nurse
1092,550,Bashir Ajayi,Nurse
1093,551,Chukwuemeka Adebayo,Doctor
1094,551,Obinna Okeke,Nurse
1095,552,Ibrahim Eze,Lab Technician
1096,553,Abdullahi Chinedu,Nurse
1097,554,Abimbola Adebayo,Lab Technician
1098,554,Wale Chukwu,Doctor
1099,554,Folasade Balogun,Records Officer
1100,555,Ijeoma Balogun,Doctor
1101,555,Yetunde Chinedu,Lab Technician
1102,556,Aliyu Nnamdi,Lab Technician
1103,557,Emeka Onyeka,Nurse
1104,558,Chidi Adeyemi,Doctor
1105,559,Ngozi Obi,Nurse
1106,560,Uche Okonkwo,Doctor
1107,560,Amina Aliyu,Nurse
1108,561,Titilayo Salihu,Nurse
1109,561,Aisha Eze,Lab Technician
1110,562,Simisola Nwosu,Records Officer
1111,563,Hadiza Okonkwo,Records Officer
1112,563,Musa Obi,Nurse
1113,564,Suleiman Abubakar,Nurse
1114,564,Fatima Lawal,Nurse
1115,564,Musa Adebayo,Doctor
1116,565,Temitope Eze,Nurse
1117,566,Uche Chinedu,Nurse
1118,566,Aisha Afolabi,Nurse
1119,567,Ayodele Salihu,Nurse
1120,567,Zainab Ogundipe,Nurse
1121,567,Segun Nwosu,Records Officer
1122,568,Halima Abubakar,Doctor
1123,568,Nkechi Eze,Nurse
1124,568,Nkechi Mohammed,Doctor
1125,569,Suleiman Eze,Lab Technician
1126,569,Fatima Mohammed,Nurse
1127,569,Musa Okeke,Lab Technician
1128,570,Segun Salihu,Nurse
1129,570,Titilayo Aliyu,Nurse
1130,570,Rukayat Okafor,Nurse
1131,571,Omolara Ibrahim,Doctor
1132,571,Oluwaseun Ibrahim,Nurse
1133,571,Chukwuemeka Okonkwo,Doctor
1134,572,Blessing Ogunleye,Doctor
1135,573,Kabiru Afolabi,Doctor
1136,573,Ngozi Fashola,Doctor
1137,574,Chiamaka Chukwu,Nurse
1138,574,Chidi Uzoma,Nurse
1139,574,Hadiza Okonkwo,Records Officer
1140,575,Ngozi Okafor,Nurse
1141,576,Emeka Adeyemi,Doctor
1142,576,Titilayo Chukwu,Records Officer
1143,576,Segun Balogun,Nurse
1144,577,Oluwaseun Aliyu,Nurse
1145,577,Nkechi Uzoma,Nurse
1146,577,Tunde Adebayo,Doctor
1147,578,Yusuf Okeke,Nurse
1148,578,Ijeoma Afolabi,Doctor
1149,579,Uche Suleiman,Lab Technician
1150,580,Rukayat Afolabi,Nurse
1151,581,Uche Ajayi,Nurse
1152,581,Folasade Ogundipe,Nurse
1153,581,Simisola Mohammed,Records Officer
1154,582,Adewale Uzoma,Nurse
1155,583,Yetunde Aliyu,Nurse
1156,583,Adewale Chinedu,Nurse
1157,583,Kayode Okafor,Nurse
1158,584,Blessing Eze,Nurse
1159,584,Bashir Adebayo,Lab Technician
1160,585,Abdullahi Suleiman,Records Officer
1161,585,Chibuzor Emeka,Records Officer
1162,586,Hadiza Nwosu,Nurse
1163,587,Suleiman Okafor,Lab Technician
1164,588,Adaobi Eze,Nurse
1165,589,Damilare Nnamdi,Nurse
1166,589,Ibrahim Bello,Lab Technician
1167,590,Obinna Afolabi,Doctor
1168,590,Ayodele Adebayo,Nurse
1169,591,Rukayat Chinedu,Nurse
1170,591,Bashir Nwosu,Nurse
1171,592,Chibuzor Uzoma,Lab Technician
1172,592,Yetunde Obi,Nurse
1173,592,Omolara Nwosu,Nurse
1174,593,Ikechukwu Ogunleye,Lab Technician
1175,593,Yetunde Afolabi,Records Officer
1176,594,Yetunde Ibrahim,Lab Technician
1177,595,Ayodele Ogundipe,Nurse
1178,595,Musa Okonkwo,Doctor
1179,596,Obinna Ajayi,Nurse
1180,596,Chiamaka Abubakar,Nurse
1181,597,Chidi Ogunleye,Nurse
1182,598,Blessing Onyeka,Doctor
1183,599,Abdullahi Emeka,Doctor
1184,600,Nkechi Ogunleye,Records Officer
1185,600,Ikechukwu Lawal,Doctor
1186,600,Ikechukwu Adebayo,Records Officer
1187,601,Ibrahim Ogundipe,Nurse
1188,601,Temitope Afolabi,Lab Technician
1189,602,Maryam Ogundipe,Records Officer
1190,602,Oluwaseun Abubakar,Doctor
1191,602,Segun Ibrahim,Records Officer
1192,603,Uche Chinedu,Records Officer
1193,604,Blessing Ogunleye,Doctor
1194,604,Chukwuemeka Suleiman,Nurse
1195,605,Adaeze Bello,Records Officer
1196,605,Maryam Ogunleye,Lab Technician
1197,606,Nkechi Ogundipe,Nurse
1198,607,Wale Suleiman,Records Officer
1199,607,Hadiza Emeka,Doctor
1200,607,Adewale Obi,Records Officer
1201,608,Aliyu Ogundipe,Nurse
1202,608,Fatima Obi,Nurse
1203,609,Titilayo Bello,Nurse
1204,609,Ibrahim Lawal,Lab Technician
1205,610,Segun Obi,Lab Technician
1206,610,Ngozi Lawal,Doctor
1207,610,Ibrahim Suleiman,Nurse
1208,611,Adewale Fashola,Doctor
1209,611,Rukayat Yakubu,Lab Technician
1210,612,Musa Bello,Nurse
1211,612,Ngozi Abubakar,Doctor
1212,613,Nkechi Ajayi,Lab Technician
1213,613,Bashir Emeka,Lab Technician
1214,614,Suleiman Lawal,Nurse
1215,614,Ibrahim Ajayi,Nurse
1216,615,Adaobi Ogundipe,Doctor
1217,615,Obinna Bello,Nurse
1218,615,Ibrahim Yakubu,Doctor
1219,616,Ayodele Ajayi,Nurse
1220,616,Uche Abubakar,Records Officer
1221,617,Damilare Ajayi,Lab Technician
1222,618,Blessing Eze,Doctor
1223,618,Chidi Chukwu,Lab Technician
1224,618,Segun Emeka,Doctor
1225,619,Ijeoma Salihu,Nurse
1226,619,Segun Onyeka,Doctor
1227,620,Folasade Okeke,Nurse
1228,620,Suleiman Ogunleye,Nurse
1229,621,Chukwuemeka Emeka,Nurse
1230,622,Simisola Okafor,Lab Technician
1231,622,Amina Mohammed,Doctor
1232,622,Kayode Obi,Doctor
1233,623,Nkechi Onyeka,Nurse
1234,623,Funmilayo Okonkwo,Nurse
1235,624,Yusuf Ogunleye,Nurse
1236,624,Hadiza Adeyemi,Nurse
1237,624,Damilare Nnamdi,Records Officer
1238,625,Kayode Chinedu,Nurse
1239,625,Oluwaseun Afolabi,Doctor
1240,625,Chidi Salihu,Nurse
1241,626,Chidi Okeke,Lab Technician
1242,626,Omolara Afolabi,Nurse
1243,626,Ikechukwu Nnamdi,Lab Technician
1244,627,Nkechi Bello,Lab Technician
1245,627,Chukwuemeka Adeyemi,Doctor
1246,628,Tunde Chinedu,Nurse
1247,629,Blessing Adeyemi,Nurse
1248,630,Oluwaseun Emeka,Lab Technician
1249,630,Uche Mohammed,Doctor
1250,630,Tunde Salihu,Nurse
1251,631,Nkechi Aliyu,Doctor
1252,631,Adaeze Adebayo,Lab Technician
1253,632,Ibrahim Ogundipe,Lab Technician
1254,632,Temitope Okonkwo,Nurse
1255,633,Suleiman Obi,Records Officer
1256,634,Ibrahim Yakubu,Lab Technician
1257,634,Zainab Bello,Records Officer
1258,635,Emeka Bello,Nurse
1259,636,Ikechukwu Salihu,Records Officer
1260,636,Bisi Nwosu,Records Officer
1261,636,Ijeoma Afolabi,Lab Technician
1262,637,Abimbola Okafor,Doctor
1263,638,Aliyu Emeka,Nurse
1264,638,Musa Abubakar,Nurse
1265,639,Aliyu Bello,Doctor
1266,639,Segun Salihu,Lab Technician
1267,639,Kabiru Okeke,Doctor
1268,640,Omolara Nwosu,Nurse
1269,641,Suleiman Okeke,Nurse
1270,641,Halima Okeke,Doctor
1271,641,Aisha Adeyemi,Nurse
1272,642,Rukayat Ogunleye,Lab Technician
1273,642,Omolara Bello,Nurse
1274,642,Nnamdi Ajayi,Doctor
1275,643,Chukwuemeka Ogunleye,Records Officer
1276,643,Omolara Ajayi,Nurse
1277,643,Ibrahim Obi,Doctor
1278,644,Yetunde Eze,Nurse
1279,645,Suleiman Mohammed,Lab Technician
1280,645,Ikechukwu Ogunleye,Nurse
1281,646,Funmilayo Mohammed,Nurse
1282,646,Temitope Aliyu,Lab Technician
1283,647,Amina Afolabi,Records Officer
1284,647,Fatima Nwosu,Doctor
1285,647,Abimbola Ibrahim,Records Officer
1286,648,Adewale Okonkwo,Nurse
1287,649,Bashir Yakubu,Nurse
1288,650,Ayodele Suleiman,Nurse
1289,650,Nkechi Okafor,Lab Technician
1290,650,Chukwuemeka Okonkwo,Doctor
1291,651,Chiamaka Emeka,Doctor
1292,652,Rukayat Ogundipe,Nurse
1293,652,Hadiza Nwosu,Doctor
1294,652,Bisi Nnamdi,Nurse
1295,653,Chukwuemeka Salihu,Lab Technician
1296,654,Nnamdi Aliyu,Doctor
1297,654,Yusuf Adeyemi,Nurse
1298,654,Wale Ajayi,Records Officer
1299,655,Abimbola Salihu,Nurse
1300,655,Bashir Okafor,Nurse
1301,655,Abimbola Obi,Nurse
1302,656,Emeka Adebayo,Doctor
1303,656,Hadiza Mohammed,Nurse
1304,656,Blessing Eze,Nurse
1305,657,Segun Okonkwo,Doctor
1306,657,Blessing Suleiman,Nurse
1307,658,Nkechi Afolabi,Records Officer
1308,658,Simisola Ogunleye,Nurse
1309,659,Chioma Ajayi,Lab Technician
1310,659,Maryam Suleiman,Lab Technician
1311,660,Ijeoma Chinedu,Lab Technician
1312,660,Bisi Abubakar,Doctor
1313,661,Segun Nnamdi,Nurse
1314,661,Emeka Okonkwo,Nurse
1315,661,Kabiru Abubakar,Doctor
1316,662,Temitope Ajayi,Doctor
1317,663,Femi Nnamdi,Nurse
1318,663,Uche Fashola,Doctor
1319,664,Simisola Emeka,Nurse
1320,664,Simisola Adeyemi,Records Officer
1321,665,Titilayo Eze,Records Officer
1322,665,Abimbola Onyeka,Records Officer
1323,665,Obinna Adeyemi,Nurse
1324,666,Chiamaka Obi,Nurse
1325,666,Simisola Yakubu,Lab Technician
1326,667,Ngozi Balogun,Nurse
1327,667,Chukwuemeka Eze,Lab Technician
1328,667,Segun Fashola,Lab Technician
1329,668,Blessing Afolabi,Nurse
1330,668,Chidi Suleiman,Lab Technician
1331,669,Kabiru Ogundipe,Doctor
1332,669,Yetunde Onyeka,Doctor
1333,669,Yetunde Obi,Nurse
1334,670,Omolara Onyeka,Nurse
1335,670,Zainab Balogun,Lab Technician
1336,670,Omolara Mohammed,Doctor
1337,671,Aliyu Abubakar,Nurse
1338,671,Emeka Ogunleye,Records Officer
1339,672,Funmilayo Bello,Records Officer
1340,672,Omolara Chukwu,Nurse
1341,673,Temitope Obi,Nurse
1342,673,Omolara Okeke,Records Officer
1343,674,Musa Sanni,Nurse
1344,674,Rukayat Yakubu,Nurse
1345,674,Rukayat Okafor,Lab Technician
1346,675,Obinna Afolabi,Nurse
1347,675,Bisi Adebayo,Records Officer
1348,676,Damilare Uzoma,Nurse
1349,676,Chibuzor Abubakar,Doctor
1350,677,Aliyu Chukwu,Lab Technician
1351,677,Ngozi Salihu,Doctor
1352,678,Damilare Suleiman,Doctor
1353,678,Ngozi Yakubu,Nurse
1354,679,Femi Onyeka,Lab Technician
1355,680,Abdullahi Ogunleye,Lab Technician
1356,680,Nkechi Balogun,Lab Technician
1357,681,Damilare Aliyu,Doctor
1358,681,Zainab Eze,Doctor
1359,682,Aisha Mohammed,Doctor
1360,682,Blessing Nwosu,Nurse
1361,682,Damilare Okafor,Nurse
1362,683,Adaobi Nnamdi,Nurse
1363,683,Simisola Obi,Records Officer
1364,683,Yetunde Lawal,Doctor
1365,684,Nnamdi Balogun,Records Officer
1366,684,Omolara Eze,Nurse
1367,685,Ikechukwu Abubakar,Records Officer
1368,685,Oluwaseun Okeke,Records Officer
1369,685,Uche Aliyu,Nurse
1370,686,Abdullahi Suleiman,Nurse
1371,686,Chukwuemeka Balogun,Lab Technician
1372,687,Abdullahi Sanni,Nurse
1373,687,Ikechukwu Nnamdi,Doctor
1374,687,Aisha Emeka,Doctor
1375,688,Adaobi Yakubu,Records Officer
1376,688,Blessing Lawal,Lab Technician
1377,688,Titilayo Balogun,Nurse
1378,689,Nkechi Yakubu,Doctor
1379,689,Aisha Onyeka,Nurse
1380,689,Chioma Ogundipe,Records Officer
1381,690,Nkechi Sanni,Nurse
1382,690,Ibrahim Emeka,Doctor
1383,691,Titilayo Chinedu,Nurse
1384,692,Aisha Nwosu,Records Officer
1385,693,Omolara Nwosu,Lab Technician
1386,694,Obinna Abubakar,Records Officer
1387,695,Folasade Lawal,Lab Technician
1388,695,Zainab Mohammed,Lab Technician
1389,696,Emeka Nnamdi,Records Officer
1390,696,Segun Abubakar,Nurse
1391,697,Ibrahim Eze,Records Officer
1392,697,Ijeoma Balogun,Doctor
1393,698,Segun Ogunleye,Doctor
1394,699,Wale Adeyemi,Nurse
1395,699,Chukwuemeka Ajayi,Records Officer
1396,700,Oluwaseun Adeyemi,Doctor
1397,700,Adaobi Ogundipe,Nurse
1398,701,Amina Adeyemi,Nurse
1399,701,Aisha Nnamdi,Doctor
1400,701,Adaeze Ibrahim,Nurse
1401,702,Obinna Bello,Lab Technician
1402,703,Zainab Mohammed,Lab Technician
1403,703,Bisi Suleiman,Nurse
1404,704,Hadiza Ajayi,Records Officer
1405,704,Funmilayo Okonkwo,Lab Technician
1406,705,Fatima Okonkwo,Doctor
1407,705,Amina Okeke,Nurse
1408,706,Rukayat Nwosu,Nurse
1409,706,Funmilayo Abubakar,Lab Technician
1410,706,Ijeoma Mohammed,Nurse
1411,707,Maryam Uzoma,Records Officer
1412,708,Damilare Onyeka,Nurse
1413,708,Temitope Bello,Nurse
1414,708,Zainab Ibrahim,Doctor
1415,709,Nnamdi Okeke,Nurse
1416,709,Bisi Bello,Records Officer
1417,710,Adewale Ogunleye,Doctor
1418,710,Simisola Chinedu,Nurse
1419,710,Ibrahim Onyeka,Records Officer
1420,711,Nkechi Yakubu,Nurse
1421,712,Chioma Lawal,Nurse
1422,712,Aliyu Onyeka,Nurse
1423,713,Uche Obi,Doctor
1424,714,Adewale Fashola,Nurse
1425,715,Ayodele Bello,Nurse
1426,715,Folasade Nnamdi,Records Officer
1427,716,Wale Chinedu,Nurse
1428,717,Chibuzor Okafor,Doctor
1429,718,Blessing Abubakar,Nurse
1430,718,Adaobi Ogunleye,Nurse
1431,719,Chukwuemeka Salihu,Doctor
1432,719,Suleiman Emeka,Doctor
1433,720,Kabiru Okonkwo,Records Officer
1434,720,Hadiza Okeke,Nurse
1435,721,Segun Bello,Nurse
1436,721,Temitope Ajayi,Lab Technician
1437,721,Oluwaseun Ogunleye,Nurse
1438,722,Aliyu Adeyemi,Records Officer
1439,722,Chidi Obi,Nurse
1440,722,Adewale Okafor,Doctor
1441,723,Adaeze Salihu,Doctor
1442,724,Folasade Nwosu,Doctor
1443,724,Chibuzor Bello,Doctor
1444,724,Adewale Aliyu,Lab Technician
1445,725,Folasade Eze,Nurse
1446,725,Funmilayo Lawal,Nurse
1447,726,Titilayo Okeke,Nurse
1448,726,Rukayat Yakubu,Nurse
1449,727,Funmilayo Okafor,Nurse
1450,728,Funmilayo Obi,Lab Technician
1451,729,Chibuzor Ajayi,Doctor
1452,730,Ijeoma Emeka,Nurse
1453,731,Yetunde Ogundipe,Records Officer
1454,732,Nnamdi Onyeka,Nurse
1455,733,Kabiru Onyeka,Doctor
1456,734,Ngozi Eze,Doctor
1457,734,Adaobi Onyeka,Lab Technician
1458,735,Amina Suleiman,Nurse
1459,735,Zainab Abubakar,Doctor
1460,736,Abdullahi Aliyu,Nurse
1461,737,Obinna Fashola,Doctor
1462,737,Ayodele Afolabi,Nurse
1463,738,Nkechi Ogunleye,Doctor
1464,739,Hadiza Emeka,Doctor
1465,739,Musa Bello,Records Officer
1466,740,Kabiru Nnamdi,Nurse
1467,741,Temitope Emeka,Nurse
1468,741,Abimbola Chukwu,Nurse
1469,741,Nnamdi Sanni,Lab Technician
1470,742,Adewale Bello,Doctor
1471,743,Musa Ogundipe,Nurse
1472,743,Temitope Onyeka,Lab Technician
1473,744,Adewale Suleiman,Doctor
1474,744,Obinna Eze,Doctor
1475,745,Suleiman Obi,Lab Technician
1476,745,Adewale Nwosu,Doctor
1477,745,Chidi Salihu,Doctor
1478,746,Adewale Abubakar,Lab Technician
1479,746,Adaeze Lawal,Nurse
1480,747,Ngozi Afolabi,Records Officer
1481,747,Femi Suleiman,Lab Technician
1482,747,Omolara Onyeka,Records Officer
1483,748,Aisha Eze,Doctor
1484,748,Chiamaka Nwosu,Nurse
1485,748,Temitope Okeke,Nurse
1486,749,Titilayo Okeke,Nurse
1487,749,Ijeoma Onyeka,Doctor
1488,750,Chidi Emeka,Doctor
1489,750,Adaobi Sanni,Nurse
1490,751,Nkechi Okeke,Doctor
1491,752,Rukayat Fashola,Nurse
1492,752,Nnamdi Abubakar,Nurse
1493,752,Wale Nnamdi,Lab Technician
1494,753,Suleiman Okafor,Nurse
1495,753,Rukayat Adeyemi,Doctor
1496,753,Zainab Emeka,Doctor
1497,754,Yusuf Aliyu,Doctor
1498,754,Amina Uzoma,Doctor
1499,755,Damilare Suleiman,Doctor
1500,756,Ayodele Afolabi,Nurse
1501,757,Uche Onyeka,Nurse
1502,757,Adewale Abubakar,Nurse
1503,757,Ibrahim Suleiman,Records Officer
1504,758,Omolara Uzoma,Nurse
1505,758,Folasade Eze,Doctor
1506,759,Musa Afolabi,Doctor
1507,759,Abdullahi Salihu,Lab Technician
1508,760,Ayodele Balogun,Records Officer
1509,760,Maryam Uzoma,Records Officer
1510,761,Ijeoma Lawal,Nurse
1511,762,Adaobi Fashola,Nurse
1512,762,Damilare Fashola,Records Officer
1513,762,Folasade Ogundipe,Lab Technician
1514,763,Damilare Aliyu,Lab Technician
1515,763,Maryam Lawal,Nurse
1516,764,Musa Ajayi,Lab Technician
1517,765,Nnamdi Emeka,Nurse
1518,765,Suleiman Emeka,Doctor
1519,765,Adaeze Nnamdi,Lab Technician
1520,766,Segun Ajayi,Nurse
1521,766,Aliyu Chinedu,Nurse
1522,767,Adaobi Onyeka,Doctor
1523,767,Kayode Aliyu,Nurse
1524,768,Chiamaka Okafor,Doctor
1525,768,Bashir Eze,Nurse
1526,768,Rukayat Sanni,Nurse
1527,769,Obinna Abubakar,Doctor
1528,769,Blessing Okonkwo,Doctor
1529,770,Chioma Chukwu,Doctor
1530,771,Aisha Yakubu,Doctor
1531,771,Fatima Afolabi,Records Officer
1532,772,Oluwaseun Balogun,Nurse
1533,772,Ibrahim Okafor,Records Officer
1534,772,Bisi Emeka,Doctor
1535,773,Nkechi Nnamdi,Doctor
1536,773,Ijeoma Aliyu,Doctor
1537,773,Zainab Ibrahim,Doctor
1538,774,Yusuf Okeke,Lab Technician
1539,774,Adaobi Sanni,Nurse
1540,775,Maryam Mohammed,Nurse
1541,775,Zainab Suleiman,Lab Technician
1542,775,Ijeoma Okafor,Nurse
1543,776,Tunde Sanni,Nurse
1544,776,Yusuf Obi,Nurse
1545,777,Emeka Ogundipe,Records Officer
1546,778,Chibuzor Uzoma,Nurse
1547,778,Simisola Salihu,Lab Technician
1548,779,Yetunde Fashola,Nurse
1549,779,Aisha Fashola,Doctor
1550,780,Tunde Ibrahim,Doctor
1551,780,Adewale Mohammed,Nurse
1552,781,Ikechukwu Okafor,Records Officer
1553,781,Adewale Ibrahim,Doctor
1554,781,Temitope Ogunleye,Lab Technician
1555,782,Ibrahim Uzoma,Nurse
1556,782,Zainab Balogun,Nurse
1557,782,Tunde Abubakar,Lab Technician
1558,783,Oluwaseun Uzoma,Lab Technician
1559,784,Aliyu Okonkwo,Nurse
1560,784,Uche Abubakar,Doctor
1561,785,Hadiza Nwosu,Nurse
1562,786,Omolara Bello,Nurse
1563,787,Abdullahi Yakubu,Doctor
1564,788,Yusuf Fashola,Doctor
1565,789,Femi Nwosu,Doctor
1566,789,Adewale Afolabi,Lab Technician
1567,790,Oluwaseun Onyeka,Lab Technician
1568,791,Funmilayo Ajayi,Nurse
1569,791,Temitope Uzoma,Nurse
1570,792,Chioma Ajayi,Doctor
1571,792,Uche Afolabi,Doctor
1572,793,Adaeze Okafor,Doctor
1573,793,Kabiru Lawal,Nurse
1574,793,Funmilayo Mohammed,Records Officer
1575,794,Ayodele Nnamdi,Records Officer
1576,794,Obinna Onyeka,Records Officer
1577,794,Fatima Ibrahim,Records Officer
1578,795,Simisola Okafor,Nurse
1579,795,Simisola Balogun,Nurse
1580,796,Nkechi Nnamdi,Doctor
1581,796,Suleiman Yakubu,Nurse
1582,797,Simisola Okonkwo,Doctor
1583,797,Ngozi Chukwu,Doctor
1584,798,Abimbola Mohammed,Doctor
1585,798,Abdullahi Nwosu,Doctor
1586,798,Emeka Ogundipe,Records Officer
1587,799,Temitope Balogun,Nurse
1588,799,Titilayo Adeyemi,Nurse
1589,799,Rukayat Lawal,Nurse
1590,800,Ikechukwu Afolabi,Nurse
1591,801,Nkechi Ogundipe,Lab Technician
1592,801,Folasade Okeke,Records Officer
1593,802,Chibuzor Okonkwo,Doctor
1594,802,Musa Adeyemi,Nurse
1595,803,Bisi Mohammed,Doctor
1596,803,Chiamaka Ogundipe,Nurse
1597,804,Ijeoma Abubakar,Lab Technician
1598,804,Tunde Okeke,Doctor
1599,804,Nnamdi Bello,Doctor
1600,805,Uche Okafor,Nurse
1601,805,Segun Adebayo,Nurse
1602,805,Chukwuemeka Lawal,Records Officer
1603,806,Yusuf Ajayi,Records Officer
1604,806,Ijeoma Okeke,Nurse
1605,806,Fatima Ibrahim,Nurse
1606,807,Yusuf Uzoma,Nurse
1607,807,Chukwuemeka Chinedu,Nurse
1608,808,Adaeze Okonkwo,Records Officer
1609,808,Halima Nnamdi,Nurse
1610,809,Maryam Suleiman,Nurse
1611,809,Suleiman Mohammed,Nurse
1612,809,Oluwaseun Okafor,Records Officer
1613,810,Segun Ibrahim,Lab Technician
1614,810,Halima Adebayo,Lab Technician
1615,811,Rukayat Okafor,Records Officer
1616,811,Folasade Nnamdi,Doctor
1617,812,Nkechi Okonkwo,Nurse
1618,812,Amina Okeke,Nurse
1619,813,Ayodele Aliyu,Records Officer
1620,813,Adaeze Eze,Lab Technician
1621,814,Suleiman Sanni,Doctor
1622,814,Yetunde Abubakar,Lab Technician
1623,814,Abdullahi Adebayo,Records Officer
1624,815,Maryam Ajayi,Lab Technician
1625,815,Aisha Eze,Nurse
1626,815,Halima Lawal,Doctor
1627,816,Chioma Chinedu,Nurse
1628,816,Blessing Okonkwo,Doctor
1629,817,Rukayat Chukwu,Lab Technician
1630,817,Uche Abubakar,Lab Technician
1631,817,Tunde Adebayo,Records Officer
1632,818,Chiamaka Abubakar,Doctor
1633,818,Titilayo Nwosu,Nurse
1634,818,Yetunde Yakubu,Nurse
1635,819,Fatima Mohammed,Nurse
1636,820,Ibrahim Afolabi,Doctor
1637,820,Bashir Ogunleye,Lab Technician
1638,820,Chidi Fashola,Records Officer
1639,821,Damilare Onyeka,Doctor
1640,822,Blessing Fashola,Nurse
1641,822,Uche Ogunleye,Records Officer
1642,823,Halima Ogunleye,Nurse
1643,823,Halima Emeka,Nurse
1644,824,Wale Okafor,Lab Technician
1645,825,Oluwaseun Emeka,Nurse
1646,825,Titilayo Lawal,Doctor
1647,826,Nkechi Emeka,Nurse
1648,826,Musa Okonkwo,Records Officer
1649,826,Temitope Okonkwo,Nurse
1650,827,Maryam Afolabi,Nurse
1651,828,Chioma Salihu,Nurse
1652,828,Segun Obi,Records Officer
1653,829,Simisola Sanni,Doctor
1654,829,Ayodele Nwosu,Lab Technician
1655,829,Adaobi Onyeka,Records Officer
1656,830,Ibrahim Chukwu,Lab Technician
1657,831,Nnamdi Eze,Nurse
1658,831,Folasade Nwosu,Doctor
1659,831,Simisola Mohammed,Doctor
1660,832,Kayode Sanni,Nurse
1661,833,Chidi Ogunleye,Nurse
1662,833,Ngozi Ogunleye,Doctor
1663,834,Wale Afolabi,Records Officer
1664,834,Titilayo Obi,Nurse
1665,834,Chioma Obi,Lab Technician
1666,835,Hadiza Emeka,Nurse
1667,835,Chidi Eze,Nurse
1668,835,Kayode Salihu,Nurse
1669,836,Ngozi Aliyu,Nurse
1670,836,Chioma Aliyu,Lab Technician
1671,837,Obinna Nwosu,Lab Technician
1672,837,Temitope Fashola,Nurse
1673,838,Abimbola Aliyu,Doctor
1674,838,Obinna Emeka,Nurse
1675,839,Ijeoma Lawal,Doctor
1676,839,Bisi Okeke,Nurse
1677,840,Ijeoma Adebayo,Records Officer
1678,841,Wale Aliyu,Nurse
1679,842,Wale Okafor,Doctor
1680,842,Bisi Lawal,Lab Technician
1681,843,Funmilayo Obi,Records Officer
1682,843,Bashir Salihu,Nurse
1683,844,Hadiza Okafor,Nurse
1684,844,Halima Fashola,Nurse
1685,845,Ijeoma Chukwu,Nurse
1686,846,Hadiza Okafor,Doctor
1687,846,Suleiman Emeka,Lab Technician
1688,847,Tunde Aliyu,Doctor
1689,847,Ijeoma Sanni,Doctor
1690,848,Chiamaka Salihu,Nurse
1691,848,Suleiman Eze,Nurse
1692,849,Segun Ogunleye,Lab Technician
1693,849,Ngozi Suleiman,Records Officer
1694,850,Ngozi Adebayo,Nurse
1695,850,Bisi Bello,Lab Technician
1696,851,Femi Okafor,Nurse
1697,851,Fatima Bello,Lab Technician
1698,852,Rukayat Okafor,Nurse
1699,853,Oluwaseun Eze,Doctor
1700,853,Kabiru Obi,Nurse
1701,853,Suleiman Aliyu,Nurse
1702,854,Fatima Okafor,Nurse
1703,855,Chukwuemeka Eze,Nurse
1704,855,Hadiza Abubakar,Nurse
1705,855,Chioma Uzoma,Lab Technician
1706,856,Suleiman Uzoma,Lab Technician
1707,856,Ngozi Fashola,Lab Technician
1708,856,Ngozi Abubakar,Records Officer
1709,857,Nnamdi Onyeka,Nurse
1710,857,Suleiman Nwosu,Nurse
1711,858,Titilayo Adeyemi,Doctor
1712,859,Halima Uzoma,Doctor
1713,860,Emeka Adebayo,Records Officer
1714,861,Zainab Balogun,Nurse
1715,861,Omolara Obi,Records Officer
1716,862,Omolara Nwosu,Nurse
1717,862,Funmilayo Ogundipe,Doctor
1718,863,Musa Balogun,Nurse
1719,863,Uche Ibrahim,Doctor
1720,864,Chidi Ibrahim,Nurse
1721,864,Chioma Yakubu,Doctor
1722,864,Segun Chinedu,Doctor
1723,865,Ikechukwu Ibrahim,Records Officer
1724,865,Chiamaka Chinedu,Nurse
1725,866,Chukwuemeka Afolabi,Records Officer
1726,866,Adewale Okeke,Doctor
1727,867,Oluwaseun Ogunleye,Nurse
1728,867,Chibuzor Mohammed,Nurse
1729,868,Bisi Emeka,Lab Technician
1730,868,Oluwaseun Okafor,Records Officer
1731,869,Oluwaseun Onyeka,Records Officer
1732,869,Ikechukwu Sanni,Nurse
1733,870,Uche Chinedu,Nurse
1734,870,Chidi Okeke,Doctor
1735,870,Kayode Fashola,Nurse
1736,871,Nkechi Onyeka,Nurse
1737,871,Chioma Nnamdi,Nurse
1738,872,Damilare Chinedu,Doctor
1739,872,Yusuf Aliyu,Lab Technician
1740,873,Rukayat Suleiman,Lab Technician
1741,874,Yetunde Chinedu,Nurse
1742,874,Uche Onyeka,Nurse
1743,875,Segun Adebayo,Records Officer
1744,875,Folasade Chukwu,Nurse
1745,876,Yetunde Fashola,Nurse
1746,877,Aisha Salihu,Doctor
1747,878,Emeka Mohammed,Lab Technician
1748,879,Adaeze Ajayi,Nurse
1749,879,Bisi Nnamdi,Nurse
1750,879,Nkechi Sanni,Nurse
1751,880,Ayodele Nwosu,Records Officer
1752,881,Simisola Uzoma,Lab Technician
1753,882,Nkechi Obi,Lab Technician
1754,882,Omolara Ogunleye,Nurse
1755,883,Nkechi Obi,Records Officer
1756,883,Folasade Abubakar,Doctor
1757,883,Omolara Suleiman,Records Officer
1758,884,Tunde Suleiman,Records Officer
1759,884,Kabiru Ogundipe,Lab Technician
1760,884,Ngozi Chukwu,Nurse
1761,885,Adewale Salihu,Nurse
1762,885,Abdullahi Obi,Records Officer
1763,886,Abimbola Emeka,Nurse
1764,887,Nnamdi Afolabi,Nurse
1765,887,Uche Sanni,Lab Technician
1766,888,Oluwaseun Ajayi,Nurse
1767,888,Damilare Sanni,Doctor
1768,888,Bashir Okonkwo,Doctor
1769,889,Yusuf Suleiman,Nurse
1770,889,Tunde Uzoma,Lab Technician
1771,890,Nkechi Lawal,Nurse
1772,891,Segun Okonkwo,Nurse
1773,891,Chiamaka Eze,Doctor
1774,892,Segun Salihu,Nurse
1775,893,Musa Nnamdi,Records Officer
1776,894,Bashir Uzoma,Nurse
1777,894,Bisi Afolabi,Lab Technician
1778,895,Maryam Lawal,Lab Technician
1779,895,Oluwaseun Onyeka,Doctor
1780,895,Damilare Okonkwo,Lab Technician
1781,896,Kayode Ajayi,Records Officer
1782,896,Yetunde Nnamdi,Nurse
1783,897,Segun Ogundipe,Nurse
1784,897,Fatima Ogundipe,Nurse
1785,897,Chidi Chinedu,Doctor
1786,898,Wale Onyeka,Lab Technician
1787,898,Omolara Okeke,Doctor
1788,898,Adaobi Bello,Nurse
1789,899,Yusuf Adeyemi,Nurse
1790,899,Chukwuemeka Ajayi,Doctor
1791,900,Emeka Okafor,Nurse
1792,900,Chibuzor Ogundipe,Doctor
1793,901,Damilare Ajayi,Nurse
1794,901,Chidi Suleiman,Nurse
1795,901,Segun Ogundipe,Nurse
1796,902,Adewale Adeyemi,Nurse
1797,903,Bashir Ibrahim,Records Officer
1798,903,Tunde Ibrahim,Records Officer
1799,904,Oluwaseun Eze,Nurse
1800,904,Titilayo Emeka,Doctor
1801,905,Halima Salihu,Lab Technician
1802,905,Halima Ogundipe,Nurse
1803,906,Aisha Sanni,Doctor
1804,906,Abimbola Eze,Doctor
1805,907,Nnamdi Obi,Doctor
1806,907,Abimbola Afolabi,Nurse
1807,908,Chiamaka Uzoma,Lab Technician
1808,908,Musa Ajayi,Nurse
1809,908,Aliyu Emeka,Lab Technician
1810,909,Zainab Bello,Lab Technician
1811,909,Aisha Nnamdi,Nurse
1812,910,Chidi Chinedu,Records Officer
1813,911,Suleiman Adeyemi,Lab Technician
1814,911,Maryam Lawal,Nurse
1815,912,Aliyu Adebayo,Nurse
1816,913,Chidi Nwosu,Doctor
1817,913,Musa Aliyu,Nurse
1818,913,Omolara Yakubu,Nurse
1819,914,Femi Chukwu,Lab Technician
1820,914,Fatima Ogundipe,Doctor
1821,915,Chibuzor Balogun,Records Officer
1822,915,Chukwuemeka Ibrahim,Records Officer
1823,916,Folasade Lawal,Doctor
1824,917,Uche Bello,Nurse
1825,918,Wale Sanni,Nurse
1826,918,Yetunde Sanni,Nurse
1827,919,Rukayat Lawal,Doctor
1828,919,Ikechukwu Ibrahim,Doctor
1829,920,Titilayo Fashola,Nurse
1830,921,Amina Emeka,Nurse
1831,921,Chiamaka Lawal,Nurse
1832,921,Musa Aliyu,Nurse
1833,922,Femi Salihu,Lab Technician
1834,922,Bashir Mohammed,Nurse
1835,922,Tunde Nwosu,Nurse
1836,923,Adaeze Chukwu,Doctor
1837,923,Yusuf Ogunleye,Nurse
1838,924,Segun Ogundipe,Nurse
1839,925,Damilare Balogun,Lab Technician
1840,925,Abimbola Eze,Nurse
1841,925,Adewale Fashola,Lab Technician
1842,926,Aliyu Mohammed,Nurse
1843,927,Adaeze Onyeka,Doctor
1844,928,Aisha Nwosu,Doctor
1845,928,Zainab Lawal,Doctor
1846,929,Femi Adeyemi,Nurse
1847,929,Obinna Eze,Doctor
1848,930,Abdullahi Eze,Nurse
1849,931,Femi Okonkwo,Doctor
1850,931,Uche Bello,Nurse
1851,931,Nkechi Okafor,Nurse
1852,932,Oluwaseun Ogundipe,Doctor
1853,933,Ayodele Afolabi,Doctor
1854,933,Aisha Sanni,Doctor
1855,934,Damilare Afolabi,Nurse
1856,934,Bisi Sanni,Nurse
1857,935,Ijeoma Suleiman,Records Officer
1858,935,Bashir Ogunleye,Nurse
1859,936,Simisola Onyeka,Doctor
1860,936,Chukwuemeka Fashola,Nurse
1861,937,Nnamdi Salihu,Lab Technician
1862,937,Aisha Eze,Nurse
1863,938,Kayode Balogun,Doctor
1864,938,Kayode Nnamdi,Nurse
1865,939,Rukayat Afolabi,Doctor
1866,939,Folasade Okafor,Nurse
1867,939,Obinna Nnamdi,Nurse
1868,940,Suleiman Chinedu,Nurse
1869,940,Simisola Onyeka,Lab Technician
1870,941,Adewale Nwosu,Records Officer
1871,942,Bashir Balogun,Records Officer
1872,943,Halima Emeka,Lab Technician
1873,944,Chukwuemeka Lawal,Records Officer
1874,944,Yetunde Ogundipe,Doctor
1875,945,Chukwuemeka Eze,Records Officer
1876,945,Chioma Salihu,Doctor
1877,946,Wale Eze,Nurse
1878,946,Ayodele Emeka,Doctor
1879,946,Chukwuemeka Mohammed,Doctor
1880,947,Yetunde Balogun,Lab Technician
1881,948,Maryam Adebayo,Nurse
1882,948,Segun Salihu,Nurse
1883,948,Simisola Okonkwo,Nurse
1884,949,Chibuzor Adeyemi,Nurse
1885,949,Tunde Okonkwo,Nurse
1886,950,Zainab Uzoma,Lab Technician
1887,950,Suleiman Adebayo,Nurse
1888,950,Tunde Ibrahim,Records Officer
1889,951,Bisi Salihu,Doctor
1890,951,Folasade Okafor,Doctor
1891,951,Hadiza Okeke,Lab Technician
1892,952,Chibuzor Bello,Nurse
1893,952,Emeka Onyeka,Nurse
1894,952,Chidi Eze,Doctor
1895,953,Temitope Okonkwo,Doctor
1896,953,Oluwaseun Mohammed,Doctor
1897,954,Ijeoma Nwosu,Nurse
1898,955,Ibrahim Aliyu,Nurse
1899,956,Kayode Mohammed,Records Officer
1900,956,Uche Fashola,Nurse
1901,956,Musa Afolabi,Lab Technician
1902,957,Simisola Ogunleye,Doctor
1903,957,Ikechukwu Adebayo,Doctor
1904,958,Yusuf Nnamdi,Nurse
1905,958,Ijeoma Abubakar,Doctor
1906,959,Chibuzor Mohammed,Records Officer
1907,959,Musa Onyeka,Nurse
1908,959,Wale Abubakar,Records Officer
1909,960,Chukwuemeka Afolabi,Nurse
1910,960,Yetunde Adeyemi,Records Officer
1911,961,Ayodele Okeke,Doctor
1912,961,Chibuzor Nnamdi,Doctor
1913,961,Aliyu Emeka,Nurse
1914,962,Nnamdi Afolabi,Doctor
1915,963,Chidi Aliyu,Nurse
1916,963,Tunde Chinedu,Lab Technician
1917,964,Amina Fashola,Records Officer
1918,964,Bisi Eze,Records Officer
1919,965,Abdullahi Okafor,Nurse
1920,965,Nkechi Balogun,Nurse
1921,965,Abimbola Afolabi,Nurse
1922,966,Amina Sanni,Records Officer
1923,966,Abimbola Bello,Doctor
1924,966,Simisola Lawal,Nurse
1925,967,Ijeoma Okafor,Doctor
1926,967,Ibrahim Ogundipe,Nurse
1927,968,Halima Yakubu,Nurse
1928,968,Zainab Eze,Doctor
1929,968,Chioma Fashola,Nurse
1930,969,Kayode Afolabi,Records Officer
1931,969,Wale Salihu,Nurse
1932,969,Emeka Uzoma,Doctor
1933,970,Musa Afolabi,Nurse
1934,970,Titilayo Okafor,Doctor
1935,970,Yetunde Nnamdi,Doctor
1936,971,Titilayo Ogunleye,Nurse
1937,971,Tunde Mohammed,Doctor
1938,972,Abdullahi Emeka,Lab Technician
1939,972,Omolara Nwosu,Nurse
1940,973,Emeka Mohammed,Records Officer
1941,973,Aliyu Chukwu,Doctor
1942,974,Blessing Nnamdi,Nurse
1943,974,Simisola Ajayi,Nurse
1944,975,Hadiza Onyeka,Records Officer
1945,975,Ikechukwu Ogunleye,Nurse
1946,975,Kabiru Lawal,Records Officer
1947,976,Nnamdi Obi,Doctor
1948,976,Ngozi Onyeka,Records Officer
1949,977,Ikechukwu Okonkwo,Records Officer
1950,977,Bisi Bello,Nurse
1951,977,Ngozi Adeyemi,Doctor
1952,978,Obinna Fashola,Doctor
1953,978,Uche Nwosu,Records Officer
1954,979,Uche Okonkwo,Nurse
1955,980,Ngozi Chinedu,Nurse
1956,980,Yetunde Ajayi,Nurse
1957,981,Titilayo Afolabi,Doctor
1958,981,Segun Suleiman,Doctor
1959,981,Hadiza Ajayi,Nurse
1960,982,Simisola Okeke,Records Officer
1961,982,Ngozi Mohammed,Lab Technician
1962,982,Chibuzor Okonkwo,Nurse
1963,983,Ikechukwu Fashola,Nurse
1964,983,Rukayat Yakubu,Nurse
1965,983,Nkechi Chukwu,Records Officer
1966,984,Nnamdi Uzoma,Nurse
1967,984,Bashir Eze,Nurse
1968,985,Chibuzor Chinedu,Lab Technician
1969,985,Uche Onyeka,Doctor
1970,985,Kabiru Ibrahim,Nurse
1971,986,Adaeze Sanni,Records Officer
1972,986,Adewale Balogun,Lab Technician
1973,986,Omolara Lawal,Lab Technician
1974,987,Suleiman Ajayi,Doctor
1975,987,Chiamaka Okeke,Nurse
1976,988,Adaobi Ajayi,Doctor
1977,989,Fatima Okafor,Records Officer
1978,989,Yetunde Ogundipe,Doctor
1979,989,Omolara Eze,Nurse
1980,990,Rukayat Obi,Nurse
1981,990,Temitope Nwosu,Doctor
1982,990,Adewale Bello,Lab Technician
1983,991,Wale Uzoma,Records Officer
1984,991,Yusuf Okonkwo,Lab Technician
1985,992,Rukayat Bello,Lab Technician
1986,992,Chibuzor Sanni,Doctor
1987,993,Folasade Salihu,Lab Technician
1988,993,Titilayo Ibrahim,Nurse
1989,994,Chukwuemeka Bello,Doctor
1990,994,Ngozi Eze,Nurse
1991,995,Abdullahi Ibrahim,Records Officer
1992,996,Uche Obi,Lab Technician
1993,997,Adewale Ajayi,Doctor
1994,997,Aisha Nwosu,Nurse
1995,997,Kayode Bello,Records Officer
1996,998,Adewale Sanni,Doctor
1997,998,Abimbola Emeka,Doctor
1998,999,Blessing Okeke,Nurse
1999,999,Damilare Salihu,Nurse
2000,1000,Adewale Uzoma,Doctor
2001,1001,Uche Eze,Records Officer
2002,1001,Chukwuemeka Ogundipe,Doctor
2003,1002,Bashir Nwosu,Records Officer
2004,1002,Obinna Bello,Nurse
2005,1003,Yusuf Obi,Doctor
2006,1003,Kabiru Emeka,Records Officer
2007,1003,Yusuf Eze,Nurse
2008,1004,Musa Salihu,Nurse
2009,1004,Yetunde Okeke,Lab Technician
2010,1005,Abimbola Okafor,Nurse
2011,1005,Halima Sanni,Nurse
2012,1006,Emeka Adebayo,Nurse
2013,1007,Chibuzor Adebayo,Nurse
2014,1007,Tunde Onyeka,Nurse
2015,1007,Halima Ogundipe,Doctor
2016,1008,Aliyu Afolabi,Doctor
2017,1008,Adewale Chinedu,Nurse
2018,1009,Temitope Sanni,Doctor
2019,1009,Abdullahi Okeke,Doctor
2020,1009,Obinna Ibrahim,Lab Technician
2021,1010,Rukayat Ajayi,Nurse
2022,1011,Kayode Nwosu,Doctor
2023,1011,Blessing Adeyemi,Records Officer
2024,1011,Oluwaseun Yakubu,Doctor
2025,1012,Folasade Aliyu,Doctor
2026,1012,Suleiman Okonkwo,Records Officer
2027,1013,Yusuf Adeyemi,Records Officer
2028,1013,Funmilayo Afolabi,Nurse
2029,1014,Segun Salihu,Nurse
2030,1015,Chioma Mohammed,Nurse
2031,1015,Ayodele Adeyemi,Nurse
2032,1016,Chibuzor Obi,Doctor
2033,1016,Ayodele Eze,Doctor
2034,1016,Adewale Balogun,Doctor
2035,1017,Maryam Ajayi,Doctor
2036,1017,Ikechukwu Sanni,Lab Technician
2037,1018,Funmilayo Ibrahim,Records Officer
2038,1019,Abdullahi Mohammed,Nurse
2039,1020,Tunde Obi,Doctor
2040,1020,Chukwuemeka Afolabi,Records Officer
2041,1020,Yetunde Bello,Nurse
2042,1021,Folasade Aliyu,Nurse
2043,1022,Temitope Fashola,Lab Technician
2044,1022,Chidi Fashola,Nurse
2045,1022,Obinna Lawal,Records Officer
2046,1023,Aisha Nnamdi,Doctor
2047,1023,Musa Yakubu,Lab Technician
2048,1024,Kayode Nwosu,Lab Technician
2049,1024,Omolara Emeka,Nurse
2050,1025,Rukayat Balogun,Lab Technician
2051,1025,Chukwuemeka Ogundipe,Records Officer
2052,1026,Abimbola Adebayo,Doctor
2053,1026,Ibrahim Ibrahim,Nurse
2054,1026,Adaobi Bello,Doctor
2055,1027,Maryam Eze,Doctor
2056,1027,Fatima Ibrahim,Doctor
2057,1027,Zainab Suleiman,Nurse
2058,1028,Musa Balogun,Nurse
2059,1029,Funmilayo Yakubu,Nurse
2060,1029,Chibuzor Okafor,Lab Technician
2061,1029,Abdullahi Nwosu,Nurse
2062,1030,Blessing Adebayo,Nurse
2063,1030,Rukayat Ogundipe,Records Officer
2064,1031,Emeka Aliyu,Nurse
2065,1031,Oluwaseun Ibrahim,Doctor
2066,1032,Oluwaseun Ogundipe,Lab Technician
2067,1032,Amina Nnamdi,Doctor
2068,1032,Halima Bello,Nurse
2069,1033,Ngozi Abubakar,Nurse
2070,1033,Blessing Salihu,Nurse
2071,1034,Kabiru Mohammed,Doctor
2072,1034,Nnamdi Balogun,Records Officer
2073,1035,Adewale Abubakar,Records Officer
2074,1035,Fatima Ogunleye,Lab Technician
2075,1035,Uche Nnamdi,Nurse
2076,1036,Blessing Eze,Doctor
2077,1036,Kabiru Chukwu,Lab Technician
2078,1036,Fatima Fashola,Doctor
2079,1037,Ikechukwu Afolabi,Nurse
2080,1038,Amina Ogunleye,Nurse
2081,1038,Adewale Lawal,Nurse
2082,1039,Titilayo Ogunleye,Records Officer
2083,1039,Abimbola Nnamdi,Doctor
2084,1040,Segun Emeka,Doctor
2085,1041,Adewale Ogundipe,Nurse
2086,1041,Yetunde Suleiman,Doctor
2087,1042,Yusuf Bello,Doctor
2088,1043,Nkechi Uzoma,Records Officer
2089,1043,Damilare Abubakar,Nurse
2090,1044,Chioma Aliyu,Nurse
2091,1044,Ijeoma Nwosu,Doctor
2092,1045,Ngozi Ajayi,Lab Technician
2093,1045,Halima Chukwu,Doctor
2094,1046,Kabiru Balogun,Nurse
2095,1047,Ijeoma Okeke,Nurse
2096,1047,Bashir Chukwu,Doctor
2097,1048,Emeka Nwosu,Nurse
2098,1048,Funmilayo Nnamdi,Nurse
2099,1049,Adewale Adeyemi,Nurse
2100,1049,Abdullahi Onyeka,Records Officer
2101,1049,Titilayo Uzoma,Doctor
2102,1050,Bisi Salihu,Doctor
2103,1051,Emeka Nnamdi,Records Officer
2104,1052,Rukayat Okafor,Nurse
2105,1052,Ngozi Sanni,Nurse
2106,1053,Fatima Aliyu,Nurse
2107,1053,Adaobi Balogun,Nurse
2108,1054,Segun Uzoma,Doctor
2109,1054,Abdullahi Aliyu,Records Officer
2110,1055,Chioma Onyeka,Records Officer
2111,1055,Chukwuemeka Adebayo,Nurse
2112,1055,Kabiru Chinedu,Nurse
2113,1056,Segun Ajayi,Nurse
2114,1056,Adaeze Fashola,Nurse
2115,1057,Ijeoma Onyeka,Doctor
2116,1057,Bisi Okeke,Nurse
2117,1058,Yusuf Balogun,Nurse
2118,1058,Aliyu Emeka,Nurse
2119,1059,Chidi Lawal,Records Officer
2120,1060,Oluwaseun Lawal,Nurse
2121,1061,Funmilayo Eze,Lab Technician
2122,1061,Maryam Chinedu,Doctor
2123,1061,Chukwuemeka Uzoma,Lab Technician
2124,1062,Kabiru Bello,Records Officer
2125,1062,Abdullahi Salihu,Records Officer
2126,1062,Bashir Okeke,Nurse
2127,1063,Chukwuemeka Okeke,Records Officer
2128,1064,Oluwaseun Nnamdi,Doctor
2129,1065,Oluwaseun Chukwu,Nurse
2130,1065,Folasade Lawal,Lab Technician
2131,1065,Ayodele Ogunleye,Nurse
2132,1066,Chibuzor Okonkwo,Doctor
2133,1067,Ikechukwu Chinedu,Nurse
2134,1067,Abdullahi Chukwu,Nurse
2135,1068,Chidi Okafor,Nurse
2136,1068,Zainab Ajayi,Lab Technician
2137,1068,Abdullahi Yakubu,Doctor
2138,1069,Abdullahi Adeyemi,Nurse
2139,1069,Abimbola Yakubu,Doctor
2140,1069,Bisi Yakubu,Records Officer
2141,1070,Tunde Suleiman,Nurse
2142,1070,Chiamaka Suleiman,Records Officer
2143,1070,Omolara Mohammed,Doctor
2144,1071,Ikechukwu Aliyu,Nurse
2145,1071,Bisi Ibrahim,Lab Technician
2146,1072,Aisha Obi,Lab Technician
2147,1072,Bashir Okeke,Nurse
2148,1073,Kayode Aliyu,Records Officer
2149,1073,Ayodele Lawal,Nurse
2150,1074,Ikechukwu Abubakar,Doctor
2151,1075,Kabiru Nnamdi,Nurse
2152,1076,Maryam Onyeka,Doctor
2153,1076,Fatima Salihu,Records Officer
2154,1077,Funmilayo Okeke,Nurse
2155,1077,Ikechukwu Mohammed,Nurse
2156,1077,Chibuzor Lawal,Doctor
2157,1078,Wale Yakubu,Nurse
2158,1078,Adaobi Uzoma,Doctor
2159,1079,Kabiru Chukwu,Doctor
2160,1079,Yetunde Lawal,Nurse
2161,1080,Adewale Bello,Records Officer
2162,1080,Emeka Onyeka,Doctor
2163,1081,Segun Aliyu,Nurse
2164,1082,Kabiru Salihu,Records Officer
2165,1083,Musa Aliyu,Lab Technician
2166,1083,Halima Okeke,Records Officer
2167,1083,Aisha Yakubu,Nurse
2168,1084,Adaobi Mohammed,Doctor
2169,1084,Ngozi Eze,Nurse
2170,1084,Obinna Afolabi,Doctor
2171,1085,Amina Okafor,Lab Technician
2172,1085,Tunde Chukwu,Doctor
2173,1086,Abimbola Adebayo,Nurse
2174,1086,Hadiza Chinedu,Records Officer
2175,1087,Amina Bello,Doctor
2176,1087,Chidi Nwosu,Nurse
2177,1087,Bisi Nwosu,Nurse
2178,1088,Nkechi Obi,Records Officer
2179,1088,Ibrahim Onyeka,Records Officer
2180,1089,Ibrahim Ajayi,Nurse
2181,1090,Blessing Balogun,Nurse
2182,1091,Bashir Adebayo,Doctor
2183,1092,Abdullahi Onyeka,Lab Technician
2184,1092,Adaeze Obi,Doctor
2185,1093,Chioma Ogunleye,Nurse
2186,1093,Bashir Adeyemi,Nurse
2187,1094,Yetunde Chinedu,Nurse
2188,1094,Nnamdi Eze,Records Officer
2189,1094,Halima Suleiman,Doctor
2190,1095,Folasade Ogundipe,Doctor
2191,1095,Segun Salihu,Lab Technician
2192,1095,Hadiza Aliyu,Doctor
2193,1096,Folasade Lawal,Doctor
2194,1097,Tunde Chukwu,Doctor
2195,1098,Folasade Chukwu,Doctor
2196,1098,Kabiru Eze,Nurse
2197,1099,Obinna Nwosu,Nurse
2198,1100,Folasade Yakubu,Lab Technician
2199,1100,Titilayo Uzoma,Nurse
2200,1101,Amina Afolabi,Nurse
2201,1101,Funmilayo Suleiman,Records Officer
2202,1102,Musa Obi,Doctor
2203,1102,Folasade Chukwu,Lab Technician
2204,1102,Uche Salihu,Lab Technician
2205,1103,Femi Chinedu,Nurse
2206,1103,Ngozi Okonkwo,Nurse
2207,1104,Suleiman Okafor,Nurse
2208,1105,Ayodele Okafor,Nurse
2209,1106,Emeka Ogundipe,Doctor
2210,1106,Segun Uzoma,Doctor
2211,1106,Obinna Fashola,Nurse
2212,1107,Titilayo Sanni,Nurse
2213,1108,Adaobi Nwosu,Lab Technician
2214,1108,Ayodele Ajayi,Records Officer
2215,1109,Hadiza Okafor,Records Officer
2216,1110,Hadiza Yakubu,Nurse
2217,1110,Titilayo Adebayo,Nurse
2218,1111,Femi Balogun,Records Officer
2219,1111,Kabiru Ibrahim,Doctor
2220,1111,Obinna Chukwu,Nurse
2221,1112,Chidi Suleiman,Nurse
2222,1112,Chibuzor Onyeka,Lab Technician
2223,1112,Abdullahi Aliyu,Nurse
2224,1113,Zainab Yakubu,Doctor
2225,1113,Emeka Suleiman,Nurse
2226,1114,Suleiman Mohammed,Nurse
2227,1114,Temitope Mohammed,Nurse
2228,1115,Amina Ibrahim,Records Officer
2229,1115,Chibuzor Abubakar,Doctor
2230,1116,Chibuzor Adeyemi,Doctor
2231,1117,Funmilayo Uzoma,Lab Technician
2232,1117,Wale Ibrahim,Records Officer
2233,1117,Uche Uzoma,Lab Technician
2234,1118,Ibrahim Adebayo,Nurse
2235,1118,Folasade Nwosu,Nurse
2236,1119,Nkechi Ajayi,Doctor
2237,1119,Abdullahi Balogun,Doctor
2238,1120,Segun Sanni,Nurse
2239,1120,Abdullahi Okeke,Doctor
2240,1121,Chukwuemeka Obi,Nurse
2241,1121,Musa Onyeka,Nurse
2242,1122,Chioma Lawal,Nurse
2243,1122,Bisi Okafor,Lab Technician
2244,1123,Folasade Aliyu,Nurse
2245,1124,Ngozi Emeka,Records Officer
2246,1124,Abimbola Nnamdi,Nurse
2247,1124,Temitope Ibrahim,Doctor
2248,1125,Temitope Ogundipe,Lab Technician
2249,1125,Folasade Yakubu,Nurse
2250,1126,Zainab Salihu,Records Officer
2251,1127,Uche Uzoma,Nurse
2252,1127,Rukayat Nnamdi,Nurse
2253,1127,Segun Ogundipe,Nurse
2254,1128,Folasade Fashola,Records Officer
2255,1128,Nkechi Balogun,Nurse
2256,1129,Oluwaseun Mohammed,Nurse
2257,1129,Bisi Aliyu,Nurse
2258,1130,Zainab Okonkwo,Doctor
2259,1130,Aliyu Uzoma,Lab Technician
2260,1131,Bisi Emeka,Doctor
2261,1131,Wale Abubakar,Records Officer
2262,1131,Damilare Obi,Nurse
2263,1132,Yusuf Chinedu,Nurse
2264,1132,Ngozi Afolabi,Records Officer
2265,1132,Adaobi Okeke,Nurse
2266,1133,Uche Yakubu,Records Officer
2267,1134,Yetunde Chukwu,Lab Technician
2268,1134,Maryam Abubakar,Lab Technician
2269,1134,Omolara Mohammed,Doctor
2270,1135,Halima Ogunleye,Nurse
2271,1136,Tunde Adebayo,Lab Technician
2272,1136,Aliyu Eze,Doctor
2273,1136,Emeka Aliyu,Nurse
2274,1137,Yusuf Afolabi,Lab Technician
2275,1137,Funmilayo Lawal,Records Officer
2276,1137,Maryam Nwosu,Nurse
2277,1138,Abimbola Afolabi,Doctor
2278,1138,Oluwaseun Chukwu,Nurse
2279,1139,Tunde Chukwu,Records Officer
2280,1139,Ayodele Fashola,Doctor
2281,1139,Chidi Balogun,Doctor
2282,1140,Emeka Sanni,Nurse
2283,1140,Adaeze Nnamdi,Lab Technician
2284,1141,Abdullahi Aliyu,Nurse
2285,1142,Zainab Chukwu,Records Officer
2286,1142,Ngozi Yakubu,Records Officer
2287,1142,Ibrahim Emeka,Doctor
2288,1143,Ngozi Suleiman,Lab Technician
2289,1143,Folasade Salihu,Doctor
2290,1144,Amina Yakubu,Nurse
2291,1144,Titilayo Mohammed,Lab Technician
2292,1145,Funmilayo Ajayi,Doctor
2293,1145,Omolara Afolabi,Doctor
2294,1146,Rukayat Okonkwo,Doctor
2295,1147,Folasade Ogunleye,Doctor
2296,1147,Bashir Lawal,Doctor
2297,1147,Chukwuemeka Nwosu,Nurse
2298,1148,Maryam Salihu,Doctor
2299,1149,Obinna Okeke,Doctor
2300,1149,Segun Chinedu,Nurse
2301,1149,Suleiman Ogundipe,Nurse
2302,1150,Fatima Sanni,Nurse
2303,1150,Abdullahi Ogunleye,Nurse
2304,1150,Chioma Okeke,Nurse
2305,1151,Femi Eze,Records Officer
2306,1151,Titilayo Chukwu,Nurse
2307,1151,Femi Ogunleye,Nurse
2308,1152,Kayode Ogunleye,Doctor
2309,1152,Simisola Balogun,Lab Technician
2310,1153,Blessing Okeke,Nurse
2311,1153,Abdullahi Ibrahim,Nurse
2312,1153,Yetunde Adeyemi,Nurse
2313,1154,Kayode Ajayi,Nurse
2314,1154,Yusuf Ibrahim,Records Officer
2315,1155,Femi Afolabi,Nurse
2316,1155,Nnamdi Ajayi,Doctor
2317,1156,Titilayo Bello,Doctor
2318,1156,Abimbola Afolabi,Doctor
2319,1157,Adaeze Onyeka,Nurse
2320,1158,Titilayo Fashola,Nurse
2321,1158,Omolara Nwosu,Nurse
2322,1159,Hadiza Okafor,Records Officer
2323,1159,Tunde Obi,Nurse
2324,1160,Ikechukwu Ogundipe,Records Officer
2325,1160,Adewale Fashola,Records Officer
2326,1160,Yusuf Onyeka,Nurse
2327,1161,Adewale Ogundipe,Nurse
2328,1161,Funmilayo Ibrahim,Lab Technician
2329,1162,Bisi Lawal,Lab Technician
2330,1162,Ibrahim Mohammed,Doctor
2331,1162,Titilayo Salihu,Nurse
2332,1163,Hadiza Okeke,Records Officer
2333,1164,Chioma Nwosu,Lab Technician
2334,1165,Yetunde Adebayo,Lab Technician
2335,1165,Nnamdi Nwosu,Doctor
2336,1166,Segun Mohammed,Doctor
2337,1166,Chidi Nnamdi,Nurse
2338,1166,Omolara Ogundipe,Nurse
2339,1167,Halima Fashola,Nurse
2340,1167,Femi Aliyu,Records Officer
2341,1167,Femi Yakubu,Nurse
2342,1168,Temitope Balogun,Lab Technician
2343,1169,Tunde Nwosu,Records Officer
2344,1170,Aisha Balogun,Nurse
2345,1170,Omolara Salihu,Lab Technician
2346,1170,Funmilayo Fashola,Nurse
2347,1171,Kayode Lawal,Doctor
2348,1171,Suleiman Okeke,Nurse
2349,1171,Wale Nwosu,Lab Technician
2350,1172,Temitope Bello,Doctor
2351,1172,Bashir Adebayo,Nurse
2352,1172,Maryam Mohammed,Records Officer
2353,1173,Chioma Balogun,Lab Technician
2354,1173,Ikechukwu Eze,Doctor
2355,1173,Oluwaseun Adeyemi,Records Officer
2356,1174,Damilare Nnamdi,Doctor
2357,1174,Yetunde Okafor,Doctor
2358,1174,Abdullahi Salihu,Records Officer
2359,1175,Abimbola Sanni,Nurse
2360,1175,Bisi Chukwu,Nurse
2361,1176,Simisola Suleiman,Nurse
2362,1176,Nnamdi Nwosu,Records Officer
2363,1177,Wale Lawal,Nurse
2364,1177,Tunde Balogun,Nurse
2365,1178,Musa Nwosu,Nurse
2366,1179,Emeka Okeke,Nurse
2367,1179,Uche Bello,Nurse
2368,1179,Chibuzor Okonkwo,Records Officer
2369,1180,Segun Aliyu,Lab Technician
2370,1180,Aliyu Okafor,Records Officer
2371,1181,Chukwuemeka Eze,Lab Technician
2372,1181,Chidi Aliyu,Doctor
2373,1182,Aliyu Emeka,Nurse
2374,1182,Ikechukwu Emeka,Nurse
2375,1182,Chiamaka Abubakar,Doctor
2376,1183,Aisha Obi,Lab Technician
2377,1183,Tunde Nnamdi,Records Officer
2378,1184,Emeka Balogun,Nurse
2379,1184,Kabiru Nnamdi,Nurse
2380,1185,Yusuf Okafor,Lab Technician
2381,1186,Damilare Afolabi,Nurse
2382,1186,Chiamaka Abubakar,Records Officer
2383,1186,Simisola Balogun,Lab Technician
2384,1187,Chidi Ogunleye,Doctor
2385,1187,Rukayat Suleiman,Doctor
2386,1187,Zainab Fashola,Nurse
2387,1188,Obinna Sanni,Records Officer
2388,1188,Chioma Suleiman,Doctor
2389,1188,Adaeze Nwosu,Nurse
2390,1189,Abdullahi Afolabi,Doctor
2391,1189,Chidi Adebayo,Records Officer
2392,1190,Chidi Bello,Nurse
2393,1190,Wale Chinedu,Nurse
2394,1191,Adaeze Emeka,Lab Technician
2395,1192,Rukayat Yakubu,Nurse
2396,1192,Chibuzor Fashola,Nurse
2397,1192,Uche Okonkwo,Nurse
2398,1193,Fatima Emeka,Records Officer
2399,1193,Oluwaseun Adeyemi,Nurse
2400,1194,Obinna Ibrahim,Records Officer
2401,1195,Maryam Okonkwo,Nurse
2402,1195,Temitope Sanni,Lab Technician
2403,1196,Nkechi Okafor,Nurse
2404,1196,Funmilayo Mohammed,Doctor
2405,1197,Aisha Abubakar,Nurse
2406,1197,Musa Chinedu,Nurse
2407,1198,Adaeze Chukwu,Nurse
2408,1198,Kayode Yakubu,Nurse
2409,1199,Zainab Mohammed,Doctor
2410,1200,Ibrahim Abubakar,Nurse
2411,1201,Adaeze Nwosu,Nurse
2412,1202,Ikechukwu Ogundipe,Nurse
2413,1202,Chiamaka Salihu,Lab Technician
2414,1202,Emeka Okafor,Lab Technician
2415,1203,Suleiman Afolabi,Nurse
2416,1203,Amina Sanni,Doctor
2417,1204,Nnamdi Ibrahim,Doctor
2418,1204,Uche Suleiman,Lab Technician
2419,1205,Nkechi Lawal,Doctor
2420,1205,Adaobi Okafor,Doctor
2421,1205,Simisola Ajayi,Nurse
2422,1206,Wale Adebayo,Nurse
2423,1206,Amina Mohammed,Nurse
2424,1207,Nnamdi Ibrahim,Doctor
2425,1207,Kabiru Bello,Doctor
2426,1208,Kayode Suleiman,Nurse
2427,1208,Funmilayo Afolabi,Lab Technician
2428,1209,Adaeze Abubakar,Nurse
2429,1209,Chibuzor Sanni,Doctor
2430,1210,Nnamdi Uzoma,Doctor
2431,1210,Ayodele Yakubu,Nurse
2432,1211,Blessing Lawal,Doctor
2433,1211,Abimbola Afolabi,Nurse
2434,1211,Emeka Obi,Records Officer
2435,1212,Aliyu Ibrahim,Records Officer
2436,1213,Fatima Adebayo,Doctor
2437,1213,Ayodele Chinedu,Records Officer
2438,1213,Suleiman Fashola,Doctor
2439,1214,Funmilayo Mohammed,Nurse
2440,1214,Halima Yakubu,Nurse
2441,1215,Chukwuemeka Nwosu,Records Officer
2442,1215,Ibrahim Abubakar,Doctor
2443,1215,Ibrahim Salihu,Doctor
2444,1216,Tunde Suleiman,Doctor
2445,1216,Chioma Chinedu,Doctor
2446,1217,Zainab Chinedu,Doctor
2447,1217,Chioma Balogun,Nurse
2448,1217,Chioma Fashola,Nurse
2449,1218,Maryam Emeka,Nurse
2450,1218,Ibrahim Suleiman,Nurse
2451,1219,Ayodele Abubakar,Lab Technician
2452,1220,Damilare Lawal,Doctor
2453,1220,Chioma Obi,Doctor
2454,1221,Musa Adeyemi,Doctor
2455,1221,Kayode Okafor,Nurse
2456,1222,Abdullahi Okafor,Nurse
2457,1222,Chidi Ajayi,Doctor
2458,1222,Damilare Lawal,Doctor
2459,1223,Ikechukwu Eze,Nurse
2460,1224,Adaeze Abubakar,Nurse
2461,1224,Chioma Ogunleye,Nurse
2462,1224,Kabiru Okafor,Nurse
2463,1225,Chidi Salihu,Nurse
2464,1226,Titilayo Nnamdi,Lab Technician
2465,1226,Halima Eze,Lab Technician
2466,1226,Hadiza Fashola,Nurse
2467,1227,Kayode Obi,Lab Technician
2468,1228,Ayodele Salihu,Records Officer
2469,1228,Nnamdi Chukwu,Doctor
2470,1229,Emeka Sanni,Nurse
2471,1229,Segun Afolabi,Nurse
2472,1229,Adaeze Uzoma,Nurse
2473,1230,Adewale Yakubu,Nurse
2474,1230,Abimbola Eze,Nurse
2475,1231,Chioma Ogundipe,Doctor
2476,1232,Chukwuemeka Bello,Nurse
2477,1233,Nnamdi Chinedu,Nurse
2478,1233,Maryam Lawal,Nurse
2479,1234,Kayode Suleiman,Doctor
2480,1234,Maryam Bello,Lab Technician
2481,1234,Damilare Salihu,Doctor
2482,1235,Adewale Abubakar,Records Officer
2483,1235,Chibuzor Salihu,Records Officer
2484,1236,Chiamaka Aliyu,Nurse
2485,1236,Damilare Uzoma,Records Officer
2486,1236,Emeka Suleiman,Nurse
2487,1237,Yetunde Ibrahim,Lab Technician
2488,1237,Amina Adebayo,Nurse
2489,1238,Nkechi Chukwu,Nurse
2490,1238,Adewale Onyeka,Nurse
2491,1238,Chidi Yakubu,Nurse
2492,1239,Femi Okonkwo,Lab Technician
2493,1239,Ayodele Chukwu,Lab Technician
2494,1240,Rukayat Okeke,Nurse
2495,1240,Obinna Okonkwo,Nurse
2496,1240,Nnamdi Balogun,Nurse
2497,1241,Wale Abubakar,Nurse
2498,1241,Emeka Ogunleye,Records Officer
2499,1241,Rukayat Nnamdi,Nurse
2500,1242,Ikechukwu Adebayo,Nurse
2501,1242,Kayode Yakubu,Nurse
2502,1243,Suleiman Abubakar,Nurse
2503,1244,Aliyu Okonkwo,Lab Technician
2504,1244,Ikechukwu Nnamdi,Records Officer
2505,1244,Obinna Balogun,Nurse
2506,1245,Musa Nwosu,Records Officer
2507,1246,Tunde Fashola,Lab Technician
2508,1246,Chioma Uzoma,Nurse
2509,1247,Ayodele Ibrahim,Nurse
2510,1247,Oluwaseun Ogunleye,Records Officer
2511,1248,Hadiza Okafor,Doctor
2512,1248,Aliyu Yakubu,Nurse
2513,1249,Tunde Okafor,Nurse
2514,1249,Temitope Fashola,Nurse
2515,1249,Oluwaseun Okafor,Nurse
2516,1250,Yetunde Nwosu,Nurse
2517,1250,Bisi Okeke,Nurse
2518,1250,Abimbola Aliyu,Lab Technician
2519,1251,Femi Abubakar,Nurse
2520,1252,Halima Okonkwo,Lab Technician
2521,1252,Rukayat Okafor,Nurse
2522,1252,Fatima Yakubu,Nurse
2523,1253,Wale Obi,Doctor
2524,1253,Ibrahim Sanni,Doctor
2525,1254,Kabiru Okeke,Nurse
2526,1254,Tunde Yakubu,Nurse
2527,1254,Ayodele Lawal,Nurse
2528,1255,Ikechukwu Mohammed,Doctor
2529,1255,Kabiru Ajayi,Records Officer
2530,1256,Aisha Onyeka,Nurse
2531,1256,Wale Uzoma,Doctor
2532,1256,Rukayat Uzoma,Lab Technician
2533,1257,Ikechukwu Adeyemi,Nurse
2534,1257,Ikechukwu Fashola,Doctor
2535,1257,Damilare Bello,Nurse
2536,1258,Ngozi Balogun,Lab Technician
2537,1258,Adaobi Fashola,Lab Technician
2538,1258,Halima Ajayi,Nurse
2539,1259,Blessing Nwosu,Nurse
2540,1259,Wale Mohammed,Nurse
2541,1260,Titilayo Ibrahim,Nurse
2542,1260,Temitope Onyeka,Nurse
2543,1260,Chidi Okeke,Doctor
2544,1261,Abdullahi Okonkwo,Doctor
2545,1261,Uche Chinedu,Nurse
2546,1262,Ijeoma Nnamdi,Lab Technician
2547,1262,Bisi Salihu,Lab Technician
2548,1263,Abdullahi Emeka,Nurse
2549,1263,Adaeze Emeka,Doctor
2550,1264,Adewale Ibrahim,Nurse
2551,1264,Omolara Okafor,Nurse
2552,1265,Rukayat Balogun,Nurse
2553,1265,Omolara Suleiman,Nurse
2554,1266,Omolara Nnamdi,Doctor
2555,1266,Adaeze Ogunleye,Records Officer
2556,1266,Abdullahi Nwosu,Doctor
2557,1267,Maryam Onyeka,Doctor
2558,1267,Bashir Yakubu,Nurse
2559,1268,Omolara Sanni,Doctor
2560,1269,Emeka Okafor,Nurse
2561,1269,Omolara Mohammed,Nurse
2562,1270,Funmilayo Yakubu,Nurse
2563,1271,Ikechukwu Abubakar,Nurse
2564,1271,Folasade Ogundipe,Nurse
2565,1272,Ayodele Ibrahim,Nurse
2566,1272,Musa Salihu,Lab Technician
2567,1272,Chukwuemeka Adebayo,Nurse
2568,1273,Suleiman Fashola,Nurse
2569,1273,Obinna Sanni,Lab Technician
2570,1274,Aisha Nwosu,Nurse
2571,1274,Bashir Nwosu,Doctor
2572,1275,Ijeoma Aliyu,Doctor
2573,1275,Oluwaseun Salihu,Records Officer
2574,1276,Rukayat Okeke,Lab Technician
2575,1276,Amina Fashola,Nurse
2576,1277,Tunde Afolabi,Nurse
2577,1277,Rukayat Chukwu,Nurse
2578,1278,Kabiru Uzoma,Nurse
2579,1278,Ngozi Fashola,Records Officer
2580,1279,Damilare Nnamdi,Nurse
2581,1279,Aliyu Ajayi,Nurse
2582,1279,Nnamdi Afolabi,Nurse
2583,1280,Oluwaseun Fashola,Doctor
2584,1280,Abdullahi Afolabi,Lab Technician
2585,1281,Abdullahi Obi,Nurse
2586,1281,Bisi Afolabi,Doctor
2587,1281,Fatima Emeka,Doctor
2588,1282,Damilare Nnamdi,Nurse
2589,1282,Titilayo Salihu,Nurse
2590,1283,Abdullahi Suleiman,Doctor
2591,1283,Uche Lawal,Lab Technician
2592,1284,Suleiman Okafor,Lab Technician
2593,1284,Yusuf Adeyemi,Records Officer
2594,1284,Chukwuemeka Yakubu,Lab Technician
2595,1285,Chiamaka Nwosu,Nurse
2596,1286,Uche Okonkwo,Nurse
2597,1286,Temitope Uzoma,Nurse
2598,1287,Abimbola Adebayo,Nurse
2599,1287,Ibrahim Ogundipe,Doctor
2600,1288,Adaobi Nnamdi,Records Officer
2601,1288,Titilayo Ogunleye,Nurse
2602,1288,Simisola Nnamdi,Doctor
2603,1289,Emeka Bello,Nurse
2604,1289,Zainab Obi,Nurse
2605,1289,Ikechukwu Mohammed,Nurse
2606,1290,Bisi Aliyu,Nurse
2607,1290,Ibrahim Yakubu,Doctor
2608,1290,Titilayo Ogunleye,Nurse
2609,1291,Bisi Fashola,Lab Technician
2610,1291,Simisola Chinedu,Lab Technician
2611,1292,Zainab Salihu,Records Officer
2612,1292,Nnamdi Ogundipe,Nurse
2613,1293,Wale Ibrahim,Nurse
2614,1293,Adaeze Balogun,Doctor
2615,1294,Bashir Onyeka,Doctor
2616,1294,Omolara Suleiman,Doctor
2617,1294,Emeka Adebayo,Records Officer
2618,1295,Blessing Chukwu,Nurse
2619,1295,Maryam Mohammed,Nurse
2620,1296,Omolara Emeka,Records Officer
2621,1297,Chiamaka Fashola,Doctor
2622,1297,Amina Yakubu,Nurse
2623,1297,Maryam Balogun,Nurse
2624,1298,Suleiman Afolabi,Nurse
2625,1299,Chioma Aliyu,Nurse
2626,1299,Chioma Okonkwo,Doctor
2627,1299,Chukwuemeka Ibrahim,Records Officer
2628,1300,Rukayat Ogunleye,Doctor
2629,1300,Halima Sanni,Records Officer
2630,1301,Chukwuemeka Nwosu,Nurse
2631,1301,Obinna Okeke,Records Officer
2632,1302,Hadiza Suleiman,Records Officer
2633,1303,Folasade Ogunleye,Doctor
2634,1303,Segun Ibrahim,Doctor
2635,1304,Adaeze Balogun,Records Officer
2636,1304,Ngozi Lawal,Records Officer
2637,1305,Ikechukwu Emeka,Lab Technician
2638,1306,Nnamdi Okafor,Doctor
2639,1306,Adaobi Lawal,Doctor
2640,1306,Omolara Obi,Nurse
2641,1307,Musa Eze,Records Officer
2642,1308,Temitope Ajayi,Doctor
2643,1308,Omolara Suleiman,Nurse
2644,1309,Adaeze Okonkwo,Nurse
2645,1310,Oluwaseun Suleiman,Nurse
2646,1310,Ibrahim Ajayi,Records Officer
2647,1310,Folasade Chinedu,Doctor
2648,1311,Adaeze Ibrahim,Lab Technician
2649,1311,Funmilayo Balogun,Lab Technician
2650,1311,Adewale Balogun,Nurse
2651,1312,Titilayo Adeyemi,Doctor
2652,1312,Maryam Ogunleye,Nurse
2653,1313,Yetunde Abubakar,Doctor
2654,1313,Bisi Salihu,Lab Technician
2655,1313,Halima Sanni,Records Officer
2656,1314,Musa Chukwu,Nurse
2657,1314,Chidi Okeke,Nurse
2658,1315,Bashir Adeyemi,Lab Technician
2659,1316,Funmilayo Uzoma,Nurse
2660,1316,Omolara Abubakar,Doctor
2661,1317,Femi Mohammed,Nurse
2662,1318,Bashir Yakubu,Records Officer
2663,1319,Ayodele Onyeka,Nurse
2664,1319,Bashir Sanni,Records Officer
2665,1319,Kabiru Uzoma,Nurse
2666,1320,Ikechukwu Lawal,Records Officer
2667,1321,Damilare Balogun,Lab Technician
2668,1321,Kabiru Mohammed,Lab Technician
2669,1322,Ayodele Eze,Doctor
2670,1322,Ikechukwu Ogunleye,Nurse
2671,1322,Zainab Ogunleye,Nurse
2672,1323,Bisi Afolabi,Nurse
2673,1323,Adaobi Salihu,Records Officer
2674,1324,Chioma Bello,Doctor
2675,1325,Adaeze Balogun,Nurse
2676,1325,Folasade Abubakar,Nurse
2677,1326,Blessing Emeka,Nurse
2678,1327,Musa Yakubu,Nurse
2679,1327,Ngozi Salihu,Nurse
2680,1327,Temitope Afolabi,Records Officer
2681,1328,Bashir Fashola,Nurse
2682,1328,Nkechi Emeka,Nurse
2683,1329,Uche Ajayi,Nurse
2684,1329,Bisi Eze,Doctor
2685,1330,Ngozi Uzoma,Lab Technician
2686,1330,Uche Chukwu,Nurse
2687,1330,Aisha Emeka,Records Officer
2688,1331,Damilare Nwosu,Doctor
2689,1331,Titilayo Okonkwo,Doctor
2690,1332,Titilayo Balogun,Nurse
2691,1332,Funmilayo Onyeka,Nurse
2692,1333,Omolara Abubakar,Nurse
2693,1333,Tunde Bello,Nurse
2694,1334,Titilayo Chinedu,Doctor
2695,1334,Abimbola Ajayi,Records Officer
2696,1335,Yusuf Chukwu,Nurse
2697,1335,Yetunde Sanni,Nurse
2698,1336,Abdullahi Okonkwo,Doctor
2699,1336,Nkechi Chukwu,Doctor
2700,1337,Segun Balogun,Doctor
2701,1338,Folasade Okafor,Lab Technician
2702,1338,Chioma Aliyu,Doctor
2703,1339,Chidi Balogun,Records Officer
2704,1339,Ikechukwu Aliyu,Records Officer
2705,1340,Chukwuemeka Ogunleye,Nurse
2706,1340,Chibuzor Eze,Nurse
2707,1341,Abimbola Nnamdi,Doctor
2708,1342,Oluwaseun Uzoma,Lab Technician
2709,1342,Ibrahim Sanni,Records Officer
2710,1342,Temitope Sanni,Nurse
2711,1343,Chidi Eze,Nurse
2712,1344,Simisola Chinedu,Records Officer
2713,1344,Abdullahi Ogundipe,Nurse
2714,1344,Ikechukwu Okeke,Records Officer
2715,1345,Kabiru Nnamdi,Lab Technician
2716,1345,Yetunde Adeyemi,Nurse
2717,1346,Maryam Ibrahim,Records Officer
2718,1346,Temitope Ajayi,Nurse
2719,1347,Aisha Okonkwo,Doctor
2720,1347,Folasade Aliyu,Nurse
2721,1348,Ngozi Fashola,Lab Technician
2722,1348,Ayodele Lawal,Nurse
2723,1348,Nkechi Okafor,Doctor
2724,1349,Rukayat Eze,Nurse
2725,1350,Folasade Suleiman,Nurse
2726,1351,Simisola Salihu,Doctor
2727,1351,Zainab Emeka,Nurse
2728,1351,Funmilayo Okafor,Lab Technician
2729,1352,Adaeze Nwosu,Nurse
2730,1352,Kayode Eze,Nurse
2731,1352,Adewale Salihu,Nurse
2732,1353,Kabiru Suleiman,Nurse
2733,1353,Amina Yakubu,Lab Technician
2734,1354,Chibuzor Ibrahim,Lab Technician
2735,1354,Obinna Fashola,Records Officer
2736,1355,Titilayo Suleiman,Lab Technician
2737,1355,Bashir Emeka,Doctor
2738,1356,Maryam Onyeka,Lab Technician
2739,1356,Abdullahi Eze,Records Officer
2740,1357,Temitope Okeke,Nurse
2741,1358,Chiamaka Ibrahim,Records Officer
2742,1358,Kayode Onyeka,Nurse
2743,1359,Fatima Afolabi,Doctor
2744,1359,Abdullahi Obi,Nurse
2745,1360,Hadiza Abubakar,Nurse
2746,1360,Chiamaka Mohammed,Doctor
2747,1361,Bisi Chinedu,Nurse
2748,1361,Chukwuemeka Obi,Nurse
2749,1361,Maryam Lawal,Records Officer
2750,1362,Aisha Afolabi,Records Officer
2751,1362,Emeka Ogundipe,Nurse
2752,1363,Femi Lawal,Nurse
2753,1363,Femi Yakubu,Nurse
2754,1364,Abdullahi Ogundipe,Records Officer
2755,1364,Blessing Lawal,Nurse
2756,1365,Damilare Aliyu,Nurse
2757,1365,Chioma Salihu,Nurse
2758,1366,Amina Ajayi,Nurse
2759,1366,Folasade Afolabi,Nurse
2760,1367,Bisi Afolabi,Records Officer
2761,1368,Adaobi Balogun,Doctor
2762,1368,Omolara Chinedu,Nurse
2763,1369,Ayodele Ogundipe,Lab Technician
2764,1369,Rukayat Uzoma,Lab Technician
2765,1370,Suleiman Lawal,Doctor
2766,1370,Blessing Aliyu,Nurse
2767,1371,Nnamdi Uzoma,Nurse
2768,1371,Blessing Emeka,Lab Technician
2769,1372,Aisha Salihu,Nurse
2770,1373,Maryam Okonkwo,Lab Technician
2771,1373,Wale Fashola,Records Officer
2772,1374,Nnamdi Chukwu,Nurse
2773,1374,Temitope Ogundipe,Nurse
2774,1374,Yetunde Balogun,Lab Technician
2775,1375,Abimbola Adeyemi,Lab Technician
2776,1375,Oluwaseun Fashola,Records Officer
2777,1376,Maryam Abubakar,Lab Technician
2778,1377,Titilayo Fashola,Records Officer
2779,1377,Adaeze Bello,Records Officer
2780,1378,Oluwaseun Okafor,Nurse
2781,1379,Chioma Chinedu,Nurse
2782,1379,Fatima Eze,Nurse
2783,1379,Segun Sanni,Nurse
2784,1380,Yusuf Nwosu,Doctor
2785,1381,Aliyu Eze,Nurse
2786,1382,Funmilayo Uzoma,Doctor
2787,1383,Adewale Adebayo,Doctor
2788,1383,Abdullahi Okonkwo,Lab Technician
2789,1384,Fatima Nwosu,Nurse
2790,1384,Obinna Nwosu,Records Officer
2791,1385,Bisi Okeke,Nurse
2792,1386,Simisola Emeka,Records Officer
2793,1386,Chukwuemeka Lawal,Lab Technician
2794,1387,Hadiza Sanni,Records Officer
2795,1388,Ijeoma Obi,Nurse
2796,1389,Adaobi Adebayo,Doctor
2797,1389,Musa Okeke,Doctor
2798,1390,Nkechi Uzoma,Lab Technician
2799,1390,Ngozi Ogunleye,Nurse
2800,1391,Chukwuemeka Ogundipe,Records Officer
2801,1391,Yusuf Adeyemi,Nurse
2802,1392,Nkechi Chinedu,Lab Technician
2803,1392,Omolara Mohammed,Nurse
2804,1392,Damilare Aliyu,Nurse
2805,1393,Rukayat Nwosu,Nurse
2806,1393,Aliyu Nwosu,Nurse
2807,1393,Chioma Ajayi,Nurse
2808,1394,Oluwaseun Afolabi,Nurse
2809,1394,Ijeoma Nnamdi,Records Officer
2810,1394,Titilayo Ogunleye,Nurse
2811,1395,Ibrahim Chukwu,Records Officer
2812,1396,Maryam Adeyemi,Nurse
2813,1396,Abdullahi Okafor,Doctor
2814,1397,Nkechi Emeka,Nurse
2815,1398,Nkechi Chinedu,Doctor
2816,1398,Nnamdi Abubakar,Records Officer
2817,1399,Musa Nnamdi,Doctor
2818,1399,Adaeze Adeyemi,Records Officer
2819,1400,Ngozi Obi,Nurse
2820,1400,Nkechi Lawal,Records Officer
2821,1401,Chioma Lawal,Doctor
2822,1401,Chioma Adeyemi,Doctor
2823,1402,Amina Sanni,Records Officer
2824,1402,Simisola Emeka,Records Officer
2825,1403,Chibuzor Salihu,Records Officer
2826,1403,Adewale Ajayi,Lab Technician
2827,1404,Musa Lawal,Lab Technician
2828,1404,Adewale Bello,Nurse
2829,1404,Aliyu Yakubu,Doctor
2830,1405,Oluwaseun Eze,Doctor
2831,1405,Aisha Abubakar,Nurse
2832,1406,Amina Ogunleye,Lab Technician
2833,1406,Ijeoma Uzoma,Nurse
2834,1407,Oluwaseun Okafor,Lab Technician
2835,1407,Aisha Uzoma,Lab Technician
2836,1408,Emeka Nnamdi,Nurse
2837,1408,Emeka Lawal,Nurse
2838,1409,Aisha Ogundipe,Nurse
2839,1410,Chukwuemeka Yakubu,Nurse
2840,1410,Damilare Fashola,Records Officer
2841,1411,Funmilayo Aliyu,Doctor
2842,1411,Chidi Obi,Doctor
2843,1412,Chibuzor Adeyemi,Nurse
2844,1412,Abdullahi Adebayo,Doctor
2845,1412,Musa Afolabi,Nurse
2846,1413,Nnamdi Mohammed,Lab Technician
2847,1413,Ijeoma Uzoma,Doctor
2848,1413,Temitope Adeyemi,Doctor
2849,1414,Obinna Okonkwo,Nurse
2850,1415,Temitope Suleiman,Doctor
2851,1415,Nkechi Ogundipe,Doctor
2852,1416,Chioma Fashola,Nurse
2853,1417,Funmilayo Aliyu,Nurse
2854,1417,Bashir Obi,Nurse
2855,1418,Ayodele Okafor,Nurse
2856,1418,Nkechi Nnamdi,Nurse
2857,1418,Chibuzor Yakubu,Nurse
2858,1419,Uche Ogundipe,Doctor
2859,1419,Fatima Okafor,Records Officer
2860,1420,Adewale Ajayi,Lab Technician
2861,1420,Nnamdi Ajayi,Lab Technician
2862,1421,Bisi Lawal,Nurse
2863,1421,Yusuf Ajayi,Records Officer
2864,1422,Zainab Okafor,Nurse
2865,1422,Kabiru Okafor,Doctor
2866,1422,Folasade Nwosu,Lab Technician
2867,1423,Maryam Ogunleye,Lab Technician
2868,1423,Nnamdi Uzoma,Records Officer
2869,1424,Abdullahi Nwosu,Nurse
2870,1424,Obinna Bello,Nurse
2871,1424,Titilayo Emeka,Nurse
2872,1425,Kayode Uzoma,Records Officer
2873,1426,Yetunde Abubakar,Records Officer
2874,1426,Musa Okafor,Nurse
2875,1426,Ikechukwu Ogunleye,Nurse
2876,1427,Adaobi Onyeka,Lab Technician
2877,1427,Kayode Yakubu,Doctor
2878,1428,Blessing Afolabi,Nurse
2879,1428,Omolara Salihu,Nurse
2880,1429,Aisha Mohammed,Doctor
2881,1430,Ibrahim Afolabi,Records Officer
2882,1431,Chukwuemeka Nwosu,Nurse
2883,1431,Ayodele Obi,Nurse
2884,1432,Wale Abubakar,Nurse
2885,1432,Obinna Abubakar,Records Officer
2886,1432,Segun Eze,Nurse
2887,1433,Obinna Bello,Nurse
2888,1433,Simisola Emeka,Records Officer
2889,1433,Nkechi Balogun,Records Officer
2890,1434,Bisi Sanni,Nurse
2891,1435,Aliyu Okonkwo,Nurse
2892,1435,Halima Obi,Nurse
2893,1435,Zainab Sanni,Doctor
2894,1436,Adaobi Suleiman,Records Officer
2895,1436,Halima Mohammed,Doctor
2896,1436,Nkechi Okafor,Records Officer
2897,1437,Nkechi Nwosu,Records Officer
2898,1438,Ibrahim Suleiman,Nurse
2899,1438,Adaeze Okeke,Records Officer
2900,1439,Halima Emeka,Nurse
2901,1439,Omolara Sanni,Records Officer
2902,1439,Tunde Adeyemi,Nurse
2903,1440,Segun Afolabi,Doctor
2904,1440,Titilayo Ogunleye,Nurse
2905,1441,Emeka Balogun,Records Officer
2906,1442,Adaeze Chukwu,Nurse
2907,1443,Emeka Chinedu,Nurse
2908,1443,Temitope Suleiman,Lab Technician
2909,1443,Yetunde Ajayi,Lab Technician
2910,1444,Maryam Ibrahim,Nurse
2911,1444,Chidi Mohammed,Records Officer
2912,1445,Temitope Emeka,Nurse
2913,1446,Chukwuemeka Onyeka,Lab Technician
2914,1447,Uche Mohammed,Doctor
2915,1447,Titilayo Mohammed,Records Officer
2916,1448,Maryam Onyeka,Nurse
2917,1449,Chibuzor Emeka,Records Officer
2918,1450,Ngozi Okeke,Doctor
2919,1450,Chiamaka Obi,Lab Technician
2920,1451,Wale Mohammed,Doctor
2921,1452,Wale Mohammed,Nurse
2922,1452,Chiamaka Nnamdi,Lab Technician
2923,1453,Fatima Nnamdi,Nurse
2924,1453,Funmilayo Yakubu,Doctor
2925,1453,Tunde Nwosu,Nurse
2926,1454,Simisola Fashola,Doctor
2927,1454,Kayode Fashola,Records Officer
2928,1455,Suleiman Chukwu,Nurse
2929,1455,Ijeoma Nwosu,Nurse
2930,1456,Omolara Okonkwo,Nurse
2931,1456,Amina Chukwu,Lab Technician
2932,1457,Bashir Suleiman,Records Officer
2933,1458,Yetunde Mohammed,Nurse
2934,1459,Ikechukwu Ogunleye,Doctor
2935,1459,Halima Chinedu,Nurse
2936,1459,Aisha Aliyu,Nurse
2937,1460,Ikechukwu Onyeka,Nurse
2938,1460,Aliyu Nnamdi,Nurse
2939,1461,Tunde Adeyemi,Nurse
2940,1461,Nnamdi Afolabi,Records Officer
2941,1462,Nnamdi Yakubu,Doctor
2942,1462,Chioma Ajayi,Records Officer
2943,1462,Temitope Okafor,Records Officer
2944,1463,Adewale Ajayi,Lab Technician
2945,1463,Fatima Balogun,Nurse
2946,1464,Adewale Okafor,Nurse
2947,1464,Musa Okonkwo,Nurse
2948,1465,Obinna Ibrahim,Doctor
2949,1465,Ikechukwu Nnamdi,Nurse
2950,1466,Kabiru Adeyemi,Nurse
2951,1466,Kayode Chinedu,Nurse
2952,1467,Damilare Nnamdi,Lab Technician
2953,1467,Adewale Chukwu,Nurse
2954,1468,Nkechi Okeke,Nurse
2955,1468,Chukwuemeka Adebayo,Nurse
2956,1469,Bisi Suleiman,Nurse
2957,1469,Adewale Yakubu,Nurse
2958,1470,Kayode Chinedu,Doctor
2959,1470,Temitope Bello,Records Officer
2960,1471,Hadiza Afolabi,Nurse
2961,1471,Musa Sanni,Doctor
2962,1471,Chibuzor Aliyu,Records Officer
2963,1472,Abimbola Ogundipe,Lab Technician
2964,1472,Suleiman Nnamdi,Records Officer
2965,1473,Ngozi Okafor,Lab Technician
2966,1473,Aisha Adebayo,Nurse
2967,1474,Yusuf Fashola,Doctor
2968,1474,Simisola Balogun,Nurse
2969,1475,Femi Bello,Doctor
2970,1476,Blessing Uzoma,Doctor
2971,1476,Kayode Nnamdi,Records Officer
2972,1477,Rukayat Nwosu,Records Officer
2973,1477,Ngozi Chukwu,Lab Technician
2974,1478,Omolara Chukwu,Doctor
2975,1478,Wale Lawal,Records Officer
2976,1479,Chukwuemeka Chukwu,Doctor
2977,1479,Titilayo Ajayi,Doctor
2978,1480,Bisi Yakubu,Nurse
2979,1480,Abimbola Yakubu,Lab Technician
2980,1480,Chidi Yakubu,Nurse
2981,1481,Suleiman Balogun,Nurse
2982,1481,Emeka Emeka,Nurse
2983,1481,Chukwuemeka Afolabi,Lab Technician
2984,1482,Rukayat Ajayi,Nurse
2985,1482,Kayode Okeke,Lab Technician
2986,1482,Abdullahi Afolabi,Nurse
2987,1483,Funmilayo Salihu,Lab Technician
2988,1484,Ibrahim Balogun,Doctor
2989,1484,Simisola Ogundipe,Doctor
2990,1485,Temitope Mohammed,Nurse
2991,1485,Blessing Okafor,Nurse
2992,1486,Chioma Chinedu,Doctor
2993,1486,Chiamaka Yakubu,Doctor
2994,1486,Amina Ogundipe,Doctor
2995,1487,Wale Ogundipe,Nurse
2996,1488,Femi Balogun,Records Officer
2997,1489,Temitope Okafor,Lab Technician
2998,1489,Adaeze Adebayo,Lab Technician
2999,1490,Wale Chinedu,Nurse
3000,1490,Musa Aliyu,Doctor
3001,1490,Bashir Okonkwo,Nurse
3002,1491,Halima Adebayo,Records Officer
3003,1492,Chukwuemeka Uzoma,Doctor
3004,1492,Abimbola Chukwu,Nurse
3005,1493,Fatima Lawal,Doctor
3006,1493,Temitope Nwosu,Nurse
3007,1494,Chibuzor Chukwu,Nurse
3008,1494,Chibuzor Ogunleye,Nurse
3009,1495,Oluwaseun Adeyemi,Nurse
3010,1495,Musa Nwosu,Lab Technician
3011,1495,Ijeoma Lawal,Nurse
3012,1496,Ijeoma Suleiman,Nurse
3013,1496,Folasade Aliyu,Records Officer
3014,1497,Adewale Chukwu,Doctor
3015,1497,Temitope Nwosu,Nurse
3016,1498,Zainab Okafor,Nurse
3017,1498,Bashir Nnamdi,Nurse
3018,1498,Kabiru Emeka,Records Officer
3019,1499,Adaeze Emeka,Doctor
3020,1500,Amina Obi,Doctor
3021,1501,Suleiman Abubakar,Doctor
3022,1501,Chibuzor Nwosu,Records Officer
3023,1501,Halima Mohammed,Nurse
3024,1502,Emeka Sanni,Doctor
3025,1503,Musa Eze,Records Officer
3026,1503,Nkechi Onyeka,Doctor
3027,1504,Oluwaseun Mohammed,Lab Technician
3028,1504,Suleiman Chinedu,Nurse
3029,1504,Wale Aliyu,Nurse
3030,1505,Yusuf Ogunleye,Nurse
3031,1505,Segun Lawal,Nurse
3032,1506,Adaobi Sanni,Doctor
3033,1506,Aliyu Sanni,Nurse
3034,1507,Chiamaka Onyeka,Nurse
3035,1507,Chiamaka Ogundipe,Nurse
3036,1508,Funmilayo Emeka,Nurse
3037,1509,Simisola Nnamdi,Lab Technician
3038,1509,Maryam Adeyemi,Nurse
3039,1509,Uche Yakubu,Lab Technician
3040,1510,Uche Salihu,Nurse
3041,1510,Ikechukwu Bello,Nurse
3042,1511,Halima Yakubu,Records Officer
3043,1511,Bisi Lawal,Nurse
3044,1512,Yetunde Suleiman,Records Officer
3045,1512,Chidi Sanni,Doctor
3046,1512,Rukayat Yakubu,Nurse
3047,1513,Temitope Adebayo,Records Officer
3048,1513,Bisi Okeke,Nurse
3049,1514,Adaobi Balogun,Records Officer
3050,1514,Simisola Okafor,Doctor
3051,1515,Omolara Uzoma,Doctor
3052,1515,Adewale Ibrahim,Records Officer
3053,1515,Fatima Salihu,Doctor
3054,1516,Kayode Salihu,Lab Technician
3055,1516,Yusuf Adebayo,Nurse
3056,1517,Uche Salihu,Nurse
3057,1517,Ngozi Ogundipe,Nurse
3058,1517,Wale Sanni,Lab Technician
3059,1518,Omolara Onyeka,Doctor
3060,1519,Simisola Chukwu,Doctor
3061,1519,Musa Uzoma,Nurse
3062,1520,Adewale Chukwu,Doctor
3063,1520,Aliyu Ogunleye,Doctor
3064,1521,Oluwaseun Ajayi,Records Officer
3065,1521,Adaeze Chinedu,Nurse
3066,1522,Musa Chukwu,Nurse
3067,1522,Blessing Bello,Nurse
3068,1523,Funmilayo Nnamdi,Nurse
3069,1524,Bashir Emeka,Lab Technician
3070,1525,Suleiman Okeke,Records Officer
3071,1526,Chioma Adeyemi,Records Officer
3072,1526,Aisha Nnamdi,Nurse
3073,1526,Femi Salihu,Lab Technician
3074,1527,Ikechukwu Afolabi,Doctor
3075,1528,Abdullahi Uzoma,Lab Technician
3076,1528,Chiamaka Okeke,Nurse
3077,1528,Chukwuemeka Aliyu,Records Officer
3078,1529,Zainab Mohammed,Nurse
3079,1530,Suleiman Okafor,Lab Technician
3080,1530,Maryam Adeyemi,Nurse
3081,1530,Damilare Nnamdi,Doctor
3082,1531,Tunde Adeyemi,Nurse
3083,1531,Oluwaseun Ogunleye,Doctor
3084,1531,Chiamaka Nnamdi,Nurse
3085,1532,Ikechukwu Onyeka,Nurse
3086,1533,Funmilayo Chukwu,Doctor
3087,1533,Kabiru Aliyu,Lab Technician
3088,1534,Simisola Obi,Doctor
3089,1534,Chukwuemeka Salihu,Records Officer
3090,1535,Uche Onyeka,Nurse
3091,1536,Simisola Suleiman,Nurse
3092,1537,Emeka Ibrahim,Nurse
3093,1538,Ibrahim Ibrahim,Records Officer
3094,1538,Blessing Okafor,Nurse
3095,1538,Chukwuemeka Eze,Doctor
3096,1539,Nkechi Nwosu,Nurse
3097,1540,Blessing Mohammed,Records Officer
3098,1540,Adaobi Ajayi,Doctor
3099,1541,Chukwuemeka Chukwu,Doctor
3100,1542,Emeka Adebayo,Lab Technician
3101,1542,Kabiru Ibrahim,Nurse
3102,1542,Chukwuemeka Afolabi,Records Officer
3103,1543,Chiamaka Ogunleye,Nurse
3104,1543,Oluwaseun Abubakar,Nurse
3105,1543,Hadiza Emeka,Lab Technician
3106,1544,Omolara Balogun,Records Officer
3107,1544,Damilare Mohammed,Nurse
3108,1545,Yetunde Lawal,Nurse
3109,1545,Amina Ajayi,Doctor
3110,1546,Kayode Fashola,Nurse
3111,1546,Ikechukwu Obi,Nurse
3112,1546,Femi Salihu,Records Officer
3113,1547,Omolara Sanni,Nurse
3114,1547,Rukayat Abubakar,Doctor
3115,1547,Blessing Fashola,Doctor
3116,1548,Obinna Mohammed,Lab Technician
3117,1549,Funmilayo Suleiman,Nurse
3118,1549,Chibuzor Onyeka,Records Officer
3119,1550,Obinna Okeke,Nurse
3120,1550,Bashir Adebayo,Nurse
3121,1551,Ibrahim Chinedu,Nurse
3122,1551,Damilare Okeke,Nurse
3123,1552,Amina Emeka,Nurse
3124,1552,Temitope Obi,Records Officer
3125,1553,Halima Chukwu,Doctor
3126,1553,Kabiru Ajayi,Nurse
3127,1554,Chiamaka Fashola,Nurse
3128,1554,Titilayo Chinedu,Nurse
3129,1554,Halima Chinedu,Nurse
3130,1555,Nnamdi Aliyu,Nurse
3131,1555,Ikechukwu Sanni,Nurse
3132,1556,Chibuzor Lawal,Nurse
3133,1556,Blessing Suleiman,Doctor
3134,1557,Adaobi Yakubu,Nurse
3135,1557,Ayodele Mohammed,Nurse
3136,1557,Hadiza Okafor,Doctor
3137,1558,Amina Obi,Nurse
3138,1558,Hadiza Aliyu,Lab Technician
3139,1559,Emeka Ajayi,Nurse
3140,1559,Oluwaseun Nnamdi,Nurse
3141,1559,Chukwuemeka Abubakar,Doctor
3142,1560,Ibrahim Ibrahim,Doctor
3143,1561,Oluwaseun Obi,Lab Technician
3144,1561,Emeka Sanni,Nurse
3145,1562,Kayode Okeke,Lab Technician
3146,1563,Femi Ogundipe,Nurse
3147,1563,Amina Obi,Nurse
3148,1564,Obinna Aliyu,Nurse
3149,1564,Yusuf Nwosu,Nurse
3150,1565,Aisha Aliyu,Lab Technician
3151,1566,Ngozi Eze,Doctor
3152,1566,Femi Yakubu,Nurse
3153,1567,Amina Eze,Doctor
3154,1567,Yetunde Aliyu,Records Officer
3155,1568,Femi Eze,Lab Technician
3156,1568,Nnamdi Yakubu,Doctor
3157,1568,Abimbola Fashola,Nurse
3158,1569,Kabiru Nnamdi,Nurse
3159,1569,Temitope Afolabi,Doctor
3160,1570,Abimbola Nwosu,Nurse
3161,1570,Abimbola Lawal,Nurse
3162,1570,Yusuf Nwosu,Doctor
3163,1571,Femi Chinedu,Nurse
3164,1571,Ayodele Sanni,Nurse
3165,1572,Adaobi Ogundipe,Nurse
3166,1573,Adewale Okafor,Nurse
3167,1574,Bashir Ajayi,Lab Technician
3168,1574,Aisha Ajayi,Nurse
3169,1575,Chidi Nnamdi,Doctor
3170,1575,Suleiman Bello,Nurse
3171,1576,Chioma Suleiman,Doctor
3172,1576,Wale Obi,Doctor
3173,1577,Damilare Obi,Nurse
3174,1578,Segun Ibrahim,Records Officer
3175,1578,Segun Chukwu,Doctor
3176,1579,Ibrahim Okeke,Doctor
3177,1580,Bashir Ajayi,Records Officer
3178,1580,Musa Okeke,Lab Technician
3179,1581,Amina Lawal,Lab Technician
3180,1582,Hadiza Fashola,Nurse
3181,1583,Tunde Ogundipe,Lab Technician
3182,1583,Tunde Fashola,Nurse
3183,1584,Funmilayo Okafor,Doctor
3184,1585,Chukwuemeka Ogundipe,Records Officer
3185,1586,Amina Yakubu,Doctor
3186,1586,Oluwaseun Chinedu,Doctor
3187,1587,Yusuf Balogun,Doctor
3188,1588,Blessing Ogunleye,Lab Technician
3189,1588,Maryam Okafor,Records Officer
3190,1588,Chibuzor Adebayo,Nurse
3191,1589,Omolara Obi,Nurse
3192,1589,Blessing Balogun,Lab Technician
3193,1589,Ayodele Suleiman,Lab Technician
3194,1590,Yetunde Okafor,Nurse
3195,1591,Bashir Nwosu,Lab Technician
3196,1591,Aliyu Bello,Lab Technician
3197,1592,Titilayo Salihu,Doctor
3198,1592,Chioma Ogundipe,Doctor
3199,1592,Zainab Ibrahim,Nurse
3200,1593,Halima Sanni,Doctor
3201,1593,Emeka Ogundipe,Records Officer
3202,1593,Ngozi Chukwu,Nurse
3203,1594,Yusuf Sanni,Nurse
3204,1594,Ayodele Chukwu,Nurse
3205,1595,Bashir Mohammed,Nurse
3206,1595,Damilare Abubakar,Doctor
3207,1595,Ikechukwu Chinedu,Nurse
3208,1596,Musa Bello,Nurse
3209,1597,Kayode Onyeka,Nurse
3210,1598,Ijeoma Suleiman,Doctor
3211,1598,Ngozi Sanni,Nurse
3212,1599,Damilare Adeyemi,Nurse
3213,1599,Maryam Aliyu,Nurse
3214,1599,Bisi Obi,Lab Technician
3215,1600,Zainab Salihu,Lab Technician
3216,1600,Chukwuemeka Fashola,Records Officer
3217,1601,Amina Okafor,Doctor
3218,1602,Chukwuemeka Nwosu,Nurse
3219,1603,Chukwuemeka Ajayi,Nurse
3220,1603,Musa Okonkwo,Records Officer
3221,1604,Amina Salihu,Nurse
3222,1604,Nnamdi Obi,Records Officer
3223,1605,Kabiru Yakubu,Lab Technician
3224,1605,Ikechukwu Suleiman,Records Officer
3225,1605,Amina Aliyu,Nurse
3226,1606,Temitope Adebayo,Doctor
3227,1606,Simisola Aliyu,Nurse
3228,1607,Titilayo Sanni,Doctor
3229,1607,Yetunde Nnamdi,Nurse
3230,1608,Ikechukwu Okafor,Doctor
3231,1608,Amina Eze,Lab Technician
3232,1609,Folasade Sanni,Records Officer
3233,1609,Chukwuemeka Obi,Doctor
3234,1610,Yusuf Ajayi,Nurse
3235,1610,Femi Abubakar,Nurse
3236,1611,Funmilayo Ajayi,Nurse
3237,1612,Bashir Okonkwo,Nurse
3238,1612,Abdullahi Ogundipe,Nurse
3239,1612,Chioma Aliyu,Doctor
3240,1613,Ijeoma Ogundipe,Nurse
3241,1613,Tunde Okeke,Nurse
3242,1613,Ibrahim Eze,Doctor
3243,1614,Segun Nnamdi,Records Officer
3244,1615,Adaeze Nnamdi,Doctor
3245,1615,Uche Ogunleye,Nurse
3246,1616,Aisha Adeyemi,Doctor
3247,1616,Oluwaseun Adeyemi,Records Officer
3248,1617,Abimbola Okonkwo,Lab Technician
3249,1618,Chioma Lawal,Records Officer
3250,1618,Suleiman Chukwu,Nurse
3251,1619,Ijeoma Balogun,Doctor
3252,1620,Aliyu Chinedu,Nurse
3253,1620,Femi Chinedu,Nurse
3254,1621,Nkechi Abubakar,Nurse
3255,1621,Halima Adebayo,Nurse
3256,1621,Chioma Ajayi,Lab Technician
3257,1622,Ijeoma Ogunleye,Nurse
3258,1622,Chukwuemeka Chinedu,Doctor
3259,1623,Oluwaseun Balogun,Doctor
3260,1624,Ikechukwu Mohammed,Nurse
3261,1624,Kayode Aliyu,Doctor
3262,1624,Segun Eze,Records Officer
3263,1625,Chiamaka Sanni,Nurse
3264,1625,Tunde Okafor,Doctor
3265,1626,Chidi Okafor,Doctor
3266,1627,Yusuf Onyeka,Lab Technician
3267,1627,Chukwuemeka Lawal,Nurse
3268,1627,Yetunde Ogunleye,Nurse
3269,1628,Tunde Ibrahim,Nurse
3270,1628,Kayode Balogun,Doctor
3271,1629,Ayodele Nnamdi,Records Officer
3272,1629,Maryam Abubakar,Nurse
3273,1630,Simisola Afolabi,Lab Technician
3274,1631,Oluwaseun Nnamdi,Lab Technician
3275,1631,Chiamaka Nwosu,Doctor
3276,1632,Omolara Aliyu,Nurse
3277,1632,Yetunde Fashola,Records Officer
3278,1633,Ikechukwu Aliyu,Nurse
3279,1634,Kayode Okonkwo,Nurse
3280,1634,Aisha Nnamdi,Lab Technician
3281,1634,Nnamdi Obi,Records Officer
3282,1635,Adaobi Ogundipe,Nurse
3283,1635,Chibuzor Emeka,Doctor
3284,1636,Adaobi Ibrahim,Nurse
3285,1636,Femi Adeyemi,Doctor
3286,1637,Adewale Ajayi,Doctor
3287,1637,Chidi Uzoma,Lab Technician
3288,1637,Yetunde Okonkwo,Nurse
3289,1638,Nkechi Adeyemi,Nurse
3290,1638,Hadiza Ogunleye,Nurse
3291,1639,Chioma Uzoma,Lab Technician
3292,1640,Chiamaka Okonkwo,Nurse
3293,1640,Chibuzor Ogundipe,Records Officer
3294,1641,Ikechukwu Salihu,Nurse
3295,1642,Yetunde Abubakar,Records Officer
3296,1642,Tunde Suleiman,Doctor
3297,1643,Obinna Chinedu,Nurse
3298,1643,Chukwuemeka Emeka,Doctor
3299,1644,Aisha Fashola,Lab Technician
3300,1645,Ngozi Fashola,Nurse
3301,1645,Aliyu Lawal,Lab Technician
3302,1646,Blessing Ogunleye,Nurse
3303,1646,Halima Onyeka,Doctor
3304,1646,Musa Uzoma,Records Officer
3305,1647,Abimbola Onyeka,Records Officer
3306,1648,Fatima Balogun,Nurse
3307,1649,Aliyu Bello,Nurse
3308,1649,Yusuf Onyeka,Lab Technician
3309,1650,Titilayo Onyeka,Nurse
3310,1651,Chibuzor Nnamdi,Lab Technician
3311,1651,Aisha Salihu,Doctor
3312,1652,Zainab Okafor,Nurse
3313,1652,Emeka Adeyemi,Nurse
3314,1652,Uche Okonkwo,Records Officer
3315,1653,Yetunde Salihu,Lab Technician
3316,1653,Zainab Mohammed,Doctor
3317,1654,Hadiza Fashola,Doctor
3318,1655,Obinna Uzoma,Lab Technician
3319,1655,Ayodele Onyeka,Doctor
3320,1656,Obinna Lawal,Nurse
3321,1656,Oluwaseun Adeyemi,Records Officer
3322,1657,Chioma Balogun,Nurse
3323,1657,Aisha Adebayo,Nurse
3324,1658,Abdullahi Ajayi,Doctor
3325,1658,Temitope Abubakar,Lab Technician
3326,1658,Omolara Okeke,Nurse
3327,1659,Oluwaseun Ibrahim,Lab Technician
3328,1660,Fatima Aliyu,Doctor
3329,1660,Folasade Adeyemi,Nurse
3330,1661,Hadiza Obi,Nurse
3331,1662,Nkechi Chukwu,Doctor
3332,1662,Emeka Chukwu,Records Officer
3333,1663,Kayode Ibrahim,Lab Technician
3334,1663,Oluwaseun Aliyu,Doctor
3335,1663,Funmilayo Nnamdi,Lab Technician
3336,1664,Amina Abubakar,Nurse
3337,1664,Folasade Mohammed,Nurse
3338,1664,Suleiman Chinedu,Records Officer
3339,1665,Ikechukwu Chinedu,Doctor
3340,1666,Adaeze Ogunleye,Nurse
3341,1666,Ikechukwu Fashola,Lab Technician
3342,1667,Funmilayo Ajayi,Doctor
3343,1667,Chiamaka Lawal,Nurse
3344,1667,Yusuf Aliyu,Nurse
3345,1668,Ayodele Emeka,Records Officer
3346,1668,Amina Bello,Nurse
3347,1669,Chioma Aliyu,Doctor
3348,1670,Adaobi Abubakar,Lab Technician
3349,1670,Nkechi Ogundipe,Doctor
3350,1671,Femi Salihu,Doctor
3351,1672,Bisi Nwosu,Nurse
3352,1673,Rukayat Nwosu,Lab Technician
3353,1674,Kayode Nwosu,Nurse
3354,1675,Ngozi Emeka,Nurse
3355,1675,Chioma Ogunleye,Nurse
3356,1676,Musa Emeka,Nurse
3357,1676,Uche Nwosu,Records Officer
3358,1677,Chidi Ajayi,Doctor
3359,1677,Nnamdi Abubakar,Doctor
3360,1678,Omolara Chukwu,Doctor
3361,1679,Bisi Chukwu,Nurse
3362,1680,Blessing Onyeka,Lab Technician
3363,1680,Nnamdi Suleiman,Nurse
3364,1680,Musa Chinedu,Records Officer
3365,1681,Amina Abubakar,Nurse
3366,1681,Chukwuemeka Okonkwo,Lab Technician
3367,1681,Chioma Ogundipe,Records Officer
3368,1682,Ikechukwu Suleiman,Nurse
3369,1682,Amina Emeka,Nurse
3370,1683,Adaeze Mohammed,Nurse
3371,1683,Folasade Sanni,Nurse
3372,1684,Nkechi Obi,Nurse
3373,1684,Omolara Obi,Doctor
3374,1685,Adaeze Balogun,Records Officer
3375,1685,Wale Fashola,Nurse
3376,1685,Adaeze Nnamdi,Doctor
3377,1686,Maryam Fashola,Nurse
3378,1687,Rukayat Okafor,Nurse
3379,1687,Adaobi Aliyu,Nurse
3380,1688,Musa Sanni,Doctor
3381,1688,Kayode Suleiman,Nurse
3382,1688,Kayode Nnamdi,Doctor
3383,1689,Ngozi Aliyu,Records Officer
3384,1690,Emeka Nwosu,Nurse
3385,1690,Maryam Mohammed,Doctor
3386,1691,Folasade Salihu,Doctor
3387,1691,Emeka Ibrahim,Doctor
3388,1691,Ngozi Ibrahim,Nurse
3389,1692,Aisha Afolabi,Records Officer
3390,1692,Aisha Onyeka,Nurse
3391,1692,Maryam Bello,Records Officer
3392,1693,Wale Ibrahim,Nurse
3393,1693,Simisola Salihu,Doctor
3394,1694,Chiamaka Onyeka,Nurse
3395,1694,Ibrahim Adebayo,Nurse
3396,1694,Amina Okonkwo,Nurse
3397,1695,Titilayo Yakubu,Nurse
3398,1695,Ikechukwu Eze,Records Officer
3399,1696,Chiamaka Abubakar,Lab Technician
3400,1697,Maryam Abubakar,Doctor
3401,1697,Chukwuemeka Chukwu,Nurse
3402,1698,Chukwuemeka Adeyemi,Doctor
3403,1698,Chiamaka Suleiman,Nurse
3404,1698,Ijeoma Lawal,Nurse
3405,1699,Fatima Nnamdi,Nurse
3406,1699,Emeka Uzoma,Doctor
3407,1700,Aliyu Abubakar,Doctor
3408,1700,Oluwaseun Ajayi,Doctor
3409,1700,Amina Chinedu,Nurse
3410,1701,Fatima Lawal,Records Officer
3411,1701,Adaobi Nwosu,Records Officer
3412,1702,Nnamdi Ibrahim,Nurse
3413,1702,Maryam Onyeka,Lab Technician
3414,1702,Yusuf Chukwu,Nurse
3415,1703,Adaobi Eze,Lab Technician
3416,1703,Emeka Ogundipe,Lab Technician
3417,1703,Ngozi Uzoma,Nurse
3418,1704,Tunde Uzoma,Records Officer
3419,1704,Folasade Obi,Doctor
3420,1705,Obinna Mohammed,Nurse
3421,1706,Kayode Uzoma,Doctor
3422,1707,Bashir Emeka,Lab Technician
3423,1707,Femi Chinedu,Nurse
3424,1708,Aisha Ajayi,Lab Technician
3425,1708,Maryam Fashola,Nurse
3426,1709,Temitope Okonkwo,Doctor
3427,1709,Adewale Fashola,Nurse
3428,1710,Maryam Okonkwo,Doctor
3429,1711,Rukayat Aliyu,Doctor
3430,1711,Blessing Onyeka,Doctor
3431,1712,Chibuzor Salihu,Records Officer
3432,1712,Chukwuemeka Suleiman,Nurse
3433,1713,Omolara Bello,Nurse
3434,1714,Ibrahim Uzoma,Lab Technician
3435,1714,Adaobi Uzoma,Nurse
3436,1715,Titilayo Mohammed,Doctor
3437,1715,Ijeoma Adebayo,Nurse
3438,1715,Yusuf Nnamdi,Doctor
3439,1716,Emeka Okeke,Doctor
3440,1716,Folasade Okafor,Nurse
3441,1716,Uche Salihu,Nurse
3442,1717,Suleiman Eze,Doctor
3443,1717,Chidi Adebayo,Doctor
3444,1718,Emeka Suleiman,Nurse
3445,1718,Suleiman Okafor,Lab Technician
3446,1719,Funmilayo Ajayi,Doctor
3447,1720,Abimbola Uzoma,Nurse
3448,1720,Adewale Fashola,Nurse
3449,1720,Omolara Abubakar,Doctor
3450,1721,Emeka Obi,Doctor
3451,1722,Damilare Eze,Records Officer
3452,1722,Maryam Okonkwo,Nurse
3453,1722,Rukayat Abubakar,Nurse
3454,1723,Femi Adebayo,Doctor
3455,1723,Chiamaka Adebayo,Nurse
3456,1723,Femi Balogun,Nurse
3457,1724,Abimbola Ogunleye,Nurse
3458,1724,Suleiman Bello,Nurse
3459,1725,Tunde Okonkwo,Doctor
3460,1725,Wale Balogun,Nurse
3461,1726,Abdullahi Fashola,Nurse
3462,1726,Emeka Lawal,Nurse
3463,1726,Rukayat Okafor,Doctor
3464,1727,Funmilayo Abubakar,Nurse
3465,1727,Kabiru Suleiman,Nurse
3466,1728,Ikechukwu Okonkwo,Nurse
3467,1728,Abdullahi Ajayi,Lab Technician
3468,1729,Omolara Adebayo,Records Officer
3469,1729,Femi Salihu,Doctor
3470,1730,Omolara Adebayo,Doctor
3471,1730,Temitope Salihu,Records Officer
3472,1731,Simisola Adeyemi,Nurse
3473,1731,Abdullahi Ogunleye,Nurse
3474,1731,Ijeoma Ogundipe,Doctor
3475,1732,Aliyu Lawal,Nurse
3476,1732,Amina Aliyu,Nurse
3477,1733,Femi Onyeka,Doctor
3478,1734,Wale Okeke,Nurse
3479,1735,Ngozi Uzoma,Doctor
3480,1735,Folasade Aliyu,Doctor
3481,1735,Blessing Nwosu,Doctor
3482,1736,Funmilayo Sanni,Nurse
3483,1736,Ibrahim Mohammed,Records Officer
3484,1737,Temitope Okafor,Doctor
3485,1737,Yetunde Fashola,Nurse
3486,1737,Adaeze Okonkwo,Records Officer
3487,1738,Adaeze Aliyu,Doctor
3488,1738,Ngozi Uzoma,Doctor
3489,1739,Yusuf Afolabi,Nurse
3490,1740,Abdullahi Lawal,Records Officer
3491,1740,Ikechukwu Obi,Nurse
3492,1740,Ayodele Ogunleye,Doctor
3493,1741,Halima Balogun,Records Officer
3494,1741,Ayodele Mohammed,Lab Technician
3495,1742,Abdullahi Ogundipe,Doctor
3496,1742,Temitope Lawal,Doctor
3497,1743,Yetunde Nwosu,Doctor
3498,1743,Chiamaka Okeke,Nurse
3499,1744,Nnamdi Ibrahim,Nurse
3500,1744,Ibrahim Ibrahim,Records Officer
3501,1745,Obinna Ajayi,Records Officer
3502,1745,Uche Bello,Doctor
3503,1746,Yusuf Ajayi,Nurse
3504,1746,Funmilayo Adebayo,Nurse
3505,1747,Yetunde Fashola,Lab Technician
3506,1748,Funmilayo Adebayo,Records Officer
3507,1749,Ayodele Mohammed,Lab Technician
3508,1749,Chioma Balogun,Nurse
3509,1750,Ikechukwu Nwosu,Doctor
3510,1751,Amina Sanni,Nurse
3511,1751,Segun Adebayo,Nurse
3512,1752,Blessing Bello,Lab Technician
3513,1752,Obinna Bello,Records Officer
3514,1752,Omolara Lawal,Nurse
3515,1753,Abdullahi Sanni,Nurse
3516,1754,Temitope Chukwu,Doctor
3517,1754,Hadiza Salihu,Records Officer
3518,1754,Emeka Nwosu,Doctor
3519,1755,Ngozi Adeyemi,Doctor
3520,1755,Wale Chinedu,Doctor
3521,1756,Adaobi Aliyu,Lab Technician
3522,1757,Tunde Obi,Doctor
3523,1757,Amina Aliyu,Lab Technician
3524,1758,Simisola Aliyu,Nurse
3525,1758,Titilayo Okeke,Nurse
3526,1758,Aliyu Ogunleye,Nurse
3527,1759,Damilare Chukwu,Doctor
3528,1759,Adaobi Okafor,Nurse
3529,1759,Bisi Afolabi,Nurse
3530,1760,Damilare Sanni,Nurse
3531,1760,Chiamaka Abubakar,Records Officer
3532,1761,Aliyu Onyeka,Lab Technician
3533,1762,Titilayo Ajayi,Nurse
3534,1762,Funmilayo Ajayi,Nurse
3535,1763,Blessing Balogun,Nurse
3536,1764,Segun Sanni,Doctor
3537,1765,Musa Chukwu,Nurse
3538,1765,Folasade Adebayo,Nurse
3539,1765,Kabiru Okeke,Records Officer
3540,1766,Omolara Balogun,Nurse
3541,1766,Adaeze Lawal,Lab Technician
3542,1767,Halima Ajayi,Records Officer
3543,1767,Chukwuemeka Sanni,Nurse
3544,1768,Obinna Onyeka,Lab Technician
3545,1768,Suleiman Fashola,Nurse
3546,1768,Yetunde Ogunleye,Nurse
3547,1769,Halima Ajayi,Nurse
3548,1769,Chiamaka Okonkwo,Nurse
3549,1769,Ngozi Ogunleye,Lab Technician
3550,1770,Omolara Afolabi,Nurse
3551,1770,Titilayo Eze,Nurse
3552,1771,Chioma Uzoma,Doctor
3553,1771,Titilayo Chukwu,Lab Technician
3554,1772,Funmilayo Emeka,Doctor
3555,1772,Blessing Fashola,Doctor
3556,1773,Omolara Ajayi,Nurse
3557,1774,Emeka Eze,Lab Technician
3558,1774,Omolara Nwosu,Doctor
3559,1774,Abimbola Afolabi,Lab Technician
3560,1775,Ibrahim Okafor,Nurse
3561,1776,Chibuzor Okeke,Doctor
3562,1776,Funmilayo Yakubu,Nurse
3563,1777,Omolara Nwosu,Records Officer
3564,1777,Rukayat Ajayi,Nurse
3565,1778,Folasade Bello,Nurse
3566,1779,Zainab Yakubu,Nurse
3567,1780,Wale Yakubu,Records Officer
3568,1780,Titilayo Emeka,Nurse
3569,1780,Chukwuemeka Suleiman,Doctor
3570,1781,Blessing Salihu,Nurse
3571,1782,Funmilayo Abubakar,Nurse
3572,1782,Aisha Fashola,Lab Technician
3573,1782,Damilare Ogunleye,Nurse
3574,1783,Chiamaka Nwosu,Nurse
3575,1784,Temitope Suleiman,Lab Technician
3576,1785,Yusuf Eze,Nurse
3577,1785,Zainab Okonkwo,Doctor
3578,1786,Aisha Okeke,Doctor
3579,1786,Femi Fashola,Nurse
3580,1787,Bashir Uzoma,Nurse
3581,1787,Oluwaseun Nwosu,Doctor
3582,1788,Hadiza Chukwu,Nurse
3583,1789,Fatima Emeka,Nurse
3584,1790,Yusuf Chukwu,Nurse
3585,1791,Abdullahi Adeyemi,Doctor
3586,1792,Ngozi Okafor,Nurse
3587,1792,Chukwuemeka Sanni,Nurse
3588,1793,Fatima Obi,Doctor
3589,1793,Tunde Bello,Doctor
3590,1793,Suleiman Uzoma,Lab Technician
3591,1794,Amina Adebayo,Records Officer
3592,1795,Obinna Afolabi,Lab Technician
3593,1795,Ikechukwu Ogunleye,Nurse
3594,1795,Segun Emeka,Lab Technician
3595,1796,Omolara Abubakar,Nurse
3596,1796,Yetunde Okonkwo,Nurse
3597,1797,Adaeze Nnamdi,Lab Technician
3598,1797,Maryam Bello,Nurse
3599,1797,Ngozi Yakubu,Nurse
3600,1798,Bashir Ogundipe,Records Officer
3601,1799,Adaeze Suleiman,Lab Technician
3602,1799,Chukwuemeka Mohammed,Nurse
3603,1800,Chibuzor Suleiman,Nurse
3604,1800,Yusuf Ogunleye,Records Officer
3605,1801,Kayode Uzoma,Records Officer
3606,1801,Nkechi Ibrahim,Nurse
3607,1802,Omolara Bello,Lab Technician
3608,1802,Suleiman Balogun,Nurse
3609,1803,Titilayo Okeke,Records Officer
3610,1803,Hadiza Fashola,Nurse
3611,1803,Ayodele Okeke,Nurse
3612,1804,Bisi Sanni,Records Officer
3613,1805,Abimbola Chinedu,Lab Technician
3614,1805,Hadiza Ajayi,Records Officer
3615,1806,Ijeoma Bello,Doctor
3616,1806,Temitope Emeka,Lab Technician
3617,1807,Ijeoma Suleiman,Nurse
3618,1808,Titilayo Obi,Doctor
3619,1808,Aisha Suleiman,Records Officer
3620,1808,Obinna Okafor,Nurse
3621,1809,Aliyu Ogunleye,Doctor
3622,1809,Zainab Ibrahim,Nurse
3623,1809,Ayodele Mohammed,Lab Technician
3624,1810,Obinna Nnamdi,Nurse
3625,1810,Ayodele Aliyu,Records Officer
3626,1810,Simisola Emeka,Doctor
3627,1811,Suleiman Nwosu,Nurse
3628,1811,Rukayat Uzoma,Nurse
3629,1812,Tunde Ogunleye,Nurse
3630,1813,Wale Ibrahim,Records Officer
3631,1813,Halima Fashola,Records Officer
3632,1814,Temitope Ogunleye,Nurse
3633,1814,Kabiru Eze,Doctor
3634,1814,Fatima Fashola,Lab Technician
3635,1815,Tunde Obi,Nurse
3636,1815,Yusuf Nwosu,Doctor
3637,1816,Femi Bello,Records Officer
3638,1816,Maryam Aliyu,Lab Technician
3639,1817,Folasade Emeka,Records Officer
3640,1817,Adaobi Obi,Doctor
3641,1817,Chidi Mohammed,Nurse
3642,1818,Aliyu Afolabi,Lab Technician
3643,1818,Fatima Obi,Records Officer
3644,1819,Suleiman Abubakar,Nurse
3645,1819,Simisola Ogundipe,Nurse
3646,1819,Nkechi Suleiman,Doctor
3647,1820,Chioma Suleiman,Nurse
3648,1821,Chioma Emeka,Nurse
3649,1821,Kayode Fashola,Nurse
3650,1821,Amina Ogundipe,Doctor
3651,1822,Ngozi Sanni,Nurse
3652,1822,Adaobi Mohammed,Records Officer
3653,1823,Abimbola Nnamdi,Doctor
3654,1824,Simisola Afolabi,Nurse
3655,1824,Emeka Mohammed,Lab Technician
3656,1825,Ibrahim Afolabi,Nurse
3657,1825,Kayode Nwosu,Doctor
3658,1826,Musa Lawal,Nurse
3659,1826,Omolara Eze,Doctor
3660,1827,Kayode Adeyemi,Doctor
3661,1827,Bisi Chinedu,Records Officer
3662,1827,Ijeoma Fashola,Lab Technician
3663,1828,Fatima Yakubu,Nurse
3664,1829,Omolara Nnamdi,Nurse
3665,1830,Adaeze Ibrahim,Nurse
3666,1830,Damilare Adebayo,Nurse
3667,1831,Chukwuemeka Obi,Nurse
3668,1831,Titilayo Ajayi,Nurse
3669,1832,Adaobi Adebayo,Nurse
3670,1832,Hadiza Yakubu,Nurse
3671,1833,Wale Afolabi,Nurse
3672,1833,Nkechi Ibrahim,Nurse
3673,1834,Yetunde Suleiman,Lab Technician
3674,1834,Wale Lawal,Nurse
3675,1835,Ijeoma Okeke,Records Officer
3676,1835,Simisola Ajayi,Records Officer
3677,1836,Adewale Sanni,Doctor
3678,1837,Halima Bello,Doctor
3679,1837,Folasade Mohammed,Records Officer
3680,1838,Ngozi Onyeka,Nurse
3681,1838,Musa Okonkwo,Nurse
3682,1839,Musa Bello,Nurse
3683,1839,Fatima Ogunleye,Doctor
3684,1839,Damilare Adebayo,Nurse
3685,1840,Simisola Nnamdi,Doctor
3686,1840,Simisola Obi,Doctor
3687,1840,Chibuzor Onyeka,Nurse
3688,1841,Bisi Salihu,Doctor
3689,1841,Damilare Salihu,Lab Technician
3690,1842,Ibrahim Adebayo,Doctor
3691,1842,Simisola Uzoma,Lab Technician
3692,1843,Chiamaka Lawal,Doctor
3693,1844,Rukayat Okonkwo,Nurse
3694,1844,Funmilayo Okafor,Lab Technician
3695,1845,Yetunde Ibrahim,Nurse
3696,1846,Zainab Suleiman,Doctor
3697,1846,Bashir Okafor,Nurse
3698,1847,Fatima Onyeka,Doctor
3699,1848,Kayode Ibrahim,Lab Technician
3700,1848,Chibuzor Ibrahim,Nurse
3701,1849,Suleiman Adeyemi,Nurse
3702,1849,Omolara Lawal,Lab Technician
3703,1849,Zainab Okafor,Records Officer
3704,1850,Chioma Adeyemi,Nurse
3705,1850,Nnamdi Eze,Nurse
3706,1851,Kabiru Nwosu,Doctor
3707,1851,Maryam Nwosu,Records Officer
3708,1852,Adaeze Afolabi,Doctor
3709,1852,Suleiman Obi,Nurse
3710,1853,Ngozi Salihu,Nurse
3711,1853,Suleiman Mohammed,Nurse
3712,1853,Obinna Balogun,Doctor
3713,1854,Uche Chinedu,Records Officer
3714,1854,Hadiza Nwosu,Nurse
3715,1855,Oluwaseun Nnamdi,Lab Technician
3716,1855,Ikechukwu Sanni,Nurse
3717,1856,Ijeoma Ogundipe,Records Officer
3718,1856,Amina Emeka,Nurse
3719,1857,Maryam Eze,Doctor
3720,1857,Suleiman Yakubu,Doctor
3721,1857,Zainab Mohammed,Doctor
3722,1858,Ayodele Yakubu,Lab Technician
3723,1858,Maryam Eze,Doctor
3724,1859,Obinna Obi,Nurse
3725,1859,Adewale Onyeka,Nurse
3726,1860,Uche Okafor,Lab Technician
3727,1861,Fatima Adeyemi,Records Officer
3728,1862,Blessing Okeke,Lab Technician
3729,1862,Zainab Adebayo,Nurse
3730,1863,Musa Chinedu,Lab Technician
3731,1863,Halima Ogunleye,Nurse
3732,1863,Chibuzor Uzoma,Nurse
3733,1864,Titilayo Onyeka,Records Officer
3734,1865,Chidi Chukwu,Doctor
3735,1866,Adaobi Emeka,Lab Technician
3736,1866,Nnamdi Mohammed,Nurse
3737,1866,Chiamaka Emeka,Lab Technician
3738,1867,Chukwuemeka Bello,Nurse
3739,1868,Aisha Chukwu,Doctor
3740,1868,Ikechukwu Adebayo,Doctor
3741,1869,Adaobi Ajayi,Records Officer
3742,1869,Kabiru Aliyu,Nurse
3743,1870,Emeka Bello,Doctor
3744,1871,Tunde Eze,Records Officer
3745,1871,Zainab Ajayi,Nurse
3746,1872,Ayodele Fashola,Lab Technician
3747,1872,Oluwaseun Okafor,Nurse
3748,1873,Funmilayo Eze,Nurse
3749,1873,Chukwuemeka Salihu,Nurse
3750,1874,Chiamaka Obi,Nurse
3751,1874,Funmilayo Chukwu,Nurse
3752,1874,Kayode Nwosu,Nurse
3753,1875,Kabiru Onyeka,Nurse
3754,1875,Bisi Fashola,Lab Technician
3755,1876,Abdullahi Okonkwo,Lab Technician
3756,1876,Rukayat Adebayo,Doctor
3757,1877,Adaobi Ogunleye,Nurse
3758,1877,Ayodele Chukwu,Nurse
3759,1878,Adaobi Nwosu,Lab Technician
3760,1879,Halima Salihu,Nurse
3761,1879,Maryam Salihu,Nurse
3762,1880,Adaobi Okeke,Nurse
3763,1880,Adaobi Nnamdi,Lab Technician
3764,1881,Nnamdi Eze,Doctor
3765,1882,Uche Uzoma,Nurse
3766,1882,Abdullahi Fashola,Records Officer
3767,1883,Amina Mohammed,Records Officer
3768,1883,Adaeze Balogun,Records Officer
