visit_id,patient_id,facility_id,department_id,attending_staff_id,appointment_id,visit_date,record_created_at,visit_type
1,322.0,FAC1334,1800,3604,,2026-02-05 04:00:00,2026-02-05 05:00:00,Emergency
2,835.0,FAC0308,163,326,,2026-05-19 05:00:00,2026-05-19 07:00:00,Emergency
3,,FAC0452,1283,2590,,2026-02-15 12:00:00,2026-02-15 20:00:00,Inpatient
4,,FAC0340,886,1763,,2026-02-26 04:00:00,2026-02-26 10:00:00,Outpatient
5,442.0,FAC1772,1834,3674,,2026-08-03 07:00:00,2026-08-03 10:00:00,Outpatient
6,1089.0,FAC9999,557,1103,,2026-01-02 05:00:00,2026-01-02 08:00:00,Outpatient
7,196.0,FAC0846,784,1559,,2026-05-30 01:00:00,2026-05-30 03:00:00,Inpatient
8,499.0,FAC9999,1208,2426,,2026-04-06 19:00:00,2026-04-06 23:00:00,Follow-up
9,998.0,FAC9999,1131,2262,,2026-06-04 01:00:00,2026-06-04 02:00:00,Outpatient
10,45.0,FAC1911,1214,2440,,2026-07-01 18:00:00,2026-07-02 00:00:00,Follow-up
11,772.0,FAC1178,182,363,,2026-02-17 10:00:00,2026-02-17 18:00:00,Emergency
12,,FAC0328,1310,2647,,2026-05-12 23:00:00,2026-05-13 05:00:00,Emergency
13,1229.0,FAC1387,1832,3670,,2026-01-01 23:00:00,2026-01-02 11:00:00,Inpatient
14,1.0,FAC1929,417,826,,2026-07-23 11:00:00,2026-07-23 15:00:00,Inpatient
15,480.0,FAC0561,1388,2795,,2026-04-09 20:00:00,2026-04-11 17:00:00,Follow-up
16,1095.0,FAC0089,1731,3472,,2026-03-14 10:00:00,2026-03-14 18:00:00,Unknown
17,590.0,FAC0694,823,1643,516.0,2026-03-04 14:00:00,2026-03-04 15:00:00,Outpatient
18,606.0,FAC1188,1154,2313,,2026-02-20 21:00:00,2026-02-20 23:00:00,Outpatient
19,925.0,FAC1346,1258,2538,,2026-04-20 13:00:00,2026-04-20 21:00:00,Unknown
20,,FAC1058,109,218,,2026-06-18 15:00:00,2026-06-18 23:00:00,Outpatient
21,55.0,FAC1454,237,475,,2026-02-10 17:00:00,2026-02-10 19:00:00,Unknown
22,1122.0,FAC0409,890,1771,,2026-04-15 21:00:00,2026-04-15 23:00:00,Outpatient
23,271.0,FAC9999,290,578,,2026-01-18 21:00:00,2026-01-18 23:00:00,Follow-up
24,1283.0,FAC0515,891,1772,,2026-06-24 14:00:00,2026-06-27 18:00:00,Follow-up
25,979.0,FAC0940,1182,2374,,2026-04-20 06:00:00,2026-04-20 12:00:00,Inpatient
26,310.0,FAC0307,255,511,,2026-06-25 15:00:00,2026-06-25 17:00:00,Emergency
27,319.0,FAC0507,1101,2200,,2026-08-11 04:00:00,2026-08-11 12:00:00,Emergency
28,1050.0,FAC0933,1216,2444,,2026-04-17 07:00:00,2026-04-17 19:00:00,Unknown
29,586.0,FAC1147,156,315,,2026-06-05 09:00:00,2026-06-05 13:00:00,Outpatient
30,60.0,FAC0562,73,145,,2026-03-04 14:00:00,2026-03-08 14:00:00,Inpatient
31,1102.0,FAC0498,1071,2145,,2026-08-21 22:00:00,2026-08-22 01:00:00,Inpatient
32,1429.0,FAC1104,1314,2657,,2026-02-23 04:00:00,2026-02-26 04:00:00,Follow-up
33,1228.0,FAC1743,638,1263,,2026-06-10 16:00:00,2026-06-11 00:00:00,Follow-up
34,428.0,FAC1182,1150,2303,,2026-05-03 17:00:00,2026-05-03 22:00:00,Unknown
35,1350.0,FAC0446,915,1821,,2026-02-21 21:00:00,2026-02-22 09:00:00,Follow-up
36,1168.0,FAC0711,636,1260,,2026-08-14 10:00:00,2026-08-14 14:00:00,Inpatient
37,,FAC0866,74,148,,2026-07-19 08:00:00,2026-07-19 09:00:00,Follow-up
38,724.0,FAC0297,1507,3034,,2026-06-29 13:00:00,2026-06-29 21:00:00,Emergency
39,883.0,FAC1217,337,671,,2026-08-10 07:00:00,2026-08-10 13:00:00,Outpatient
40,296.0,FAC0937,1509,3037,142.0,2026-02-16 08:00:00,2026-02-16 14:00:00,Emergency
41,510.0,FAC0910,403,795,609.0,2026-08-02 11:00:00,2026-08-02 19:00:00,Emergency
42,791.0,FAC1913,1756,3521,,2026-05-01 13:00:00,2026-05-01 18:00:00,Follow-up
43,602.0,FAC9999,953,1896,,2026-04-20 05:00:00,2026-04-20 08:00:00,Emergency
44,1184.0,FAC1014,1526,3071,,2026-07-01 11:00:00,2026-07-04 07:00:00,Outpatient
45,834.0,FAC1107,565,1116,,2026-02-05 10:00:00,2026-02-05 11:00:00,Follow-up
46,266.0,FAC0073,1089,2180,,2026-04-18 10:00:00,2026-04-18 18:00:00,Unknown
47,225.0,FAC0216,1616,3246,,2026-07-29 21:00:00,2026-07-29 22:00:00,Follow-up
48,259.0,FAC1795,1433,2888,,2026-08-13 13:00:00,2026-08-14 01:00:00,Inpatient
49,474.0,FAC0310,1121,2240,,2026-03-23 22:00:00,2026-03-23 23:00:00,Follow-up
50,442.0,FAC9999,1099,2197,,2026-06-25 08:00:00,2026-06-25 11:00:00,Outpatient
51,1179.0,FAC1365,246,492,,2026-03-19 13:00:00,2026-03-19 19:00:00,Outpatient
52,302.0,FAC9999,343,683,,2026-03-16 15:00:00,2026-03-17 03:00:00,Outpatient
53,707.0,FAC2011,526,1041,,2026-07-05 18:00:00,2026-07-06 06:00:00,Inpatient
54,239.0,FAC0040,695,1387,,2026-03-16 22:00:00,2026-03-16 23:00:00,Follow-up
55,,FAC1260,43,90,,2026-06-16 19:00:00,2026-06-17 15:00:00,Inpatient
56,600.0,FAC0915,172,342,,2026-05-23 21:00:00,2026-05-24 00:00:00,Inpatient
57,911.0,FAC0597,355,707,,2026-07-07 04:00:00,2026-07-07 05:00:00,Emergency
58,132.0,FAC0600,583,1156,,2026-08-25 12:00:00,2026-08-26 00:00:00,Follow-up
59,1495.0,FAC1795,1433,2889,,2026-01-04 12:00:00,2026-01-04 16:00:00,Follow-up
60,450.0,FAC0775,1183,2377,,2026-02-05 16:00:00,2026-02-06 00:00:00,Unknown
61,232.0,FAC9999,7,16,,2026-02-05 04:00:00,2026-02-05 05:00:00,Outpatient
62,,FAC0391,1682,3368,,2026-05-13 09:00:00,2026-05-14 05:00:00,Emergency
63,795.0,FAC1891,239,479,,2026-07-17 17:00:00,2026-07-17 21:00:00,Inpatient
64,436.0,FAC1560,1870,3743,,2026-08-06 14:00:00,2026-08-06 22:00:00,Outpatient
65,,FAC0137,1786,3578,,2026-08-29 22:00:00,2026-08-30 18:00:00,Follow-up
66,1483.0,FAC0416,931,1849,,2026-06-13 02:00:00,2026-06-13 06:00:00,Follow-up
67,688.0,FAC1874,13,31,,2026-06-23 08:00:00,2026-06-23 13:00:00,Follow-up
68,1228.0,FAC0097,1654,3317,,2026-01-07 17:00:00,2026-01-07 23:00:00,Follow-up
69,1164.0,FAC9999,512,1011,,2026-08-02 01:00:00,2026-08-02 03:00:00,Inpatient
70,536.0,FAC0772,274,547,,2026-04-05 02:00:00,2026-04-05 06:00:00,Emergency
71,1338.0,FAC0197,92,182,,2026-01-20 03:00:00,2026-01-20 09:00:00,Emergency
72,225.0,FAC1948,732,1454,,2026-03-30 16:00:00,2026-04-02 23:00:00,Outpatient
73,1073.0,FAC1872,396,783,,2026-05-11 18:00:00,2026-05-11 19:00:00,Emergency
74,1307.0,FAC0355,474,935,,2026-01-16 09:00:00,2026-01-16 10:00:00,Emergency
75,,FAC0382,444,882,,2026-04-14 12:00:00,2026-04-15 08:00:00,Emergency
76,1408.0,FAC0451,144,291,,2026-08-02 10:00:00,2026-08-02 14:00:00,Outpatient
77,1055.0,FAC1245,502,994,,2026-02-25 15:00:00,2026-02-25 20:00:00,Unknown
78,722.0,FAC1441,589,1165,,2026-01-13 06:00:00,2026-01-13 07:00:00,Outpatient
79,826.0,FAC0276,189,379,,2026-08-27 10:00:00,2026-08-27 18:00:00,Emergency
80,,FAC0589,839,1676,,2026-08-04 14:00:00,2026-08-05 10:00:00,Emergency
81,187.0,FAC0125,63,129,,2026-01-10 04:00:00,2026-01-10 16:00:00,Outpatient
82,1242.0,FAC1564,758,1504,,2026-06-27 17:00:00,2026-06-27 21:00:00,Follow-up
83,211.0,FAC0803,1313,2654,,2026-01-24 03:00:00,2026-01-24 09:00:00,Follow-up
84,1060.0,FAC1647,794,1577,,2026-01-29 02:00:00,2026-01-29 14:00:00,Follow-up
85,730.0,FAC9999,820,1638,751.0,2026-02-21 21:00:00,2026-02-22 01:00:00,Inpatient
86,135.0,FAC0262,775,1540,,2026-08-11 01:00:00,2026-08-11 07:00:00,Outpatient
87,1099.0,FAC0045,613,1213,,2026-04-06 06:00:00,2026-04-06 11:00:00,Emergency
88,1105.0,FAC0237,1212,2435,,2026-05-31 11:00:00,2026-05-31 19:00:00,Emergency
89,1446.0,FAC1848,822,1641,,2026-05-20 11:00:00,2026-05-20 15:00:00,Emergency
90,491.0,FAC9999,1799,3602,,2026-05-29 20:00:00,2026-05-30 16:00:00,Inpatient
91,327.0,FAC0298,519,1025,,2026-04-13 21:00:00,2026-04-14 00:00:00,Outpatient
92,1435.0,FAC0142,874,1741,,2026-03-27 17:00:00,2026-03-27 18:00:00,Outpatient
93,677.0,FAC0786,1279,2580,,2026-07-28 08:00:00,2026-07-30 00:00:00,Follow-up
94,994.0,FAC0953,1026,2053,,2026-08-11 06:00:00,2026-08-11 07:00:00,Inpatient
95,311.0,FAC0520,10,22,,2026-03-29 06:00:00,2026-03-29 09:00:00,Follow-up
96,981.0,FAC0136,327,653,,2026-04-21 18:00:00,2026-04-22 14:00:00,Inpatient
97,649.0,FAC0355,474,935,,2026-06-13 11:00:00,2026-06-13 12:00:00,Inpatient
98,258.0,FAC1441,590,1168,,2026-04-05 09:00:00,2026-04-05 17:00:00,Unknown
99,489.0,FAC0319,1828,3663,,2026-07-25 17:00:00,2026-07-26 05:00:00,Inpatient
100,16.0,FAC1234,1775,3560,,2026-08-23 18:00:00,2026-08-24 06:00:00,Inpatient
101,1479.0,FAC1916,1675,3355,,2026-06-13 14:00:00,2026-06-13 18:00:00,Inpatient
102,991.0,FAC1511,1793,3590,,2026-05-01 14:00:00,2026-05-01 16:00:00,Outpatient
103,1027.0,FAC9999,1658,3324,,2026-02-05 10:00:00,2026-02-05 13:00:00,Follow-up
104,,FAC1618,1229,2470,,2026-02-20 00:00:00,2026-02-20 01:00:00,Outpatient
105,170.0,FAC0495,828,1651,,2026-01-19 01:00:00,2026-01-19 04:00:00,Emergency
106,397.0,FAC0989,267,535,,2026-06-22 09:00:00,2026-06-24 11:00:00,Inpatient
107,1389.0,FAC0448,1678,3360,,2026-03-31 23:00:00,2026-04-01 11:00:00,Follow-up
108,962.0,FAC0868,1858,3722,,2026-07-13 19:00:00,2026-07-14 03:00:00,Outpatient
109,,FAC0330,1273,2569,,2026-06-11 15:00:00,2026-06-11 17:00:00,Follow-up
110,1454.0,FAC1894,676,1348,,2026-04-22 11:00:00,2026-04-25 23:00:00,Follow-up
111,,FAC1654,1439,2900,,2026-03-17 01:00:00,2026-03-17 09:00:00,Inpatient
112,,FAC1472,357,711,,2026-01-05 00:00:00,2026-01-05 06:00:00,Inpatient
113,577.0,FAC0998,299,598,,2026-06-22 12:00:00,2026-06-22 18:00:00,Inpatient
114,940.0,FAC0926,1455,2929,,2026-02-21 22:00:00,2026-02-22 01:00:00,Inpatient
115,181.0,FAC0011,1567,3154,,2026-01-20 08:00:00,2026-01-20 12:00:00,Outpatient
116,44.0,FAC0437,860,1713,,2026-06-27 09:00:00,2026-06-27 21:00:00,Inpatient
117,103.0,FAC1481,789,1566,396.0,2026-01-30 10:00:00,2026-01-30 22:00:00,Outpatient
118,674.0,FAC0232,155,312,,2026-07-10 22:00:00,2026-07-11 00:00:00,Outpatient
119,813.0,FAC0583,132,266,,2026-08-01 04:00:00,2026-08-01 12:00:00,Outpatient
120,1033.0,FAC0212,55,117,,2026-02-04 12:00:00,2026-02-08 08:00:00,Inpatient
121,536.0,FAC0082,1257,2534,,2026-08-21 10:00:00,2026-08-21 22:00:00,Inpatient
122,653.0,FAC0910,403,795,,2026-05-10 16:00:00,2026-05-10 20:00:00,Emergency
123,183.0,FAC9999,916,1823,,2026-01-28 09:00:00,2026-01-28 17:00:00,Follow-up
124,187.0,FAC0498,1071,2145,264.0,2026-03-06 12:00:00,2026-03-06 16:00:00,Follow-up
125,1298.0,FAC0845,1856,3717,,2026-08-07 09:00:00,2026-08-07 13:00:00,Inpatient
126,426.0,FAC0282,42,88,,2026-05-07 22:00:00,2026-05-08 01:00:00,Follow-up
127,748.0,FAC0366,793,1573,,2026-07-19 16:00:00,2026-07-19 19:00:00,Emergency
128,1104.0,FAC1965,734,1456,,2026-03-09 18:00:00,2026-03-09 21:00:00,Follow-up
129,264.0,FAC0082,1257,2533,,2026-01-01 01:00:00,2026-01-01 02:00:00,Unknown
130,1119.0,FAC0819,40,84,,2026-06-20 01:00:00,2026-06-20 03:00:00,Emergency
131,773.0,FAC1252,1251,2519,,2026-03-23 02:00:00,2026-03-23 03:00:00,Unknown
132,427.0,FAC0204,513,1013,,2026-05-07 03:00:00,2026-05-07 11:00:00,Unknown
133,117.0,FAC1617,1363,2752,,2026-03-02 10:00:00,2026-03-02 18:00:00,Inpatient
134,1226.0,FAC1935,710,1418,,2026-07-15 06:00:00,2026-07-15 07:00:00,Outpatient
135,120.0,FAC0422,1713,3433,,2026-07-04 01:00:00,2026-07-04 02:00:00,Inpatient
136,1133.0,FAC1566,125,255,,2026-05-14 03:00:00,2026-05-14 04:00:00,Emergency
137,1089.0,FAC1002,1605,3223,,2026-02-14 16:00:00,2026-02-14 20:00:00,Emergency
138,571.0,FAC2025,1307,2641,,2026-03-27 17:00:00,2026-03-27 20:00:00,Outpatient
139,,FAC0599,1168,2342,,2026-08-25 08:00:00,2026-08-25 12:00:00,Follow-up
140,870.0,FAC1840,782,1555,,2026-03-04 13:00:00,2026-03-04 21:00:00,Inpatient
141,1317.0,FAC1808,994,1989,,2026-05-12 02:00:00,2026-05-12 05:00:00,Inpatient
142,1301.0,FAC1932,1265,2552,,2026-05-14 02:00:00,2026-05-14 08:00:00,Emergency
143,940.0,FAC0244,1454,2926,,2026-03-07 14:00:00,2026-03-07 15:00:00,Emergency
144,1471.0,FAC0616,1721,3450,,2026-01-19 02:00:00,2026-01-19 03:00:00,Emergency
145,1124.0,FAC0786,1279,2582,,2026-06-22 23:00:00,2026-06-23 03:00:00,Unknown
146,1256.0,FAC1289,1625,3263,,2026-05-08 06:00:00,2026-05-08 18:00:00,Emergency
147,,FAC1240,1847,3698,,2026-05-23 18:00:00,2026-05-23 20:00:00,Emergency
148,1367.0,FAC1041,265,529,,2026-06-05 07:00:00,2026-06-05 19:00:00,Follow-up
149,730.0,FAC0670,1370,2765,,2026-01-08 23:00:00,2026-01-09 01:00:00,Unknown
150,995.0,FAC9999,1523,3068,,2026-05-03 22:00:00,2026-05-04 00:00:00,Follow-up
151,816.0,FAC0266,893,1775,,2026-06-18 16:00:00,2026-06-19 12:00:00,Inpatient
152,484.0,FAC0757,767,1523,,2026-05-20 16:00:00,2026-05-20 22:00:00,Outpatient
153,1493.0,FAC0308,163,326,,2026-04-12 20:00:00,2026-04-12 23:00:00,Follow-up
154,,FAC1898,1746,3504,,2026-06-01 05:00:00,2026-06-01 08:00:00,Follow-up
155,891.0,FAC0260,807,1607,,2026-05-12 22:00:00,2026-05-15 03:00:00,Outpatient
156,1433.0,FAC0498,1070,2141,,2026-02-19 14:00:00,2026-02-22 23:00:00,Outpatient
157,810.0,FAC9999,1795,3592,,2026-02-13 05:00:00,2026-02-14 01:00:00,Outpatient
158,597.0,FAC1572,866,1726,,2026-05-30 07:00:00,2026-05-30 13:00:00,Outpatient
159,663.0,FAC0307,256,513,,2026-06-09 15:00:00,2026-06-10 03:00:00,Follow-up
160,889.0,FAC0496,284,567,,2026-06-04 15:00:00,2026-06-04 23:00:00,Unknown
161,1125.0,FAC9999,45,94,112.0,2026-02-18 17:00:00,2026-02-18 23:00:00,Outpatient
162,61.0,FAC0600,584,1158,,2026-08-24 22:00:00,2026-08-25 03:00:00,Outpatient
163,903.0,FAC1418,1442,2906,,2026-08-17 12:00:00,2026-08-17 18:00:00,Follow-up
164,1194.0,FAC1112,1032,2067,,2026-05-27 02:00:00,2026-05-27 05:00:00,Emergency
165,812.0,FAC0635,1638,3290,,2026-07-25 02:00:00,2026-07-25 22:00:00,Follow-up
166,1328.0,FAC0945,151,303,,2026-08-04 09:00:00,2026-08-07 17:00:00,Follow-up
167,115.0,FAC1145,70,141,,2026-04-03 01:00:00,2026-04-03 02:00:00,Inpatient
168,553.0,FAC9999,486,962,,2026-06-30 20:00:00,2026-06-30 23:00:00,Follow-up
169,1007.0,FAC0044,1055,2112,,2026-06-13 14:00:00,2026-06-13 15:00:00,Inpatient
170,35.0,FAC0359,1207,2425,,2026-05-31 06:00:00,2026-05-31 07:00:00,Outpatient
171,1498.0,FAC0234,187,375,,2026-03-29 20:00:00,2026-03-29 21:00:00,Unknown
172,1039.0,FAC0237,1211,2434,,2026-08-02 20:00:00,2026-08-02 21:00:00,Follow-up
173,351.0,FAC1245,502,995,,2026-07-13 00:00:00,2026-07-13 08:00:00,Emergency
174,,FAC1354,281,562,,2026-02-28 06:00:00,2026-02-28 14:00:00,Inpatient
175,244.0,FAC1889,1538,3093,,2026-05-24 00:00:00,2026-05-24 08:00:00,Inpatient
176,86.0,FAC1916,1675,3354,,2026-07-20 15:00:00,2026-07-21 21:00:00,Outpatient
177,279.0,FAC0918,1772,3555,,2026-07-21 05:00:00,2026-07-21 13:00:00,Unknown
178,532.0,FAC1448,262,524,,2026-07-26 18:00:00,2026-07-27 06:00:00,Emergency
179,962.0,FAC1853,439,870,,2026-01-07 22:00:00,2026-01-08 04:00:00,Follow-up
180,1414.0,FAC9999,1671,3350,,2026-07-26 20:00:00,2026-07-27 01:00:00,Emergency
181,1359.0,FAC1948,732,1454,,2026-04-05 13:00:00,2026-04-06 01:00:00,Emergency
182,1476.0,FAC0351,90,178,,2026-05-19 15:00:00,2026-05-21 17:00:00,Emergency
183,,FAC1911,1214,2440,,2026-08-29 11:00:00,2026-08-29 15:00:00,Emergency
184,1484.0,FAC1415,610,1207,,2026-03-13 12:00:00,2026-03-13 20:00:00,Follow-up
185,1053.0,FAC0439,656,1302,,2026-06-20 23:00:00,2026-06-23 10:00:00,Inpatient
186,608.0,FAC1420,1468,2955,,2026-07-09 07:00:00,2026-07-09 13:00:00,Follow-up
187,328.0,FAC0775,1185,2380,678.0,2026-04-17 15:00:00,2026-04-17 19:00:00,Unknown
188,803.0,FAC1240,1847,3698,451.0,2026-03-18 16:00:00,2026-03-18 22:00:00,Inpatient
189,61.0,FAC1547,287,572,24.0,2026-06-19 14:00:00,2026-06-20 02:00:00,Emergency
190,965.0,FAC1615,977,1951,,2026-08-25 16:00:00,2026-08-25 21:00:00,Inpatient
191,1333.0,FAC1906,294,587,,2026-07-17 19:00:00,2026-07-20 14:00:00,Inpatient
192,1329.0,FAC0506,1235,2482,,2026-03-18 07:00:00,2026-03-21 04:00:00,Emergency
193,1097.0,FAC0842,1636,3285,,2026-04-02 00:00:00,2026-04-02 05:00:00,Emergency
194,123.0,FAC0814,1498,3017,,2026-07-04 01:00:00,2026-07-04 04:00:00,Emergency
195,950.0,FAC0508,749,1486,,2026-07-07 00:00:00,2026-07-07 01:00:00,Follow-up
196,,FAC0706,362,719,,2026-08-23 19:00:00,2026-08-23 23:00:00,Outpatient
197,958.0,FAC0977,1305,2637,,2026-02-28 23:00:00,2026-03-01 11:00:00,Inpatient
198,1209.0,FAC0755,1583,3181,,2026-03-11 20:00:00,2026-03-12 02:00:00,Unknown
199,1152.0,FAC0382,444,882,,2026-01-17 13:00:00,2026-01-17 16:00:00,Emergency
200,720.0,FAC9999,1051,2103,,2026-04-01 01:00:00,2026-04-01 04:00:00,Outpatient
201,704.0,FAC0074,555,1101,,2026-06-18 05:00:00,2026-06-19 01:00:00,Outpatient
202,430.0,FAC1545,575,1140,,2026-02-28 02:00:00,2026-02-28 05:00:00,Unknown
203,543.0,FAC1170,1119,2236,,2026-06-25 21:00:00,2026-06-26 01:00:00,Unknown
204,1007.0,FAC1224,1403,2825,,2026-08-08 10:00:00,2026-08-11 19:00:00,Outpatient
205,1478.0,FAC1656,1492,3003,,2026-08-20 03:00:00,2026-08-20 05:00:00,Inpatient
206,1346.0,FAC1853,438,869,,2026-05-28 00:00:00,2026-05-28 05:00:00,Inpatient
207,734.0,FAC0508,750,1489,,2026-08-15 14:00:00,2026-08-15 19:00:00,Inpatient
208,890.0,FAC1112,1032,2066,469.0,2026-06-22 12:00:00,2026-06-22 15:00:00,Emergency
209,1418.0,FAC0248,205,412,,2026-05-15 11:00:00,2026-05-15 23:00:00,Unknown
210,395.0,FAC0938,984,1966,,2026-07-03 21:00:00,2026-07-04 03:00:00,Unknown
211,701.0,FAC1976,539,1068,,2026-03-08 20:00:00,2026-03-11 03:00:00,Outpatient
212,1237.0,FAC0991,1494,3008,,2026-01-21 18:00:00,2026-01-25 09:00:00,Emergency
213,161.0,FAC1209,173,344,,2026-06-20 09:00:00,2026-06-20 15:00:00,Emergency
214,1402.0,FAC0077,576,1141,,2026-06-26 14:00:00,2026-06-30 09:00:00,Follow-up
215,971.0,FAC0307,256,514,,2026-05-20 03:00:00,2026-05-20 11:00:00,Follow-up
216,507.0,FAC1191,368,732,,2026-03-06 12:00:00,2026-03-06 14:00:00,Inpatient
217,178.0,FAC1855,1588,3188,,2026-08-01 15:00:00,2026-08-01 21:00:00,Follow-up
218,1479.0,FAC1419,1345,2715,704.0,2026-08-11 23:00:00,2026-08-12 02:00:00,Follow-up
219,208.0,FAC1980,478,944,,2026-07-12 13:00:00,2026-07-12 14:00:00,Unknown
220,243.0,FAC0273,980,1955,,2026-07-20 20:00:00,2026-07-21 08:00:00,Follow-up
221,29.0,FAC1250,297,594,,2026-06-09 01:00:00,2026-06-09 09:00:00,Inpatient
222,1236.0,FAC1147,156,314,,2026-03-03 00:00:00,2026-03-03 04:00:00,Emergency
223,152.0,FAC1511,1795,3592,,2026-07-10 15:00:00,2026-07-10 16:00:00,Emergency
224,67.0,FAC0304,619,1225,,2026-03-26 23:00:00,2026-03-27 19:00:00,Inpatient
225,257.0,FAC9999,1732,3475,,2026-06-30 23:00:00,2026-07-01 07:00:00,Follow-up
226,1386.0,FAC0675,420,832,,2026-02-14 06:00:00,2026-02-14 11:00:00,Inpatient
227,1088.0,FAC1084,1551,3122,,2026-05-16 01:00:00,2026-05-16 06:00:00,Emergency
228,,FAC0844,1594,3203,,2026-03-16 20:00:00,2026-03-16 23:00:00,Outpatient
229,757.0,FAC0963,273,546,,2026-07-28 07:00:00,2026-07-28 15:00:00,Emergency
230,95.0,FAC0870,682,1360,,2026-02-07 17:00:00,2026-02-07 20:00:00,Inpatient
231,505.0,FAC1490,196,393,,2026-02-03 15:00:00,2026-02-03 21:00:00,Emergency
232,776.0,FAC1527,826,1647,,2026-02-17 19:00:00,2026-02-17 21:00:00,Outpatient
233,,FAC0114,1344,2713,,2026-06-01 00:00:00,2026-06-01 05:00:00,Emergency
234,175.0,FAC1464,356,710,,2026-08-06 22:00:00,2026-08-07 02:00:00,Emergency
235,893.0,FAC1164,460,909,,2026-04-06 07:00:00,2026-04-06 09:00:00,Outpatient
236,1338.0,FAC1958,1287,2599,,2026-06-20 18:00:00,2026-06-21 06:00:00,Follow-up
237,,FAC1977,223,449,,2026-01-28 10:00:00,2026-01-28 11:00:00,Follow-up
238,1400.0,FAC0681,277,550,,2026-01-30 21:00:00,2026-01-31 09:00:00,Inpatient
239,696.0,FAC0820,729,1451,,2026-08-21 14:00:00,2026-08-21 18:00:00,Inpatient
240,,FAC0986,950,1887,,2026-02-06 21:00:00,2026-02-06 23:00:00,Outpatient
241,1032.0,FAC0429,1365,2756,92.0,2026-02-28 19:00:00,2026-02-28 22:00:00,Inpatient
242,1216.0,FAC0932,180,359,,2026-03-05 12:00:00,2026-03-05 14:00:00,Emergency
243,447.0,FAC0495,828,1652,95.0,2026-04-22 15:00:00,2026-04-22 17:00:00,Outpatient
244,281.0,FAC1048,662,1316,,2026-05-12 21:00:00,2026-05-13 09:00:00,Follow-up
245,906.0,FAC1284,2,6,,2026-03-16 11:00:00,2026-03-16 13:00:00,Emergency
246,403.0,FAC2005,1630,3273,,2026-03-07 08:00:00,2026-03-09 12:00:00,Outpatient
247,364.0,FAC1262,18,41,,2026-02-03 20:00:00,2026-02-04 04:00:00,Inpatient
248,1013.0,FAC0591,1052,2105,,2026-06-06 01:00:00,2026-06-06 05:00:00,Emergency
249,710.0,FAC0494,1199,2409,,2026-02-13 19:00:00,2026-02-14 01:00:00,Follow-up
250,813.0,FAC2022,848,1690,,2026-03-02 20:00:00,2026-03-02 21:00:00,Emergency
251,1239.0,FAC9999,14,34,550.0,2026-07-04 06:00:00,2026-07-04 11:00:00,Follow-up
252,,FAC0491,1285,2595,,2026-06-23 11:00:00,2026-06-23 16:00:00,Outpatient
253,1457.0,FAC0722,1003,2007,,2026-02-07 07:00:00,2026-02-07 15:00:00,Outpatient
254,,FAC1973,81,160,,2026-08-01 17:00:00,2026-08-01 20:00:00,Follow-up
255,147.0,FAC0121,313,622,,2026-08-12 10:00:00,2026-08-12 12:00:00,Inpatient
256,576.0,FAC0807,452,896,,2026-01-16 03:00:00,2026-01-16 23:00:00,Emergency
257,305.0,FAC9999,297,594,,2026-01-26 07:00:00,2026-01-27 03:00:00,Inpatient
258,484.0,FAC0375,668,1330,,2026-01-09 17:00:00,2026-01-09 21:00:00,Unknown
259,1377.0,FAC1845,1665,3339,,2026-05-14 03:00:00,2026-05-14 11:00:00,Inpatient
260,19.0,FAC1007,778,1547,,2026-05-18 18:00:00,2026-05-18 20:00:00,Follow-up
261,503.0,FAC0550,1866,3737,,2026-04-08 19:00:00,2026-04-08 20:00:00,Follow-up
262,1046.0,FAC0148,1401,2821,,2026-06-30 09:00:00,2026-06-30 21:00:00,Follow-up
263,378.0,FAC1499,899,1789,,2026-01-11 00:00:00,2026-01-13 00:00:00,Inpatient
264,527.0,FAC0945,151,304,,2026-07-03 03:00:00,2026-07-03 04:00:00,Unknown
265,19.0,FAC2012,1723,3455,,2026-01-30 13:00:00,2026-01-30 17:00:00,Emergency
266,748.0,FAC0044,1054,2109,,2026-07-23 20:00:00,2026-07-25 14:00:00,Emergency
267,370.0,FAC1642,191,383,,2026-04-28 00:00:00,2026-04-28 20:00:00,Unknown
268,,FAC0945,151,304,,2026-07-12 02:00:00,2026-07-12 07:00:00,Emergency
269,532.0,FAC0375,669,1332,,2026-04-18 19:00:00,2026-04-19 07:00:00,Inpatient
270,810.0,FAC1942,1159,2323,,2026-03-28 12:00:00,2026-03-28 14:00:00,Inpatient
271,,FAC1341,850,1695,,2026-01-21 07:00:00,2026-01-21 19:00:00,Follow-up
272,,FAC0670,1370,2766,,2026-06-26 21:00:00,2026-06-27 17:00:00,Follow-up
273,290.0,FAC1224,1402,2823,278.0,2026-04-19 07:00:00,2026-04-19 13:00:00,Unknown
274,276.0,FAC1490,197,394,,2026-04-13 12:00:00,2026-04-14 00:00:00,Inpatient
275,52.0,FAC0918,1774,3557,,2026-04-04 15:00:00,2026-04-04 19:00:00,Follow-up
276,401.0,FAC0932,181,362,,2026-08-05 16:00:00,2026-08-08 04:00:00,Emergency
277,96.0,FAC0210,1541,3099,,2026-07-06 04:00:00,2026-07-06 08:00:00,Emergency
278,,FAC0523,1252,2522,,2026-03-19 09:00:00,2026-03-19 17:00:00,Follow-up
279,1013.0,FAC1858,319,636,,2026-02-22 23:00:00,2026-02-23 03:00:00,Outpatient
280,,FAC1610,548,1088,,2026-01-19 14:00:00,2026-01-19 22:00:00,Outpatient
281,611.0,FAC0452,1283,2591,,2026-06-10 21:00:00,2026-06-10 23:00:00,Emergency
282,606.0,FAC0300,343,684,,2026-02-28 03:00:00,2026-02-28 11:00:00,Unknown
283,852.0,FAC0882,381,753,,2026-05-03 00:00:00,2026-05-03 05:00:00,Unknown
284,773.0,FAC0077,577,1145,,2026-05-25 12:00:00,2026-05-26 08:00:00,Follow-up
285,45.0,FAC0165,1749,3508,,2026-04-07 17:00:00,2026-04-08 13:00:00,Inpatient
286,58.0,FAC0480,5,13,,2026-05-19 07:00:00,2026-05-19 19:00:00,Unknown
287,1493.0,FAC0987,752,1491,,2026-06-26 02:00:00,2026-06-26 08:00:00,Inpatient
288,297.0,FAC1624,1396,2813,604.0,2026-06-30 19:00:00,2026-06-30 21:00:00,Inpatient
289,119.0,FAC0440,900,1792,,2026-03-26 19:00:00,2026-03-26 23:00:00,Emergency
290,90.0,FAC0995,122,248,,2026-01-13 12:00:00,2026-01-17 10:00:00,Outpatient
291,1113.0,FAC0299,153,307,,2026-02-13 04:00:00,2026-02-14 00:00:00,Unknown
292,983.0,FAC1996,515,1016,,2026-05-13 06:00:00,2026-05-13 07:00:00,Outpatient
293,234.0,FAC0722,1003,2005,,2026-06-28 18:00:00,2026-06-29 02:00:00,Outpatient
294,984.0,FAC0130,1592,3197,,2026-06-23 14:00:00,2026-06-27 11:00:00,Emergency
295,1181.0,FAC0712,1561,3144,,2026-08-17 09:00:00,2026-08-17 21:00:00,Outpatient
296,331.0,FAC1589,581,1153,,2026-01-28 15:00:00,2026-01-28 17:00:00,Outpatient
297,1119.0,FAC0164,510,1009,591.0,2026-04-15 10:00:00,2026-04-15 18:00:00,Emergency
298,,FAC1134,961,1912,,2026-06-08 17:00:00,2026-06-08 19:00:00,Outpatient
299,158.0,FAC0052,809,1612,,2026-02-24 20:00:00,2026-02-25 02:00:00,Follow-up
300,499.0,FAC1289,1624,3260,,2026-04-15 06:00:00,2026-04-15 08:00:00,Inpatient
301,945.0,FAC1170,1117,2233,,2026-08-02 11:00:00,2026-08-02 23:00:00,Inpatient
302,,FAC0701,1393,2807,,2026-04-18 19:00:00,2026-04-19 00:00:00,Follow-up
303,1000.0,FAC0979,400,789,,2026-05-10 02:00:00,2026-05-10 04:00:00,Inpatient
304,1413.0,FAC0273,980,1956,,2026-06-01 20:00:00,2026-06-01 21:00:00,Follow-up
305,342.0,FAC9999,988,1976,,2026-01-30 06:00:00,2026-01-30 07:00:00,Follow-up
306,873.0,FAC0890,145,292,,2026-03-31 06:00:00,2026-04-01 13:00:00,Outpatient
307,455.0,FAC1674,726,1447,,2026-02-19 13:00:00,2026-02-19 15:00:00,Inpatient
308,963.0,FAC9999,145,292,,2026-08-09 16:00:00,2026-08-09 22:00:00,Emergency
309,76.0,FAC0073,1089,2180,677.0,2026-08-06 01:00:00,2026-08-06 06:00:00,Outpatient
310,976.0,FAC1957,447,888,,2026-02-11 19:00:00,2026-02-12 01:00:00,Unknown
311,1057.0,FAC1281,692,1384,,2026-05-09 07:00:00,2026-05-09 13:00:00,Follow-up
312,481.0,FAC9999,1708,3425,,2026-06-03 18:00:00,2026-06-04 14:00:00,Outpatient
313,987.0,FAC1174,285,569,629.0,2026-03-13 23:00:00,2026-03-14 03:00:00,Inpatient
314,660.0,FAC0963,273,546,,2026-01-28 14:00:00,2026-01-28 19:00:00,Outpatient
315,1230.0,FAC1294,1563,3147,,2026-07-09 05:00:00,2026-07-09 11:00:00,Outpatient
316,521.0,FAC9999,1182,2373,239.0,2026-05-07 13:00:00,2026-05-07 16:00:00,Outpatient
317,1441.0,FAC0683,1536,3091,,2026-06-30 06:00:00,2026-06-30 14:00:00,Unknown
318,1426.0,FAC0966,230,462,,2026-04-12 07:00:00,2026-04-12 12:00:00,Emergency
319,201.0,FAC1132,479,946,,2026-07-05 17:00:00,2026-07-05 22:00:00,Emergency
320,193.0,FAC1492,430,850,,2026-04-10 06:00:00,2026-04-13 10:00:00,Inpatient
321,964.0,FAC1874,14,33,,2026-04-13 16:00:00,2026-04-13 22:00:00,Outpatient
322,1203.0,FAC0059,1223,2459,116.0,2026-06-28 21:00:00,2026-06-29 02:00:00,Emergency
323,1187.0,FAC0478,1666,3340,,2026-04-29 04:00:00,2026-04-29 09:00:00,Unknown
324,1252.0,FAC0275,1057,2116,,2026-08-10 05:00:00,2026-08-10 07:00:00,Follow-up
325,1303.0,FAC0272,902,1796,699.0,2026-08-17 06:00:00,2026-08-17 12:00:00,Unknown
326,821.0,FAC0846,784,1559,,2026-01-17 02:00:00,2026-01-17 06:00:00,Inpatient
327,1274.0,FAC1275,1818,3642,,2026-02-19 13:00:00,2026-02-20 01:00:00,Outpatient
328,1419.0,FAC0515,891,1772,,2026-01-31 15:00:00,2026-01-31 19:00:00,Emergency
329,23.0,FAC9999,1840,3687,,2026-08-24 05:00:00,2026-08-24 10:00:00,Inpatient
330,352.0,FAC0059,1223,2459,,2026-07-08 08:00:00,2026-07-08 10:00:00,Unknown
331,126.0,FAC1129,1522,3066,,2026-06-22 07:00:00,2026-06-22 10:00:00,Inpatient
332,,FAC0199,812,1617,,2026-08-19 00:00:00,2026-08-19 02:00:00,Outpatient
333,635.0,FAC1631,1219,2451,,2026-03-10 05:00:00,2026-03-10 10:00:00,Emergency
334,1371.0,FAC0116,290,579,,2026-01-08 05:00:00,2026-01-08 10:00:00,Inpatient
335,754.0,FAC1203,1517,3057,,2026-06-28 19:00:00,2026-06-29 00:00:00,Follow-up
336,719.0,FAC0734,771,1530,,2026-08-17 02:00:00,2026-08-17 04:00:00,Follow-up
337,134.0,FAC1721,1236,2484,,2026-04-17 08:00:00,2026-04-17 09:00:00,Emergency
338,633.0,FAC0276,189,380,,2026-03-31 06:00:00,2026-04-01 02:00:00,Outpatient
339,395.0,FAC1493,1695,3397,,2026-01-10 10:00:00,2026-01-14 07:00:00,Inpatient
340,666.0,FAC0074,555,1100,,2026-06-25 20:00:00,2026-06-25 21:00:00,Inpatient
341,156.0,FAC1531,718,1429,,2026-01-07 20:00:00,2026-01-08 00:00:00,Emergency
342,,FAC1223,714,1424,,2026-03-10 05:00:00,2026-03-10 08:00:00,Outpatient
343,,FAC1068,1192,2397,,2026-05-03 12:00:00,2026-05-03 20:00:00,Follow-up
344,1360.0,FAC0482,1097,2194,,2026-06-03 05:00:00,2026-06-03 08:00:00,Emergency
345,475.0,FAC1492,429,847,,2026-04-09 02:00:00,2026-04-09 07:00:00,Outpatient
346,134.0,FAC9999,1564,3149,,2026-07-30 17:00:00,2026-07-30 21:00:00,Outpatient
347,1273.0,FAC0888,1565,3150,,2026-07-20 09:00:00,2026-07-20 12:00:00,Emergency
348,1293.0,FAC1903,1231,2475,,2026-03-17 00:00:00,2026-03-17 08:00:00,Follow-up
349,364.0,FAC1053,1263,2548,,2026-07-10 06:00:00,2026-07-10 11:00:00,Follow-up
350,413.0,FAC1428,351,701,,2026-06-22 16:00:00,2026-06-23 12:00:00,Inpatient
351,488.0,FAC1186,1802,3608,,2026-02-23 15:00:00,2026-02-23 21:00:00,Outpatient
352,,FAC0572,1771,3552,,2026-04-22 19:00:00,2026-04-23 00:00:00,Outpatient
353,891.0,FAC0426,948,1881,,2026-07-27 09:00:00,2026-07-27 12:00:00,Emergency
354,1490.0,FAC1010,463,914,,2026-02-15 12:00:00,2026-02-15 15:00:00,Unknown
355,43.0,FAC0745,637,1262,,2026-03-10 06:00:00,2026-03-10 12:00:00,Outpatient
356,,FAC0618,1086,2173,,2026-07-14 17:00:00,2026-07-15 13:00:00,Emergency
357,558.0,FAC1897,1143,2288,,2026-08-04 20:00:00,2026-08-08 15:00:00,Inpatient
358,875.0,FAC1351,1068,2136,,2026-08-12 13:00:00,2026-08-12 18:00:00,Emergency
359,661.0,FAC9999,384,759,,2026-08-03 15:00:00,2026-08-03 23:00:00,Emergency
360,530.0,FAC1973,81,159,,2026-02-01 17:00:00,2026-02-02 13:00:00,Unknown
361,,FAC1538,6,15,,2026-07-24 18:00:00,2026-07-25 00:00:00,Emergency
362,1128.0,FAC9999,257,516,,2026-04-27 06:00:00,2026-04-27 11:00:00,Emergency
363,,FAC1648,1382,2786,,2026-06-15 12:00:00,2026-06-15 20:00:00,Follow-up
364,922.0,FAC0072,805,1601,,2026-05-18 19:00:00,2026-05-19 00:00:00,Follow-up
365,837.0,FAC0531,30,65,,2026-01-28 14:00:00,2026-01-28 15:00:00,Follow-up
366,106.0,FAC1369,1100,2198,,2026-08-05 08:00:00,2026-08-08 01:00:00,Outpatient
367,54.0,FAC0945,152,305,,2026-07-24 16:00:00,2026-07-24 21:00:00,Follow-up
368,690.0,FAC0276,189,379,,2026-05-03 11:00:00,2026-05-03 19:00:00,Follow-up
369,668.0,FAC1371,1360,2745,,2026-06-17 10:00:00,2026-06-17 12:00:00,Follow-up
370,41.0,FAC1625,1781,3570,,2026-04-09 15:00:00,2026-04-09 20:00:00,Emergency
371,1482.0,FAC1222,1058,2117,,2026-02-16 06:00:00,2026-02-16 11:00:00,Unknown
372,754.0,FAC1563,1830,3666,,2026-08-16 20:00:00,2026-08-17 04:00:00,Emergency
373,570.0,FAC0708,36,76,,2026-07-14 00:00:00,2026-07-14 06:00:00,Unknown
374,1449.0,FAC0757,767,1523,,2026-07-22 07:00:00,2026-07-22 19:00:00,Emergency
375,94.0,FAC1517,571,1133,,2026-07-31 22:00:00,2026-08-01 03:00:00,Inpatient
376,1149.0,FAC0622,1488,2996,,2026-01-19 15:00:00,2026-01-20 11:00:00,Inpatient
377,679.0,FAC1024,1700,3407,,2026-02-01 09:00:00,2026-02-01 10:00:00,Inpatient
378,115.0,FAC1415,610,1207,,2026-08-08 07:00:00,2026-08-09 03:00:00,Emergency
379,,FAC0598,1645,3300,,2026-04-20 23:00:00,2026-04-21 02:00:00,Follow-up
380,617.0,FAC0905,1649,3307,,2026-07-22 02:00:00,2026-07-22 10:00:00,Inpatient
381,1325.0,FAC1134,961,1913,,2026-05-27 07:00:00,2026-05-27 15:00:00,Unknown
382,790.0,FAC1382,1259,2540,,2026-03-24 16:00:00,2026-03-24 22:00:00,Inpatient
383,1475.0,FAC0708,36,75,,2026-01-06 02:00:00,2026-01-06 05:00:00,Follow-up
384,1184.0,FAC0200,1028,2058,,2026-06-03 10:00:00,2026-06-03 12:00:00,Inpatient
385,603.0,FAC1284,3,8,,2026-02-07 22:00:00,2026-02-08 10:00:00,Follow-up
386,,FAC1413,649,1287,,2026-07-14 15:00:00,2026-07-14 16:00:00,Inpatient
387,,FAC0068,721,1435,,2026-02-07 01:00:00,2026-02-07 05:00:00,Follow-up
388,520.0,FAC1422,394,778,,2026-06-24 09:00:00,2026-06-24 13:00:00,Unknown
389,,FAC1386,754,1498,,2026-04-07 23:00:00,2026-04-08 03:00:00,Inpatient
390,1101.0,FAC2033,192,384,,2026-06-22 04:00:00,2026-06-22 08:00:00,Inpatient
391,901.0,FAC1303,690,1381,,2026-04-18 02:00:00,2026-04-18 14:00:00,Unknown
392,451.0,FAC1842,840,1677,,2026-08-15 14:00:00,2026-08-15 19:00:00,Emergency
393,732.0,FAC0842,1636,3285,,2026-04-29 13:00:00,2026-04-29 16:00:00,Follow-up
394,279.0,FAC0179,1680,3364,,2026-03-04 12:00:00,2026-03-05 00:00:00,Unknown
395,85.0,FAC0977,1305,2637,,2026-06-07 17:00:00,2026-06-08 05:00:00,Follow-up
396,1016.0,FAC0271,489,966,170.0,2026-08-08 11:00:00,2026-08-08 16:00:00,Emergency
397,491.0,FAC9999,1220,2452,,2026-08-03 16:00:00,2026-08-03 22:00:00,Inpatient
398,726.0,FAC0830,1104,2207,700.0,2026-02-18 14:00:00,2026-02-19 02:00:00,Emergency
399,57.0,FAC1506,1658,3325,,2026-05-02 12:00:00,2026-05-03 00:00:00,Follow-up
400,974.0,FAC1681,1047,2096,,2026-01-07 08:00:00,2026-01-07 11:00:00,Outpatient
401,984.0,FAC0606,1811,3627,,2026-04-30 11:00:00,2026-04-30 13:00:00,Emergency
402,912.0,FAC0310,1121,2240,,2026-02-21 09:00:00,2026-02-22 15:00:00,Outpatient
403,965.0,FAC0600,582,1154,,2026-06-16 06:00:00,2026-06-18 20:00:00,Outpatient
404,,FAC0431,1472,2963,,2026-07-03 01:00:00,2026-07-03 06:00:00,Outpatient
405,838.0,FAC0850,1489,2997,,2026-04-12 11:00:00,2026-04-13 07:00:00,Inpatient
406,595.0,FAC0382,444,882,,2026-03-09 10:00:00,2026-03-09 14:00:00,Emergency
407,1346.0,FAC1611,1232,2476,,2026-04-04 07:00:00,2026-04-04 13:00:00,Inpatient
408,411.0,FAC2012,1724,3458,,2026-02-03 13:00:00,2026-02-03 21:00:00,Outpatient
409,1400.0,FAC1231,1186,2382,,2026-07-15 00:00:00,2026-07-15 01:00:00,Emergency
410,60.0,FAC0906,871,1736,631.0,2026-05-27 23:00:00,2026-05-28 01:00:00,Unknown
411,503.0,FAC0638,113,228,,2026-05-30 21:00:00,2026-05-31 03:00:00,Follow-up
412,162.0,FAC0129,148,297,,2026-06-26 19:00:00,2026-06-29 11:00:00,Follow-up
413,,FAC1294,1562,3145,,2026-01-23 17:00:00,2026-01-23 19:00:00,Emergency
414,441.0,FAC0414,938,1863,,2026-04-25 08:00:00,2026-04-25 16:00:00,Follow-up
415,639.0,FAC0890,147,296,,2026-03-20 15:00:00,2026-03-21 03:00:00,Follow-up
416,191.0,FAC9999,1744,3500,,2026-06-14 20:00:00,2026-06-15 04:00:00,Follow-up
417,1.0,FAC0514,1254,2525,,2026-07-04 14:00:00,2026-07-04 22:00:00,Follow-up
418,1334.0,FAC1382,1259,2540,,2026-05-21 04:00:00,2026-05-21 05:00:00,Emergency
419,273.0,FAC1871,1336,2699,,2026-04-14 10:00:00,2026-04-14 16:00:00,Outpatient
420,,FAC1583,981,1958,,2026-01-18 08:00:00,2026-01-18 11:00:00,Inpatient
421,475.0,FAC1767,1298,2624,,2026-07-06 05:00:00,2026-07-08 09:00:00,Follow-up
422,,FAC0573,791,1568,488.0,2026-01-05 10:00:00,2026-01-05 15:00:00,Follow-up
423,496.0,FAC0773,1278,2579,,2026-05-17 13:00:00,2026-05-19 05:00:00,Inpatient
424,,FAC2023,127,258,,2026-04-01 02:00:00,2026-04-01 06:00:00,Outpatient
425,796.0,FAC1062,989,1977,,2026-01-09 09:00:00,2026-01-09 21:00:00,Emergency
426,499.0,FAC1408,844,1684,,2026-05-22 18:00:00,2026-05-22 20:00:00,Emergency
427,1025.0,FAC1341,849,1693,,2026-02-12 08:00:00,2026-02-12 20:00:00,Unknown
428,620.0,FAC9999,1632,3277,,2026-01-01 06:00:00,2026-01-01 12:00:00,Emergency
429,212.0,FAC1256,518,1024,,2026-08-27 23:00:00,2026-08-28 02:00:00,Inpatient
430,1034.0,FAC1508,1460,2938,,2026-06-15 07:00:00,2026-06-15 13:00:00,Outpatient
431,1397.0,FAC1193,1004,2008,,2026-07-13 13:00:00,2026-07-13 21:00:00,Unknown
432,1018.0,FAC1818,1747,3505,,2026-03-19 03:00:00,2026-03-19 07:00:00,Outpatient
433,417.0,FAC1563,1830,3666,,2026-01-20 16:00:00,2026-01-20 20:00:00,Outpatient
434,728.0,FAC0989,267,536,,2026-04-06 06:00:00,2026-04-06 11:00:00,Follow-up
435,652.0,FAC0347,1441,2905,,2026-07-28 02:00:00,2026-07-28 08:00:00,Inpatient
436,1274.0,FAC9999,1797,3599,,2026-07-18 17:00:00,2026-07-18 23:00:00,Inpatient
437,244.0,FAC1739,1301,2630,,2026-05-21 19:00:00,2026-05-24 20:00:00,Emergency
438,1276.0,FAC0097,1653,3315,109.0,2026-06-08 01:00:00,2026-06-08 21:00:00,Emergency
439,1388.0,FAC9999,1320,2666,640.0,2026-01-20 05:00:00,2026-01-21 01:00:00,Follow-up
440,740.0,FAC1415,610,1207,,2026-08-03 03:00:00,2026-08-03 11:00:00,Follow-up
441,1272.0,FAC9999,639,1266,,2026-02-25 17:00:00,2026-02-25 21:00:00,Outpatient
442,452.0,FAC0830,1104,2207,,2026-05-17 18:00:00,2026-05-17 20:00:00,Outpatient
443,,FAC1543,1367,2760,,2026-05-17 02:00:00,2026-05-17 07:00:00,Follow-up
444,531.0,FAC0594,348,693,,2026-06-30 19:00:00,2026-06-30 22:00:00,Emergency
445,,FAC0965,1727,3465,,2026-06-26 19:00:00,2026-06-27 01:00:00,Follow-up
446,496.0,FAC0701,1393,2806,,2026-08-04 18:00:00,2026-08-04 20:00:00,Inpatient
447,1055.0,FAC0577,120,244,,2026-02-09 15:00:00,2026-02-09 19:00:00,Emergency
448,,FAC0345,168,335,,2026-07-05 12:00:00,2026-07-05 14:00:00,Inpatient
449,172.0,FAC1010,461,910,,2026-08-14 20:00:00,2026-08-15 02:00:00,Emergency
450,111.0,FAC0240,360,716,,2026-03-24 07:00:00,2026-03-24 08:00:00,Inpatient
451,630.0,FAC9999,112,227,,2026-01-03 14:00:00,2026-01-04 02:00:00,Outpatient
452,1459.0,FAC1382,1259,2539,,2026-08-17 01:00:00,2026-08-17 09:00:00,Emergency
453,1125.0,FAC1375,1152,2308,,2026-06-19 10:00:00,2026-06-19 16:00:00,Follow-up
454,1450.0,FAC1695,763,1515,,2026-03-02 23:00:00,2026-03-03 04:00:00,Unknown
455,622.0,FAC0139,1860,3726,,2026-07-20 17:00:00,2026-07-20 20:00:00,Outpatient
456,833.0,FAC0989,266,531,,2026-08-08 19:00:00,2026-08-09 00:00:00,Emergency
457,113.0,FAC1174,285,569,,2026-03-20 21:00:00,2026-03-22 17:00:00,Outpatient
458,859.0,FAC0282,42,88,,2026-08-23 22:00:00,2026-08-24 06:00:00,Follow-up
459,1262.0,FAC9999,1294,2616,,2026-01-05 01:00:00,2026-01-05 21:00:00,Inpatient
460,1361.0,FAC1250,296,591,,2026-02-04 23:00:00,2026-02-05 01:00:00,Follow-up
461,290.0,FAC0335,998,1996,,2026-07-31 16:00:00,2026-07-31 19:00:00,Inpatient
462,172.0,FAC0288,1291,2609,,2026-07-27 15:00:00,2026-07-27 21:00:00,Follow-up
463,1332.0,FAC0760,311,619,,2026-08-02 19:00:00,2026-08-03 03:00:00,Inpatient
464,1084.0,FAC0212,55,117,,2026-06-11 08:00:00,2026-06-11 20:00:00,Outpatient
465,8.0,FAC0988,1395,2811,,2026-03-30 18:00:00,2026-03-30 22:00:00,Inpatient
466,1299.0,FAC0875,1243,2502,,2026-08-25 20:00:00,2026-08-26 02:00:00,Unknown
467,272.0,FAC1918,244,488,,2026-06-10 14:00:00,2026-06-10 15:00:00,Inpatient
468,299.0,FAC2039,293,585,,2026-01-12 20:00:00,2026-01-13 08:00:00,Unknown
469,696.0,FAC0695,1051,2103,,2026-05-07 23:00:00,2026-05-11 04:00:00,Emergency
470,392.0,FAC9999,1510,3041,,2026-04-29 03:00:00,2026-04-29 06:00:00,Emergency
471,605.0,FAC1079,165,331,,2026-02-17 22:00:00,2026-02-17 23:00:00,Emergency
472,1049.0,FAC1006,1272,2565,371.0,2026-06-14 00:00:00,2026-06-16 10:00:00,Follow-up
473,779.0,FAC0531,30,65,,2026-03-15 17:00:00,2026-03-15 18:00:00,Inpatient
474,373.0,FAC0567,1478,2975,,2026-01-04 13:00:00,2026-01-04 19:00:00,Emergency
475,978.0,FAC1916,1675,3354,,2026-04-26 12:00:00,2026-04-26 18:00:00,Unknown
476,,FAC0114,1344,2712,,2026-03-07 02:00:00,2026-03-07 22:00:00,Emergency
477,,FAC1264,817,1631,,2026-03-08 06:00:00,2026-03-08 07:00:00,Outpatient
478,797.0,FAC1885,1703,3417,,2026-06-10 11:00:00,2026-06-10 19:00:00,Unknown
479,1055.0,FAC0910,403,795,609.0,2026-05-16 16:00:00,2026-05-17 12:00:00,Follow-up
480,781.0,FAC1371,1360,2745,,2026-04-19 22:00:00,2026-04-20 02:00:00,Outpatient
481,798.0,FAC2041,379,750,,2026-01-14 13:00:00,2026-01-14 16:00:00,Inpatient
482,1212.0,FAC0292,1581,3179,,2026-08-15 02:00:00,2026-08-15 04:00:00,Inpatient
483,783.0,FAC1950,1043,2088,,2026-08-25 08:00:00,2026-08-25 20:00:00,Emergency
484,916.0,FAC1713,1248,2511,,2026-07-12 18:00:00,2026-07-12 19:00:00,Inpatient
485,35.0,FAC0986,950,1888,,2026-03-26 03:00:00,2026-03-26 08:00:00,Emergency
486,504.0,FAC9999,1364,2754,,2026-02-13 22:00:00,2026-02-14 03:00:00,Emergency
487,1207.0,FAC0922,140,281,,2026-07-12 03:00:00,2026-07-12 08:00:00,Follow-up
488,1154.0,FAC0378,1519,3061,,2026-01-13 11:00:00,2026-01-13 15:00:00,Unknown
489,263.0,FAC0694,824,1644,,2026-03-03 18:00:00,2026-03-04 00:00:00,Outpatient
490,838.0,FAC1938,1810,3624,,2026-02-25 20:00:00,2026-02-25 21:00:00,Emergency
491,453.0,FAC0286,1361,2749,,2026-06-18 23:00:00,2026-06-19 07:00:00,Follow-up
492,1140.0,FAC9999,13,29,,2026-08-10 16:00:00,2026-08-11 12:00:00,Follow-up
493,1284.0,FAC1352,1528,3077,,2026-07-11 13:00:00,2026-07-11 19:00:00,Follow-up
494,1354.0,FAC2031,1293,2613,,2026-06-01 05:00:00,2026-06-02 20:00:00,Inpatient
495,326.0,FAC0196,1646,3304,,2026-08-20 05:00:00,2026-08-21 01:00:00,Outpatient
496,227.0,FAC1229,1420,2860,,2026-02-25 04:00:00,2026-02-25 08:00:00,Emergency
497,86.0,FAC9999,385,760,,2026-08-18 16:00:00,2026-08-19 12:00:00,Emergency
498,,FAC1288,801,1591,,2026-03-18 21:00:00,2026-03-19 05:00:00,Follow-up
499,839.0,FAC0422,1713,3433,,2026-05-07 16:00:00,2026-05-11 09:00:00,Follow-up
500,664.0,FAC9999,511,1010,,2026-02-26 15:00:00,2026-02-26 20:00:00,Emergency
501,667.0,FAC1133,1082,2164,398.0,2026-03-27 04:00:00,2026-03-28 16:00:00,Inpatient
502,1303.0,FAC0301,659,1310,,2026-01-21 15:00:00,2026-01-21 21:00:00,Emergency
503,1453.0,FAC0452,1283,2591,,2026-06-03 20:00:00,2026-06-07 07:00:00,Follow-up
504,1101.0,FAC9999,503,998,,2026-04-28 08:00:00,2026-04-28 10:00:00,Outpatient
505,1303.0,FAC0178,1320,2666,,2026-05-15 12:00:00,2026-05-15 15:00:00,Unknown
506,662.0,FAC9999,829,1655,,2026-08-03 23:00:00,2026-08-04 01:00:00,Follow-up
507,527.0,FAC1647,796,1581,,2026-02-27 08:00:00,2026-02-27 16:00:00,Emergency
508,,FAC0309,1470,2958,,2026-07-16 11:00:00,2026-07-16 19:00:00,Emergency
509,229.0,FAC9999,1677,3358,,2026-04-14 14:00:00,2026-04-15 10:00:00,Follow-up
510,1480.0,FAC2008,437,865,,2026-08-22 01:00:00,2026-08-23 09:00:00,Emergency
511,1033.0,FAC0723,1376,2777,,2026-01-16 03:00:00,2026-01-16 11:00:00,Inpatient
512,78.0,FAC0011,1568,3157,,2026-07-14 23:00:00,2026-07-15 05:00:00,Follow-up
513,1310.0,FAC0632,1224,2460,,2026-02-14 08:00:00,2026-02-14 11:00:00,Inpatient
514,576.0,FAC1526,974,1942,745.0,2026-05-19 23:00:00,2026-05-20 03:00:00,Unknown
515,,FAC0347,1441,2905,,2026-02-12 15:00:00,2026-02-12 23:00:00,Follow-up
516,100.0,FAC1702,1037,2079,,2026-06-10 16:00:00,2026-06-10 21:00:00,Unknown
517,1422.0,FAC1611,1232,2476,,2026-01-22 20:00:00,2026-01-23 16:00:00,Outpatient
518,17.0,FAC1245,503,997,346.0,2026-02-22 06:00:00,2026-02-22 11:00:00,Outpatient
519,684.0,FAC1600,136,274,666.0,2026-02-26 14:00:00,2026-02-26 18:00:00,Emergency
520,1080.0,FAC1005,1487,2995,,2026-04-13 23:00:00,2026-04-17 00:00:00,Outpatient
521,709.0,FAC0725,1751,3510,,2026-03-08 08:00:00,2026-03-08 16:00:00,Outpatient
522,502.0,FAC1362,639,1266,,2026-02-09 12:00:00,2026-02-09 13:00:00,Follow-up
523,548.0,FAC0185,904,1800,,2026-07-31 12:00:00,2026-07-31 15:00:00,Follow-up
524,99.0,FAC9999,257,515,,2026-03-27 23:00:00,2026-03-28 03:00:00,Follow-up
525,1427.0,FAC1818,1747,3505,320.0,2026-07-23 09:00:00,2026-07-23 11:00:00,Outpatient
526,1415.0,FAC9999,1123,2244,,2026-07-01 16:00:00,2026-07-01 22:00:00,Follow-up
527,1284.0,FAC0916,832,1660,,2026-02-09 16:00:00,2026-02-12 22:00:00,Outpatient
528,176.0,FAC0760,311,619,,2026-03-24 23:00:00,2026-03-25 03:00:00,Inpatient
529,41.0,FAC1358,1622,3258,,2026-05-08 14:00:00,2026-05-08 20:00:00,Emergency
530,285.0,FAC0200,1029,2061,,2026-08-23 05:00:00,2026-08-23 13:00:00,Inpatient
531,533.0,FAC9999,780,1551,,2026-06-05 11:00:00,2026-06-05 19:00:00,Follow-up
532,1049.0,FAC1890,1206,2423,,2026-03-15 23:00:00,2026-03-16 07:00:00,Outpatient
533,1150.0,FAC1425,835,1666,,2026-07-18 00:00:00,2026-07-18 12:00:00,Emergency
534,1365.0,FAC9999,155,312,418.0,2026-08-17 18:00:00,2026-08-17 20:00:00,Outpatient
535,990.0,FAC9999,857,1709,,2026-04-05 02:00:00,2026-04-05 05:00:00,Emergency
536,197.0,FAC0430,553,1096,,2026-06-04 05:00:00,2026-06-04 11:00:00,Inpatient
537,206.0,FAC0381,1261,2545,,2026-08-23 08:00:00,2026-08-27 00:00:00,Inpatient
538,1379.0,FAC0585,966,1922,29.0,2026-03-04 16:00:00,2026-03-04 22:00:00,Follow-up
539,902.0,FAC0079,499,986,,2026-04-22 11:00:00,2026-04-22 19:00:00,Emergency
540,76.0,FAC1515,1096,2193,,2026-01-05 11:00:00,2026-01-05 17:00:00,Emergency
541,1255.0,FAC1593,1356,2739,,2026-06-16 22:00:00,2026-06-17 02:00:00,Unknown
542,885.0,FAC1321,407,803,,2026-05-01 21:00:00,2026-05-02 09:00:00,Outpatient
543,841.0,FAC9999,622,1231,737.0,2026-05-25 05:00:00,2026-05-25 08:00:00,Outpatient
544,,FAC1122,1554,3129,,2026-07-16 19:00:00,2026-07-16 20:00:00,Follow-up
545,1422.0,FAC1564,758,1504,,2026-03-18 03:00:00,2026-03-18 09:00:00,Inpatient
546,1216.0,FAC1592,663,1318,,2026-04-30 03:00:00,2026-04-30 04:00:00,Outpatient
547,253.0,FAC1114,203,409,,2026-06-14 08:00:00,2026-06-14 20:00:00,Follow-up
548,469.0,FAC0216,1616,3246,,2026-06-07 08:00:00,2026-06-07 12:00:00,Outpatient
549,1351.0,FAC9999,1536,3091,,2026-06-27 17:00:00,2026-06-28 05:00:00,Inpatient
550,722.0,FAC1377,314,625,,2026-04-30 16:00:00,2026-04-30 22:00:00,Follow-up
551,213.0,FAC1984,472,931,,2026-03-29 08:00:00,2026-03-29 20:00:00,Emergency
552,806.0,FAC0434,176,349,,2026-03-26 20:00:00,2026-03-27 02:00:00,Follow-up
553,1269.0,FAC2036,393,777,,2026-03-22 04:00:00,2026-03-22 08:00:00,Inpatient
554,,FAC0722,1001,2002,,2026-03-31 17:00:00,2026-03-31 18:00:00,Emergency
555,1225.0,FAC2000,906,1803,,2026-08-02 15:00:00,2026-08-02 21:00:00,Outpatient
556,838.0,FAC1903,1231,2475,,2026-01-12 04:00:00,2026-01-13 00:00:00,Unknown
557,1312.0,FAC0837,1181,2372,,2026-07-18 06:00:00,2026-07-18 14:00:00,Inpatient
558,438.0,FAC1853,439,870,,2026-04-24 00:00:00,2026-04-24 05:00:00,Outpatient
559,209.0,FAC1960,870,1733,,2026-04-13 18:00:00,2026-04-14 06:00:00,Outpatient
560,1495.0,FAC1984,472,931,,2026-06-21 18:00:00,2026-06-22 06:00:00,Inpatient
561,596.0,FAC1972,1837,3678,,2026-05-23 11:00:00,2026-05-23 17:00:00,Emergency
562,86.0,FAC1456,1874,3752,,2026-07-02 06:00:00,2026-07-02 18:00:00,Unknown
563,1463.0,FAC9999,694,1386,23.0,2026-04-14 01:00:00,2026-04-14 03:00:00,Follow-up
564,392.0,FAC1121,46,98,,2026-07-31 12:00:00,2026-07-31 14:00:00,Unknown
565,943.0,FAC0129,148,297,,2026-06-07 21:00:00,2026-06-07 22:00:00,Outpatient
566,215.0,FAC1227,1416,2852,,2026-07-11 01:00:00,2026-07-11 09:00:00,Unknown
567,1324.0,FAC1272,1077,2155,,2026-05-28 01:00:00,2026-05-28 13:00:00,Unknown
568,1224.0,FAC0443,1312,2652,,2026-05-16 10:00:00,2026-05-20 00:00:00,Outpatient
569,1442.0,FAC1577,744,1473,,2026-01-29 23:00:00,2026-02-02 08:00:00,Inpatient
570,1126.0,FAC0119,1247,2510,,2026-04-19 14:00:00,2026-04-22 03:00:00,Inpatient
571,406.0,FAC0924,655,1300,,2026-05-05 07:00:00,2026-05-06 16:00:00,Emergency
572,1080.0,FAC1792,1315,2658,197.0,2026-01-12 15:00:00,2026-01-12 16:00:00,Follow-up
573,273.0,FAC9999,241,481,,2026-05-18 06:00:00,2026-05-18 11:00:00,Outpatient
574,438.0,FAC1059,1826,3659,,2026-07-25 11:00:00,2026-07-25 13:00:00,Inpatient
575,15.0,FAC1304,1149,2301,,2026-03-11 06:00:00,2026-03-11 07:00:00,Follow-up
576,635.0,FAC1091,1719,3446,,2026-05-07 20:00:00,2026-05-11 09:00:00,Inpatient
577,830.0,FAC9999,808,1609,722.0,2026-06-22 07:00:00,2026-06-22 13:00:00,Follow-up
578,1490.0,FAC1871,1336,2698,,2026-04-16 14:00:00,2026-04-18 22:00:00,Emergency
579,46.0,FAC0585,966,1923,,2026-06-30 21:00:00,2026-06-30 22:00:00,Unknown
580,935.0,FAC0965,1726,3463,,2026-07-25 11:00:00,2026-07-25 19:00:00,Emergency
581,,FAC0044,1055,2112,,2026-07-31 00:00:00,2026-07-31 20:00:00,Inpatient
582,702.0,FAC9999,1837,3678,,2026-06-21 13:00:00,2026-06-21 17:00:00,Follow-up
583,1211.0,FAC0799,1521,3065,,2026-07-01 02:00:00,2026-07-02 11:00:00,Follow-up
584,1195.0,FAC0782,804,1597,,2026-01-23 04:00:00,2026-01-23 07:00:00,Inpatient
585,341.0,FAC0850,1489,2998,,2026-03-09 20:00:00,2026-03-12 04:00:00,Emergency
586,326.0,FAC0842,1636,3285,,2026-01-22 03:00:00,2026-01-22 15:00:00,Inpatient
587,683.0,FAC0292,1580,3177,,2026-04-11 10:00:00,2026-04-11 22:00:00,Unknown
588,1289.0,FAC0940,1182,2375,,2026-04-07 11:00:00,2026-04-07 15:00:00,Inpatient
589,,FAC0417,697,1391,,2026-03-13 09:00:00,2026-03-13 11:00:00,Outpatient
590,200.0,FAC9999,968,1928,,2026-05-17 21:00:00,2026-05-18 03:00:00,Outpatient
591,783.0,FAC1518,392,776,,2026-02-18 16:00:00,2026-02-18 17:00:00,Emergency
592,119.0,FAC0412,271,542,,2026-05-22 20:00:00,2026-05-23 16:00:00,Outpatient
593,1215.0,FAC1794,1294,2616,,2026-04-24 23:00:00,2026-04-25 07:00:00,Emergency
594,205.0,FAC0926,1456,2931,,2026-07-19 08:00:00,2026-07-19 20:00:00,Unknown
595,783.0,FAC1329,484,957,,2026-02-04 05:00:00,2026-02-04 06:00:00,Outpatient
596,1356.0,FAC0353,485,960,,2026-03-04 06:00:00,2026-03-04 10:00:00,Emergency
597,123.0,FAC1011,491,969,,2026-01-29 05:00:00,2026-01-29 17:00:00,Inpatient
598,425.0,FAC1491,1011,2022,,2026-01-03 06:00:00,2026-01-03 07:00:00,Follow-up
599,809.0,FAC1506,1660,3328,,2026-04-30 15:00:00,2026-05-04 13:00:00,Outpatient
600,864.0,FAC0320,1868,3739,,2026-06-20 15:00:00,2026-06-20 23:00:00,Outpatient
601,1114.0,FAC1772,1834,3673,,2026-07-18 14:00:00,2026-07-18 22:00:00,Unknown
602,1237.0,FAC1273,1383,2788,,2026-01-01 15:00:00,2026-01-01 23:00:00,Follow-up
603,135.0,FAC2031,1293,2613,444.0,2026-02-17 03:00:00,2026-02-17 15:00:00,Inpatient
604,578.0,FAC9999,74,146,,2026-05-15 16:00:00,2026-05-16 00:00:00,Outpatient
605,614.0,FAC0506,1235,2483,,2026-05-09 12:00:00,2026-05-09 16:00:00,Outpatient
606,1375.0,FAC1394,416,824,,2026-04-10 09:00:00,2026-04-10 15:00:00,Unknown
607,1260.0,FAC9999,476,938,,2026-04-30 09:00:00,2026-04-30 11:00:00,Outpatient
608,76.0,FAC0508,750,1488,,2026-07-03 21:00:00,2026-07-04 01:00:00,Outpatient
609,513.0,FAC0068,722,1438,,2026-05-25 23:00:00,2026-05-26 11:00:00,Outpatient
610,612.0,FAC1135,422,835,,2026-03-28 21:00:00,2026-03-28 23:00:00,Unknown
611,109.0,FAC1246,1281,2586,,2026-05-22 02:00:00,2026-05-22 08:00:00,Outpatient
612,814.0,FAC0110,346,689,,2026-02-06 18:00:00,2026-02-07 02:00:00,Follow-up
613,23.0,FAC1800,1805,3614,,2026-03-12 05:00:00,2026-03-12 07:00:00,Emergency
614,506.0,FAC0410,1743,3498,,2026-06-03 07:00:00,2026-06-03 15:00:00,Inpatient
615,699.0,FAC0926,1455,2929,,2026-04-13 00:00:00,2026-04-13 03:00:00,Inpatient
616,868.0,FAC0693,211,425,,2026-07-08 00:00:00,2026-07-08 20:00:00,Unknown
617,566.0,FAC9999,682,1359,,2026-01-03 04:00:00,2026-01-03 08:00:00,Inpatient
618,754.0,FAC1418,1443,2908,,2026-03-01 16:00:00,2026-03-01 21:00:00,Inpatient
619,1273.0,FAC0950,1280,2584,,2026-01-22 00:00:00,2026-01-22 08:00:00,Emergency
620,,FAC1842,840,1677,,2026-08-06 02:00:00,2026-08-06 14:00:00,Emergency
621,520.0,FAC9999,627,1244,,2026-05-27 06:00:00,2026-05-27 12:00:00,Outpatient
622,334.0,FAC1121,47,101,,2026-01-21 09:00:00,2026-01-21 10:00:00,Outpatient
623,1113.0,FAC1785,283,565,,2026-02-18 02:00:00,2026-02-18 08:00:00,Emergency
624,1301.0,FAC1826,957,1903,,2026-06-30 15:00:00,2026-06-30 16:00:00,Inpatient
625,1235.0,FAC1991,629,1247,,2026-01-26 15:00:00,2026-01-27 03:00:00,Outpatient
626,996.0,FAC0908,1613,3242,,2026-01-07 06:00:00,2026-01-07 07:00:00,Emergency
627,1025.0,FAC0716,770,1529,,2026-08-21 01:00:00,2026-08-21 06:00:00,Outpatient
628,520.0,FAC1918,244,487,,2026-04-08 00:00:00,2026-04-08 06:00:00,Outpatient
629,804.0,FAC1275,1817,3640,,2026-05-19 07:00:00,2026-05-22 00:00:00,Emergency
630,490.0,FAC0322,383,757,522.0,2026-04-09 17:00:00,2026-04-11 09:00:00,Outpatient
631,1142.0,FAC1663,1412,2843,,2026-07-15 12:00:00,2026-07-16 00:00:00,Follow-up
632,1367.0,FAC1830,1635,3282,,2026-08-08 01:00:00,2026-08-11 21:00:00,Follow-up
633,460.0,FAC0204,513,1013,,2026-03-25 20:00:00,2026-03-26 08:00:00,Inpatient
634,164.0,FAC1117,1579,3176,,2026-07-15 15:00:00,2026-07-15 19:00:00,Outpatient
635,463.0,FAC0675,419,829,,2026-03-09 18:00:00,2026-03-10 02:00:00,Follow-up
636,1024.0,FAC9999,616,1220,,2026-08-11 10:00:00,2026-08-11 12:00:00,Outpatient
637,,FAC0856,557,1103,,2026-08-18 17:00:00,2026-08-18 18:00:00,Emergency
638,899.0,FAC0443,1312,2651,,2026-08-04 03:00:00,2026-08-04 23:00:00,Outpatient
639,706.0,FAC0550,1866,3736,,2026-01-06 10:00:00,2026-01-06 15:00:00,Inpatient
640,106.0,FAC0272,901,1793,,2026-06-02 18:00:00,2026-06-03 00:00:00,Emergency
641,978.0,FAC1343,1506,3033,,2026-08-01 03:00:00,2026-08-01 05:00:00,Outpatient
642,992.0,FAC1450,95,188,,2026-05-02 12:00:00,2026-05-02 17:00:00,Follow-up
643,594.0,FAC0375,668,1329,,2026-07-10 11:00:00,2026-07-10 19:00:00,Emergency
644,307.0,FAC9999,864,1720,,2026-05-25 14:00:00,2026-05-25 17:00:00,Inpatient
645,1400.0,FAC0068,722,1439,,2026-03-17 16:00:00,2026-03-20 17:00:00,Emergency
646,1394.0,FAC1575,1778,3565,,2026-07-14 06:00:00,2026-07-14 07:00:00,Unknown
647,1404.0,FAC0817,1808,3620,,2026-05-16 11:00:00,2026-05-16 19:00:00,Outpatient
648,889.0,FAC0292,1582,3180,,2026-07-05 18:00:00,2026-07-05 21:00:00,Follow-up
649,448.0,FAC9999,130,262,,2026-02-03 13:00:00,2026-02-04 09:00:00,Follow-up
650,1280.0,FAC1653,61,127,436.0,2026-08-09 14:00:00,2026-08-10 02:00:00,Unknown
651,1221.0,FAC1658,820,1637,,2026-04-30 01:00:00,2026-04-30 05:00:00,Follow-up
652,771.0,FAC0412,271,542,,2026-05-08 14:00:00,2026-05-08 17:00:00,Follow-up
653,1373.0,FAC0705,133,268,,2026-01-15 14:00:00,2026-01-15 18:00:00,Unknown
654,267.0,FAC1054,233,467,,2026-06-02 13:00:00,2026-06-02 16:00:00,Inpatient
655,67.0,FAC1243,1241,2498,,2026-05-19 20:00:00,2026-05-19 23:00:00,Emergency
656,336.0,FAC9999,371,737,,2026-02-19 21:00:00,2026-02-20 01:00:00,Outpatient
657,,FAC0309,1470,2958,,2026-06-07 18:00:00,2026-06-07 22:00:00,Emergency
658,777.0,FAC0204,514,1014,,2026-07-21 12:00:00,2026-07-21 13:00:00,Follow-up
659,530.0,FAC0756,1062,2124,,2026-02-28 21:00:00,2026-02-28 22:00:00,Follow-up
660,705.0,FAC9999,1147,2297,,2026-02-03 06:00:00,2026-02-03 12:00:00,Follow-up
661,,FAC1193,1005,2010,,2026-07-19 04:00:00,2026-07-19 09:00:00,Outpatient
662,1036.0,FAC0368,257,516,,2026-03-04 15:00:00,2026-03-04 16:00:00,Outpatient
663,784.0,FAC1943,1466,2950,,2026-03-06 16:00:00,2026-03-07 12:00:00,Emergency
664,1089.0,FAC1824,527,1044,,2026-07-19 10:00:00,2026-07-22 09:00:00,Outpatient
665,1186.0,FAC1967,219,443,,2026-07-12 16:00:00,2026-07-12 17:00:00,Emergency
666,742.0,FAC0352,305,610,,2026-03-21 04:00:00,2026-03-22 00:00:00,Outpatient
667,508.0,FAC1465,596,1179,,2026-04-16 09:00:00,2026-04-16 12:00:00,Emergency
668,62.0,FAC1161,617,1221,89.0,2026-05-23 13:00:00,2026-05-24 09:00:00,Follow-up
669,,FAC1915,1017,2035,,2026-06-23 05:00:00,2026-06-23 06:00:00,Inpatient
670,1209.0,FAC9999,1352,2729,,2026-02-13 03:00:00,2026-02-13 07:00:00,Outpatient
671,985.0,FAC0042,1732,3475,,2026-08-19 02:00:00,2026-08-19 08:00:00,Unknown
672,,FAC1975,1820,3647,,2026-06-01 18:00:00,2026-06-01 21:00:00,Follow-up
673,,FAC0756,1062,2126,,2026-02-10 16:00:00,2026-02-11 04:00:00,Inpatient
674,1433.0,FAC9999,1550,3120,,2026-03-06 05:00:00,2026-03-06 10:00:00,Emergency
675,838.0,FAC1656,1492,3004,,2026-05-28 03:00:00,2026-05-28 15:00:00,Unknown
676,616.0,FAC0969,568,1124,,2026-04-20 00:00:00,2026-04-20 04:00:00,Unknown
677,375.0,FAC9999,1422,2864,,2026-05-23 16:00:00,2026-05-23 17:00:00,Follow-up
678,40.0,FAC1538,8,18,,2026-01-21 22:00:00,2026-01-21 23:00:00,Inpatient
679,999.0,FAC9999,981,1958,,2026-03-28 21:00:00,2026-03-28 23:00:00,Inpatient
680,44.0,FAC0572,1771,3553,,2026-06-24 05:00:00,2026-06-24 06:00:00,Outpatient
681,1002.0,FAC0810,1353,2733,,2026-03-18 11:00:00,2026-03-18 16:00:00,Outpatient
682,565.0,FAC1577,744,1473,,2026-05-08 19:00:00,2026-05-08 22:00:00,Outpatient
683,552.0,FAC1318,102,203,,2026-04-17 04:00:00,2026-04-20 07:00:00,Emergency
684,37.0,FAC1594,1222,2457,382.0,2026-01-26 11:00:00,2026-01-26 14:00:00,Follow-up
685,1394.0,FAC0786,1279,2582,,2026-04-25 08:00:00,2026-04-28 20:00:00,Inpatient
686,,FAC1468,1548,3116,,2026-08-11 23:00:00,2026-08-12 07:00:00,Outpatient
687,1095.0,FAC1657,897,1783,,2026-03-16 23:00:00,2026-03-17 19:00:00,Inpatient
688,28.0,FAC0621,371,737,,2026-04-06 16:00:00,2026-04-07 04:00:00,Unknown
689,,FAC0665,1704,3418,,2026-05-23 06:00:00,2026-05-23 14:00:00,Outpatient
690,101.0,FAC0612,800,1590,696.0,2026-01-23 08:00:00,2026-01-23 14:00:00,Follow-up
691,1218.0,FAC0261,1846,3696,,2026-02-28 04:00:00,2026-02-28 12:00:00,Follow-up
692,,FAC0451,143,289,,2026-06-19 17:00:00,2026-06-19 23:00:00,Outpatient
693,1299.0,FAC0629,1166,2336,,2026-01-02 03:00:00,2026-01-02 09:00:00,Unknown
694,219.0,FAC0175,1352,2731,,2026-04-21 15:00:00,2026-04-22 03:00:00,Unknown
695,1265.0,FAC0619,50,106,,2026-03-31 02:00:00,2026-03-31 05:00:00,Outpatient
696,1152.0,FAC9999,225,453,,2026-05-21 23:00:00,2026-05-22 05:00:00,Inpatient
697,465.0,FAC2008,437,867,,2026-02-08 18:00:00,2026-02-09 06:00:00,Outpatient
698,551.0,FAC0927,1558,3137,,2026-07-13 15:00:00,2026-07-13 21:00:00,Inpatient
699,212.0,FAC0860,1113,2224,,2026-05-18 20:00:00,2026-05-19 02:00:00,Emergency
700,256.0,FAC1129,1522,3067,,2026-04-20 06:00:00,2026-04-20 18:00:00,Outpatient
701,1232.0,FAC0298,519,1027,,2026-01-05 14:00:00,2026-01-08 06:00:00,Follow-up
702,,FAC0856,557,1103,,2026-07-22 09:00:00,2026-07-22 12:00:00,Emergency
703,958.0,FAC0044,1054,2109,,2026-05-30 13:00:00,2026-05-30 16:00:00,Follow-up
704,709.0,FAC9999,245,491,,2026-01-21 16:00:00,2026-01-22 12:00:00,Inpatient
705,144.0,FAC1207,1299,2626,,2026-03-18 20:00:00,2026-03-19 08:00:00,Follow-up
706,1323.0,FAC9999,433,857,,2026-07-01 14:00:00,2026-07-02 02:00:00,Inpatient
707,529.0,FAC0478,1666,3341,,2026-02-18 20:00:00,2026-02-19 01:00:00,Inpatient
708,702.0,FAC0940,1182,2374,239.0,2026-03-19 19:00:00,2026-03-20 07:00:00,Follow-up
709,1237.0,FAC1951,303,605,,2026-04-03 15:00:00,2026-04-03 17:00:00,Emergency
710,832.0,FAC1550,1708,3425,,2026-08-06 09:00:00,2026-08-06 13:00:00,Outpatient
711,321.0,FAC1138,1564,3148,,2026-08-23 18:00:00,2026-08-23 19:00:00,Inpatient
712,1094.0,FAC0026,495,975,,2026-01-05 20:00:00,2026-01-06 01:00:00,Inpatient
713,965.0,FAC1504,540,1071,,2026-08-10 13:00:00,2026-08-10 14:00:00,Unknown
714,103.0,FAC1088,1349,2724,,2026-03-15 00:00:00,2026-03-15 02:00:00,Follow-up
715,726.0,FAC2025,1307,2641,,2026-02-28 15:00:00,2026-02-28 23:00:00,Inpatient
716,344.0,FAC1824,527,1045,,2026-04-08 22:00:00,2026-04-09 01:00:00,Inpatient
717,536.0,FAC0176,679,1354,,2026-02-09 01:00:00,2026-02-09 05:00:00,Follow-up
718,1228.0,FAC1092,1459,2935,,2026-01-14 19:00:00,2026-01-14 21:00:00,Emergency
719,1290.0,FAC1323,1745,3502,,2026-08-22 03:00:00,2026-08-22 09:00:00,Inpatient
720,496.0,FAC0906,871,1737,,2026-07-01 03:00:00,2026-07-01 15:00:00,Inpatient
721,374.0,FAC1342,1537,3092,,2026-03-21 02:00:00,2026-03-21 07:00:00,Unknown
722,673.0,FAC1759,1813,3631,,2026-05-27 00:00:00,2026-05-27 01:00:00,Outpatient
723,545.0,FAC9999,969,1932,,2026-08-24 19:00:00,2026-08-24 23:00:00,Inpatient
724,676.0,FAC1240,1847,3698,,2026-05-16 23:00:00,2026-05-17 04:00:00,Unknown
725,,FAC1883,1501,3021,,2026-02-10 18:00:00,2026-02-11 14:00:00,Inpatient
726,1326.0,FAC1138,1564,3149,,2026-06-07 13:00:00,2026-06-09 17:00:00,Follow-up
727,977.0,FAC0309,1470,2959,,2026-04-01 07:00:00,2026-04-03 16:00:00,Inpatient
728,884.0,FAC0352,305,610,,2026-07-09 09:00:00,2026-07-09 21:00:00,Inpatient
729,665.0,FAC1386,753,1494,,2026-01-11 23:00:00,2026-01-12 03:00:00,Inpatient
730,1153.0,FAC0651,1135,2270,,2026-05-28 01:00:00,2026-05-28 02:00:00,Follow-up
731,929.0,FAC9999,555,1101,,2026-01-18 20:00:00,2026-01-19 01:00:00,Emergency
732,925.0,FAC0772,274,547,,2026-05-06 07:00:00,2026-05-06 13:00:00,Emergency
733,1349.0,FAC1329,484,957,,2026-07-02 09:00:00,2026-07-02 12:00:00,Inpatient
734,821.0,FAC0942,235,470,,2026-05-07 19:00:00,2026-05-09 01:00:00,Outpatient
735,887.0,FAC0032,1372,2769,,2026-04-04 08:00:00,2026-04-04 12:00:00,Inpatient
736,,FAC0615,563,1111,301.0,2026-05-31 00:00:00,2026-05-31 05:00:00,Emergency
737,435.0,FAC1002,1605,3225,,2026-07-19 21:00:00,2026-07-20 00:00:00,Emergency
738,1052.0,FAC0580,315,626,,2026-05-23 22:00:00,2026-05-24 02:00:00,Emergency
739,406.0,FAC1248,857,1709,,2026-07-31 16:00:00,2026-07-31 18:00:00,Inpatient
740,41.0,FAC0728,455,900,,2026-03-01 08:00:00,2026-03-01 14:00:00,Inpatient
741,1392.0,FAC0940,1182,2373,,2026-01-13 05:00:00,2026-01-17 03:00:00,Follow-up
742,,FAC0969,568,1124,,2026-02-09 09:00:00,2026-02-09 21:00:00,Emergency
743,1298.0,FAC1074,41,86,,2026-05-18 11:00:00,2026-05-18 15:00:00,Unknown
744,113.0,FAC2039,293,584,,2026-02-28 11:00:00,2026-02-28 12:00:00,Emergency
745,149.0,FAC9999,1730,3470,,2026-01-13 04:00:00,2026-01-13 08:00:00,Inpatient
746,197.0,FAC1712,601,1187,,2026-05-05 22:00:00,2026-05-06 00:00:00,Emergency
747,731.0,FAC0137,1786,3579,,2026-05-17 15:00:00,2026-05-17 16:00:00,Emergency
748,1431.0,FAC1068,1192,2395,,2026-03-11 04:00:00,2026-03-11 07:00:00,Emergency
749,699.0,FAC0137,1786,3578,,2026-03-20 02:00:00,2026-03-20 04:00:00,Inpatient
750,763.0,FAC1281,692,1384,,2026-02-03 10:00:00,2026-02-03 14:00:00,Outpatient
751,996.0,FAC1234,1775,3560,,2026-01-20 18:00:00,2026-01-20 20:00:00,Inpatient
752,708.0,FAC0210,1542,3102,,2026-03-31 22:00:00,2026-04-01 02:00:00,Emergency
753,521.0,FAC0558,1146,2294,,2026-06-07 22:00:00,2026-06-08 10:00:00,Outpatient
754,,FAC1161,616,1220,,2026-08-08 10:00:00,2026-08-08 16:00:00,Follow-up
755,249.0,FAC1511,1795,3594,,2026-04-21 07:00:00,2026-04-21 10:00:00,Inpatient
756,569.0,FAC9999,1850,3704,,2026-03-04 00:00:00,2026-03-04 08:00:00,Outpatient
757,841.0,FAC9999,1393,2807,,2026-08-05 02:00:00,2026-08-05 22:00:00,Emergency
758,1467.0,FAC0579,1684,3372,,2026-03-02 10:00:00,2026-03-02 13:00:00,Outpatient
759,2.0,FAC9999,1647,3305,,2026-04-22 02:00:00,2026-04-22 08:00:00,Outpatient
760,316.0,FAC1606,532,1054,,2026-03-22 19:00:00,2026-03-23 15:00:00,Follow-up
761,735.0,FAC0758,934,1855,,2026-06-16 13:00:00,2026-06-17 01:00:00,Follow-up
762,159.0,FAC0441,1655,3318,,2026-02-18 21:00:00,2026-02-19 01:00:00,Unknown
763,1035.0,FAC1260,44,92,,2026-07-10 18:00:00,2026-07-10 19:00:00,Outpatient
764,162.0,FAC1973,81,160,,2026-07-15 13:00:00,2026-07-15 15:00:00,Outpatient
765,444.0,FAC0778,1369,2763,,2026-02-08 15:00:00,2026-02-09 11:00:00,Outpatient
766,1217.0,FAC1193,1005,2011,,2026-01-10 08:00:00,2026-01-10 16:00:00,Outpatient
767,498.0,FAC9999,719,1431,,2026-05-14 03:00:00,2026-05-14 11:00:00,Follow-up
768,1098.0,FAC0731,1324,2674,,2026-04-01 02:00:00,2026-04-03 21:00:00,Emergency
769,862.0,FAC1941,1760,3530,,2026-01-12 11:00:00,2026-01-12 12:00:00,Follow-up
770,,FAC0169,618,1222,,2026-05-18 05:00:00,2026-05-18 13:00:00,Follow-up
771,1074.0,FAC9999,320,638,,2026-01-04 15:00:00,2026-01-04 18:00:00,Follow-up
772,4.0,FAC1622,291,580,,2026-06-13 17:00:00,2026-06-13 19:00:00,Unknown
773,317.0,FAC9999,838,1674,,2026-02-19 14:00:00,2026-02-19 18:00:00,Emergency
774,580.0,FAC1166,786,1562,,2026-04-30 16:00:00,2026-04-30 20:00:00,Outpatient
775,1093.0,FAC1993,1812,3629,,2026-01-13 12:00:00,2026-01-14 00:00:00,Emergency
776,1314.0,FAC0276,189,380,,2026-03-30 09:00:00,2026-03-31 05:00:00,Inpatient
777,946.0,FAC0734,772,1533,,2026-03-08 12:00:00,2026-03-09 00:00:00,Emergency
778,73.0,FAC0102,1059,2119,,2026-04-08 16:00:00,2026-04-09 12:00:00,Follow-up
779,,FAC0614,841,1678,,2026-08-11 17:00:00,2026-08-11 23:00:00,Follow-up
780,207.0,FAC1037,1687,3378,,2026-04-19 09:00:00,2026-04-19 15:00:00,Follow-up
781,720.0,FAC0472,83,164,,2026-06-05 11:00:00,2026-06-05 19:00:00,Inpatient
782,622.0,FAC0140,1881,3764,,2026-08-26 02:00:00,2026-08-26 22:00:00,Outpatient
783,1282.0,FAC0089,1731,3473,,2026-04-23 06:00:00,2026-04-23 09:00:00,Outpatient
784,67.0,FAC9999,1346,2718,,2026-03-31 16:00:00,2026-03-31 22:00:00,Follow-up
785,439.0,FAC1607,612,1210,,2026-07-17 15:00:00,2026-07-18 03:00:00,Follow-up
786,496.0,FAC1005,1487,2995,,2026-06-23 06:00:00,2026-06-23 08:00:00,Follow-up
787,1409.0,FAC1344,925,1839,,2026-05-04 03:00:00,2026-05-04 06:00:00,Follow-up
788,761.0,FAC0631,199,398,,2026-05-21 15:00:00,2026-05-21 18:00:00,Outpatient
789,212.0,FAC1115,1601,3217,,2026-03-09 21:00:00,2026-03-09 22:00:00,Inpatient
790,768.0,FAC1968,1803,3609,407.0,2026-03-16 10:00:00,2026-03-16 16:00:00,Outpatient
791,119.0,FAC1721,1236,2486,,2026-03-17 18:00:00,2026-03-17 19:00:00,Outpatient
792,,FAC1713,1249,2513,,2026-08-24 17:00:00,2026-08-24 21:00:00,Follow-up
793,1293.0,FAC0987,752,1493,,2026-03-02 16:00:00,2026-03-03 12:00:00,Follow-up
794,635.0,FAC0307,256,514,,2026-01-25 12:00:00,2026-01-25 16:00:00,Outpatient
795,578.0,FAC0255,372,738,,2026-05-15 07:00:00,2026-05-19 03:00:00,Outpatient
796,1189.0,FAC1567,54,114,,2026-03-16 07:00:00,2026-03-16 13:00:00,Inpatient
797,630.0,FAC9999,1154,2313,,2026-08-28 07:00:00,2026-08-28 08:00:00,Follow-up
798,1463.0,FAC1767,1298,2624,,2026-01-28 14:00:00,2026-01-28 22:00:00,Emergency
799,556.0,FAC0550,1866,3737,,2026-07-13 12:00:00,2026-07-13 15:00:00,Follow-up
800,399.0,FAC1207,1300,2628,,2026-01-26 16:00:00,2026-01-29 10:00:00,Inpatient
801,690.0,FAC0963,273,546,,2026-04-26 10:00:00,2026-04-26 18:00:00,Outpatient
802,340.0,FAC1538,7,16,,2026-03-05 01:00:00,2026-03-08 06:00:00,Inpatient
803,,FAC1493,1695,3398,,2026-04-06 12:00:00,2026-04-07 00:00:00,Follow-up
804,210.0,FAC1035,1602,3218,,2026-04-03 02:00:00,2026-04-06 08:00:00,Outpatient
805,538.0,FAC1468,1548,3116,,2026-08-25 16:00:00,2026-08-25 19:00:00,Unknown
806,,FAC1628,622,1231,,2026-04-14 13:00:00,2026-04-14 14:00:00,Outpatient
807,369.0,FAC9999,1594,3204,,2026-05-29 04:00:00,2026-05-29 16:00:00,Emergency
808,,FAC0529,1440,2904,,2026-06-12 19:00:00,2026-06-12 20:00:00,Follow-up
809,397.0,FAC0814,1496,3013,27.0,2026-01-22 10:00:00,2026-01-22 13:00:00,Follow-up
810,1253.0,FAC1948,730,1452,,2026-08-01 17:00:00,2026-08-01 22:00:00,Unknown
811,,FAC0544,558,1104,,2026-02-07 05:00:00,2026-02-07 10:00:00,Inpatient
812,1100.0,FAC0257,468,925,,2026-08-03 12:00:00,2026-08-03 16:00:00,Outpatient
813,946.0,FAC0807,452,896,,2026-04-29 02:00:00,2026-04-29 07:00:00,Emergency
814,464.0,FAC0866,74,148,,2026-08-03 03:00:00,2026-08-03 23:00:00,Outpatient
815,313.0,FAC1671,1304,2635,,2026-06-23 12:00:00,2026-06-23 14:00:00,Emergency
816,249.0,FAC9999,1470,2959,,2026-07-15 07:00:00,2026-07-15 15:00:00,Outpatient
817,175.0,FAC1223,714,1424,,2026-03-09 14:00:00,2026-03-09 16:00:00,Outpatient
818,,FAC1232,1556,3132,,2026-07-25 19:00:00,2026-07-25 22:00:00,Emergency
819,775.0,FAC9999,1589,3193,,2026-06-23 19:00:00,2026-06-23 22:00:00,Emergency
820,996.0,FAC0019,1358,2741,,2026-05-24 17:00:00,2026-05-24 21:00:00,Unknown
821,,FAC0577,121,245,,2026-03-09 02:00:00,2026-03-09 07:00:00,Outpatient
822,143.0,FAC0889,364,724,,2026-01-27 03:00:00,2026-01-30 09:00:00,Outpatient
823,20.0,FAC1545,575,1140,,2026-08-24 02:00:00,2026-08-24 06:00:00,Inpatient
824,1303.0,FAC9999,580,1150,,2026-04-24 18:00:00,2026-04-24 19:00:00,Emergency
825,923.0,FAC1545,574,1138,,2026-05-09 11:00:00,2026-05-09 19:00:00,Outpatient
826,563.0,FAC1272,1078,2157,188.0,2026-01-13 12:00:00,2026-01-14 00:00:00,Outpatient
827,,FAC1610,547,1086,,2026-04-28 16:00:00,2026-04-28 20:00:00,Outpatient
828,406.0,FAC1074,41,85,,2026-03-09 11:00:00,2026-03-13 08:00:00,Emergency
829,971.0,FAC1445,580,1150,,2026-07-15 04:00:00,2026-07-16 23:00:00,Emergency
830,968.0,FAC0875,1243,2502,,2026-03-10 01:00:00,2026-03-10 13:00:00,Emergency
831,456.0,FAC1317,49,104,,2026-08-08 14:00:00,2026-08-09 20:00:00,Emergency
832,1285.0,FAC2037,1161,2328,,2026-06-07 16:00:00,2026-06-08 04:00:00,Unknown
833,471.0,FAC0149,1133,2266,,2026-06-05 03:00:00,2026-06-05 07:00:00,Follow-up
834,1260.0,FAC0342,1398,2815,,2026-01-23 05:00:00,2026-01-24 20:00:00,Emergency
835,9.0,FAC1211,135,273,74.0,2026-04-09 00:00:00,2026-04-09 04:00:00,Inpatient
836,924.0,FAC0612,800,1590,,2026-03-01 02:00:00,2026-03-01 22:00:00,Outpatient
837,1002.0,FAC0354,645,1279,,2026-03-03 02:00:00,2026-03-03 03:00:00,Unknown
838,1094.0,FAC1317,49,103,485.0,2026-06-14 10:00:00,2026-06-16 09:00:00,Follow-up
839,194.0,FAC9999,1468,2955,,2026-03-24 07:00:00,2026-03-24 15:00:00,Outpatient
840,592.0,FAC1697,723,1441,,2026-01-16 08:00:00,2026-01-16 20:00:00,Unknown
841,1068.0,FAC9999,1796,3595,,2026-04-29 19:00:00,2026-04-30 00:00:00,Follow-up
842,1302.0,FAC1051,1446,2913,,2026-05-30 16:00:00,2026-05-30 21:00:00,Emergency
843,143.0,FAC1134,961,1913,,2026-01-04 20:00:00,2026-01-08 17:00:00,Follow-up
844,,FAC1203,1516,3054,,2026-01-14 14:00:00,2026-01-15 02:00:00,Outpatient
845,148.0,FAC0049,1408,2837,,2026-05-05 07:00:00,2026-05-05 19:00:00,Emergency
846,635.0,FAC9999,1080,2162,,2026-02-20 06:00:00,2026-02-20 07:00:00,Follow-up
847,212.0,FAC1525,983,1963,,2026-08-27 02:00:00,2026-08-27 14:00:00,Outpatient
848,1441.0,FAC1125,1080,2162,703.0,2026-04-19 01:00:00,2026-04-19 02:00:00,Emergency
849,49.0,FAC9999,1157,2319,,2026-08-25 02:00:00,2026-08-25 07:00:00,Emergency
850,177.0,FAC9999,541,1072,208.0,2026-04-02 10:00:00,2026-04-02 18:00:00,Follow-up
851,466.0,FAC0204,513,1013,,2026-03-01 21:00:00,2026-03-02 17:00:00,Emergency
852,1157.0,FAC1030,1246,2508,,2026-04-15 22:00:00,2026-04-16 04:00:00,Emergency
853,332.0,FAC0918,1774,3557,,2026-05-26 03:00:00,2026-05-26 15:00:00,Outpatient
854,433.0,FAC0683,1536,3091,,2026-03-01 11:00:00,2026-03-02 17:00:00,Outpatient
855,114.0,FAC0097,1654,3317,,2026-06-08 22:00:00,2026-06-09 01:00:00,Unknown
856,828.0,FAC1064,1176,2361,,2026-02-24 23:00:00,2026-02-25 07:00:00,Outpatient
857,1257.0,FAC1938,1809,3623,,2026-06-15 14:00:00,2026-06-15 18:00:00,Unknown
858,931.0,FAC1456,1876,3755,,2026-05-26 09:00:00,2026-05-28 23:00:00,Inpatient
859,1038.0,FAC1552,500,989,,2026-07-03 23:00:00,2026-07-04 02:00:00,Inpatient
860,,FAC1019,1481,2982,,2026-08-05 16:00:00,2026-08-06 00:00:00,Emergency
861,1355.0,FAC1387,1833,3672,,2026-08-02 19:00:00,2026-08-02 22:00:00,Follow-up
862,795.0,FAC1737,1237,2488,,2026-04-27 21:00:00,2026-04-27 23:00:00,Emergency
863,161.0,FAC9999,1313,2655,,2026-03-12 18:00:00,2026-03-12 22:00:00,Outpatient
864,,FAC1315,1691,3388,38.0,2026-04-23 01:00:00,2026-04-23 09:00:00,Outpatient
865,746.0,FAC0176,679,1354,,2026-06-14 03:00:00,2026-06-14 15:00:00,Inpatient
866,655.0,FAC9999,1545,3109,,2026-06-05 04:00:00,2026-06-05 06:00:00,Outpatient
867,280.0,FAC1697,723,1441,,2026-01-07 12:00:00,2026-01-08 08:00:00,Inpatient
868,,FAC1390,1762,3534,,2026-04-11 09:00:00,2026-04-11 17:00:00,Inpatient
869,1214.0,FAC1342,1537,3092,,2026-06-27 19:00:00,2026-06-28 07:00:00,Outpatient
870,607.0,FAC0234,188,378,,2026-06-10 20:00:00,2026-06-12 20:00:00,Emergency
871,11.0,FAC2000,906,1804,198.0,2026-08-12 07:00:00,2026-08-12 11:00:00,Emergency
872,271.0,FAC0875,1243,2502,,2026-06-28 03:00:00,2026-06-29 12:00:00,Follow-up
873,1195.0,FAC1577,744,1473,,2026-04-03 10:00:00,2026-04-03 13:00:00,Outpatient
874,49.0,FAC1601,609,1203,,2026-08-25 05:00:00,2026-08-25 13:00:00,Outpatient
875,99.0,FAC1983,11,25,,2026-01-21 03:00:00,2026-01-21 04:00:00,Outpatient
876,670.0,FAC9999,1535,3090,,2026-01-19 13:00:00,2026-01-19 15:00:00,Follow-up
877,1151.0,FAC0597,354,706,,2026-07-21 08:00:00,2026-07-22 04:00:00,Unknown
878,180.0,FAC1448,262,525,,2026-01-01 01:00:00,2026-01-01 21:00:00,Inpatient
879,396.0,FAC1611,1232,2476,,2026-08-07 09:00:00,2026-08-07 17:00:00,Outpatient
880,1394.0,FAC0180,1428,2879,,2026-08-16 22:00:00,2026-08-17 18:00:00,Follow-up
881,262.0,FAC0515,891,1772,,2026-06-22 06:00:00,2026-06-22 08:00:00,Unknown
882,1363.0,FAC0874,488,965,,2026-05-16 03:00:00,2026-05-16 15:00:00,Follow-up
883,1287.0,FAC0376,1792,3587,,2026-06-10 13:00:00,2026-06-10 19:00:00,Emergency
884,859.0,FAC1593,1356,2739,,2026-06-05 04:00:00,2026-06-05 07:00:00,Unknown
885,1087.0,FAC0347,1441,2905,,2026-02-04 04:00:00,2026-02-06 13:00:00,Follow-up
886,168.0,FAC1518,392,776,,2026-07-06 12:00:00,2026-07-06 17:00:00,Unknown
887,,FAC1657,898,1787,,2026-06-13 20:00:00,2026-06-14 00:00:00,Outpatient
888,389.0,FAC0116,290,579,,2026-03-09 03:00:00,2026-03-09 11:00:00,Inpatient
889,,FAC0366,792,1570,,2026-03-23 20:00:00,2026-03-23 22:00:00,Follow-up
890,948.0,FAC1494,1589,3192,,2026-03-12 00:00:00,2026-03-12 04:00:00,Inpatient
891,1183.0,FAC0433,414,820,,2026-01-18 22:00:00,2026-01-19 02:00:00,Inpatient
892,704.0,FAC1086,1843,3692,,2026-07-21 17:00:00,2026-07-25 02:00:00,Follow-up
893,931.0,FAC0937,1509,3038,,2026-02-14 12:00:00,2026-02-14 16:00:00,Follow-up
894,533.0,FAC0482,1097,2194,,2026-08-05 19:00:00,2026-08-06 01:00:00,Inpatient
895,382.0,FAC0840,1768,3544,,2026-02-17 19:00:00,2026-02-18 03:00:00,Emergency
896,618.0,FAC1132,479,947,,2026-05-14 08:00:00,2026-05-14 12:00:00,Follow-up
897,1441.0,FAC0813,1435,2892,,2026-05-19 13:00:00,2026-05-21 01:00:00,Outpatient
898,238.0,FAC0196,1646,3303,,2026-03-21 07:00:00,2026-03-21 11:00:00,Outpatient
899,528.0,FAC0612,800,1590,,2026-06-04 22:00:00,2026-06-05 18:00:00,Outpatient
900,1151.0,FAC0031,592,1172,,2026-05-03 02:00:00,2026-05-03 08:00:00,Emergency
901,713.0,FAC1104,1314,2656,,2026-06-22 21:00:00,2026-06-22 22:00:00,Follow-up
902,342.0,FAC2025,1307,2641,114.0,2026-05-04 16:00:00,2026-05-05 04:00:00,Outpatient
903,730.0,FAC0680,312,620,,2026-01-26 22:00:00,2026-01-27 01:00:00,Outpatient
904,1495.0,FAC0055,1337,2700,,2026-04-10 07:00:00,2026-04-10 19:00:00,Inpatient
905,845.0,FAC1967,219,443,,2026-08-15 23:00:00,2026-08-17 12:00:00,Follow-up
906,47.0,FAC1593,1356,2739,,2026-02-07 06:00:00,2026-02-07 12:00:00,Emergency
907,,FAC1103,139,279,,2026-02-14 19:00:00,2026-02-15 01:00:00,Emergency
908,1269.0,FAC1721,1236,2486,,2026-05-26 15:00:00,2026-05-27 03:00:00,Inpatient
909,933.0,FAC1088,1349,2724,,2026-02-20 19:00:00,2026-02-21 01:00:00,Follow-up
910,1186.0,FAC9999,1602,3218,,2026-07-15 11:00:00,2026-07-15 13:00:00,Inpatient
911,1475.0,FAC1984,472,931,,2026-03-10 21:00:00,2026-03-10 23:00:00,Outpatient
912,,FAC0995,122,248,,2026-02-25 12:00:00,2026-02-26 00:00:00,Outpatient
913,1456.0,FAC0979,400,789,,2026-04-19 04:00:00,2026-04-19 10:00:00,Unknown
914,1338.0,FAC1938,1810,3626,,2026-08-09 13:00:00,2026-08-09 15:00:00,Outpatient
915,748.0,FAC1704,298,596,,2026-03-16 23:00:00,2026-03-17 02:00:00,Inpatient
916,63.0,FAC0882,381,753,,2026-05-20 01:00:00,2026-05-20 07:00:00,Follow-up
917,511.0,FAC0817,1808,3619,,2026-07-10 16:00:00,2026-07-10 19:00:00,Inpatient
918,518.0,FAC0837,1181,2371,,2026-05-24 04:00:00,2026-05-25 00:00:00,Follow-up
919,351.0,FAC9999,411,812,429.0,2026-01-29 01:00:00,2026-01-29 13:00:00,Inpatient
920,,FAC1147,156,313,,2026-04-23 07:00:00,2026-04-23 15:00:00,Emergency
921,596.0,FAC0501,1426,2875,,2026-03-31 04:00:00,2026-03-31 07:00:00,Outpatient
922,274.0,FAC0713,882,1754,,2026-01-17 19:00:00,2026-01-18 07:00:00,Outpatient
923,605.0,FAC1233,1030,2063,,2026-05-20 15:00:00,2026-05-20 20:00:00,Unknown
924,1397.0,FAC0333,818,1633,,2026-02-11 15:00:00,2026-02-11 23:00:00,Inpatient
925,811.0,FAC9999,1182,2373,,2026-01-17 05:00:00,2026-01-17 11:00:00,Emergency
926,188.0,FAC1607,611,1209,,2026-07-01 00:00:00,2026-07-01 01:00:00,Unknown
927,166.0,FAC1783,1672,3351,,2026-05-12 03:00:00,2026-05-12 08:00:00,Unknown
928,264.0,FAC9999,1331,2689,,2026-04-20 05:00:00,2026-04-20 09:00:00,Outpatient
929,,FAC0071,25,56,,2026-01-03 14:00:00,2026-01-03 17:00:00,Inpatient
930,660.0,FAC0024,441,875,,2026-02-09 23:00:00,2026-02-10 19:00:00,Inpatient
931,1445.0,FAC0369,4,10,,2026-06-21 08:00:00,2026-06-21 11:00:00,Emergency
932,936.0,FAC0889,364,722,,2026-07-26 06:00:00,2026-07-26 08:00:00,Follow-up
933,1174.0,FAC0813,1435,2893,,2026-08-06 17:00:00,2026-08-06 18:00:00,Outpatient
934,852.0,FAC9999,1645,3301,,2026-04-12 07:00:00,2026-04-12 09:00:00,Follow-up
935,,FAC0283,1572,3165,84.0,2026-08-03 17:00:00,2026-08-04 05:00:00,Emergency
936,510.0,FAC0101,15,35,,2026-08-08 00:00:00,2026-08-08 05:00:00,Emergency
937,,FAC0164,511,1010,,2026-01-05 12:00:00,2026-01-05 14:00:00,Follow-up
938,,FAC1948,730,1452,,2026-04-29 00:00:00,2026-04-29 01:00:00,Emergency
939,679.0,FAC1403,535,1061,,2026-01-08 03:00:00,2026-01-08 09:00:00,Outpatient
940,834.0,FAC0528,912,1815,,2026-02-06 18:00:00,2026-02-07 02:00:00,Unknown
941,8.0,FAC0586,960,1909,,2026-02-03 09:00:00,2026-02-07 04:00:00,Outpatient
942,13.0,FAC1048,661,1315,,2026-07-29 00:00:00,2026-07-29 08:00:00,Follow-up
943,1497.0,FAC9999,182,364,,2026-07-17 06:00:00,2026-07-17 08:00:00,Emergency
944,333.0,FAC9999,1566,3151,,2026-03-26 11:00:00,2026-03-26 14:00:00,Inpatient
945,334.0,FAC0977,1305,2637,,2026-06-19 17:00:00,2026-06-19 18:00:00,Emergency
946,1123.0,FAC1335,940,1869,,2026-04-27 20:00:00,2026-04-28 08:00:00,Emergency
947,717.0,FAC9999,431,853,,2026-07-09 01:00:00,2026-07-09 06:00:00,Follow-up
948,829.0,FAC1456,1874,3750,,2026-08-29 10:00:00,2026-08-29 14:00:00,Emergency
949,219.0,FAC0943,85,166,,2026-01-30 10:00:00,2026-01-30 13:00:00,Emergency
950,,FAC1441,590,1168,,2026-04-22 05:00:00,2026-04-22 17:00:00,Follow-up
951,1113.0,FAC1340,1318,2662,,2026-05-18 05:00:00,2026-05-18 13:00:00,Outpatient
952,169.0,FAC0533,404,798,,2026-03-12 17:00:00,2026-03-12 18:00:00,Inpatient
953,,FAC0057,38,79,,2026-07-25 17:00:00,2026-07-26 13:00:00,Outpatient
954,1215.0,FAC0765,1321,2667,775.0,2026-01-31 17:00:00,2026-02-03 21:00:00,Outpatient
955,634.0,FAC0814,1497,3014,269.0,2026-08-19 04:00:00,2026-08-23 00:00:00,Inpatient
956,1439.0,FAC1201,684,1365,,2026-06-27 09:00:00,2026-06-27 15:00:00,Inpatient
957,668.0,FAC0472,82,161,,2026-07-23 11:00:00,2026-07-23 19:00:00,Follow-up
958,,FAC0031,591,1170,,2026-06-03 19:00:00,2026-06-03 21:00:00,Outpatient
959,,FAC0773,1278,2579,,2026-06-01 17:00:00,2026-06-01 21:00:00,Outpatient
960,626.0,FAC9999,1326,2677,,2026-04-30 13:00:00,2026-04-30 16:00:00,Follow-up
961,,FAC0905,1648,3306,,2026-07-16 21:00:00,2026-07-16 23:00:00,Outpatient
962,797.0,FAC1774,1882,3765,,2026-05-21 18:00:00,2026-05-22 00:00:00,Follow-up
963,80.0,FAC0616,1721,3450,,2026-08-13 11:00:00,2026-08-13 14:00:00,Inpatient
964,421.0,FAC9999,220,444,,2026-04-08 22:00:00,2026-04-09 18:00:00,Follow-up
965,16.0,FAC0539,118,240,,2026-02-20 08:00:00,2026-02-20 20:00:00,Follow-up
966,145.0,FAC0786,1279,2580,,2026-06-21 16:00:00,2026-06-22 12:00:00,Inpatient
967,,FAC1983,11,25,,2026-03-13 12:00:00,2026-03-13 14:00:00,Outpatient
968,505.0,FAC0342,1398,2815,,2026-08-03 18:00:00,2026-08-04 06:00:00,Inpatient
969,216.0,FAC0906,871,1736,,2026-08-21 10:00:00,2026-08-21 18:00:00,Outpatient
970,452.0,FAC0295,1722,3453,,2026-05-14 21:00:00,2026-05-15 09:00:00,Emergency
971,299.0,FAC0478,1666,3340,,2026-04-04 23:00:00,2026-04-05 19:00:00,Follow-up
972,1336.0,FAC0721,955,1898,,2026-05-20 08:00:00,2026-05-20 12:00:00,Follow-up
973,1427.0,FAC0568,738,1463,,2026-01-14 22:00:00,2026-01-14 23:00:00,Unknown
974,486.0,FAC0003,878,1747,,2026-05-31 09:00:00,2026-05-31 14:00:00,Emergency
975,948.0,FAC9999,577,1144,,2026-08-19 20:00:00,2026-08-20 01:00:00,Emergency
976,226.0,FAC1729,507,1005,,2026-04-26 12:00:00,2026-04-30 01:00:00,Follow-up
977,790.0,FAC0307,256,514,,2026-07-17 10:00:00,2026-07-18 17:00:00,Inpatient
978,,FAC0060,549,1090,,2026-05-26 03:00:00,2026-05-26 11:00:00,Outpatient
979,531.0,FAC0349,1769,3548,,2026-03-29 18:00:00,2026-03-30 14:00:00,Inpatient
980,1252.0,FAC1266,1738,3487,,2026-06-10 20:00:00,2026-06-10 21:00:00,Follow-up
981,1242.0,FAC0106,1523,3068,,2026-07-20 18:00:00,2026-07-21 02:00:00,Emergency
982,644.0,FAC0582,947,1880,,2026-05-10 07:00:00,2026-05-11 18:00:00,Emergency
983,,FAC0241,780,1550,39.0,2026-05-22 02:00:00,2026-05-22 10:00:00,Follow-up
984,634.0,FAC0273,980,1956,,2026-03-20 21:00:00,2026-03-23 05:00:00,Follow-up
985,1421.0,FAC0811,1575,3170,,2026-01-15 14:00:00,2026-01-15 16:00:00,Follow-up
986,795.0,FAC1960,870,1735,,2026-08-14 21:00:00,2026-08-17 10:00:00,Emergency
987,53.0,FAC1721,1236,2484,,2026-06-10 00:00:00,2026-06-10 12:00:00,Inpatient
988,1196.0,FAC1697,723,1441,,2026-02-08 06:00:00,2026-02-10 23:00:00,Emergency
989,28.0,FAC0298,519,1027,,2026-08-20 06:00:00,2026-08-20 14:00:00,Emergency
990,1136.0,FAC9999,245,491,,2026-06-24 01:00:00,2026-06-24 04:00:00,Inpatient
991,284.0,FAC0308,163,326,,2026-07-25 12:00:00,2026-07-28 15:00:00,Inpatient
992,940.0,FAC1906,294,586,,2026-03-22 22:00:00,2026-03-23 04:00:00,Outpatient
993,1277.0,FAC0863,523,1035,,2026-02-09 08:00:00,2026-02-09 09:00:00,Inpatient
994,263.0,FAC1041,265,529,,2026-03-10 15:00:00,2026-03-11 03:00:00,Unknown
995,869.0,FAC1976,539,1069,646.0,2026-06-06 10:00:00,2026-06-06 11:00:00,Inpatient
996,732.0,FAC1944,1331,2689,,2026-04-05 11:00:00,2026-04-05 23:00:00,Outpatient
997,,FAC2012,1724,3458,,2026-01-11 13:00:00,2026-01-11 15:00:00,Follow-up
998,151.0,FAC0257,467,923,,2026-04-18 09:00:00,2026-04-18 14:00:00,Emergency
999,562.0,FAC0102,1059,2119,,2026-07-24 12:00:00,2026-07-26 20:00:00,Inpatient
1000,1129.0,FAC0631,200,399,,2026-03-05 21:00:00,2026-03-05 23:00:00,Inpatient
1001,1387.0,FAC0515,891,1773,,2026-07-13 00:00:00,2026-07-13 08:00:00,Unknown
1002,897.0,FAC1567,54,114,,2026-04-14 03:00:00,2026-04-14 06:00:00,Inpatient
1003,,FAC2032,1642,3295,,2026-06-16 07:00:00,2026-06-16 08:00:00,Emergency
1004,607.0,FAC1461,719,1431,,2026-04-18 17:00:00,2026-04-18 23:00:00,Unknown
1005,9.0,FAC1382,1259,2540,,2026-04-05 11:00:00,2026-04-05 17:00:00,Unknown
1006,682.0,FAC1241,1093,2186,,2026-02-02 13:00:00,2026-02-02 17:00:00,Emergency
1007,14.0,FAC1570,803,1595,,2026-05-08 15:00:00,2026-05-09 11:00:00,Emergency
1008,444.0,FAC1323,1744,3500,,2026-06-15 04:00:00,2026-06-15 16:00:00,Follow-up
1009,393.0,FAC0696,1615,3244,,2026-07-05 19:00:00,2026-07-05 20:00:00,Emergency
1010,842.0,FAC0330,1273,2568,,2026-01-08 16:00:00,2026-01-08 19:00:00,Inpatient
1011,1159.0,FAC0887,748,1485,,2026-07-04 21:00:00,2026-07-05 00:00:00,Follow-up
1012,1153.0,FAC0179,1680,3363,,2026-02-17 21:00:00,2026-02-18 00:00:00,Inpatient
1013,,FAC0746,119,241,,2026-04-06 10:00:00,2026-04-06 11:00:00,Follow-up
1014,938.0,FAC1642,190,381,,2026-01-10 13:00:00,2026-01-11 01:00:00,Unknown
1015,,FAC0042,1732,3476,,2026-03-29 21:00:00,2026-03-29 23:00:00,Inpatient
1016,115.0,FAC9999,69,139,,2026-05-30 06:00:00,2026-05-30 11:00:00,Emergency
1017,68.0,FAC1304,1148,2298,,2026-04-22 19:00:00,2026-04-23 07:00:00,Inpatient
1018,235.0,FAC9999,1722,3453,,2026-02-16 23:00:00,2026-02-17 01:00:00,Inpatient
1019,487.0,FAC1958,1288,2601,,2026-05-31 23:00:00,2026-06-01 01:00:00,Inpatient
1020,774.0,FAC0618,1087,2175,57.0,2026-06-16 19:00:00,2026-06-16 22:00:00,Outpatient
1021,,FAC0369,4,9,,2026-01-07 15:00:00,2026-01-07 17:00:00,Inpatient
1022,856.0,FAC1377,314,625,,2026-08-10 01:00:00,2026-08-10 21:00:00,Inpatient
1023,298.0,FAC0669,1670,3349,,2026-03-01 20:00:00,2026-03-02 08:00:00,Follow-up
1024,573.0,FAC9999,1399,2817,,2026-04-27 01:00:00,2026-04-27 07:00:00,Emergency
1025,1147.0,FAC0629,1166,2338,,2026-05-06 23:00:00,2026-05-07 19:00:00,Follow-up
1026,342.0,FAC0661,1474,2968,,2026-08-27 04:00:00,2026-08-27 05:00:00,Unknown
1027,309.0,FAC1464,356,709,,2026-06-27 21:00:00,2026-06-28 17:00:00,Outpatient
1028,163.0,FAC1759,1813,3630,,2026-04-18 18:00:00,2026-04-19 14:00:00,Outpatient
1029,597.0,FAC0665,1705,3420,,2026-04-17 22:00:00,2026-04-18 06:00:00,Emergency
1030,1188.0,FAC9999,940,1869,,2026-02-05 23:00:00,2026-02-06 04:00:00,Follow-up
1031,27.0,FAC0757,767,1522,,2026-04-17 22:00:00,2026-04-17 23:00:00,Follow-up
1032,544.0,FAC1916,1676,3356,630.0,2026-02-09 22:00:00,2026-02-10 03:00:00,Emergency
1033,741.0,FAC0787,322,645,,2026-02-25 14:00:00,2026-02-26 10:00:00,Follow-up
1034,514.0,FAC1787,1303,2633,,2026-05-07 17:00:00,2026-05-08 13:00:00,Emergency
1035,905.0,FAC1108,26,58,,2026-07-27 22:00:00,2026-07-28 03:00:00,Follow-up
1036,981.0,FAC0484,585,1160,,2026-04-28 01:00:00,2026-04-28 09:00:00,Outpatient
1037,1260.0,FAC9999,269,540,,2026-05-09 19:00:00,2026-05-10 07:00:00,Inpatient
1038,628.0,FAC1180,1018,2037,,2026-04-13 16:00:00,2026-04-13 17:00:00,Inpatient
1039,301.0,FAC0721,955,1898,,2026-06-25 23:00:00,2026-06-29 16:00:00,Follow-up
1040,245.0,FAC1980,477,941,,2026-01-07 00:00:00,2026-01-07 06:00:00,Inpatient
1041,1010.0,FAC1830,1634,3280,,2026-06-15 16:00:00,2026-06-16 00:00:00,Outpatient
1042,793.0,FAC0169,618,1223,,2026-07-03 12:00:00,2026-07-06 11:00:00,Outpatient
1043,413.0,FAC1005,1487,2995,,2026-06-26 20:00:00,2026-06-27 04:00:00,Follow-up
1044,967.0,FAC1069,562,1110,,2026-08-03 11:00:00,2026-08-05 09:00:00,Inpatient
1045,1194.0,FAC9999,871,1736,,2026-02-18 03:00:00,2026-02-18 06:00:00,Emergency
1046,1141.0,FAC9999,250,502,,2026-04-03 07:00:00,2026-04-03 13:00:00,Emergency
1047,817.0,FAC1147,156,315,,2026-01-22 18:00:00,2026-01-22 20:00:00,Emergency
1048,41.0,FAC9999,1043,2088,,2026-04-23 00:00:00,2026-04-23 02:00:00,Follow-up
1049,1418.0,FAC1284,2,4,,2026-07-19 23:00:00,2026-07-20 07:00:00,Follow-up
1050,211.0,FAC0196,1646,3302,,2026-02-13 01:00:00,2026-02-13 13:00:00,Unknown
1051,,FAC1631,1219,2451,,2026-01-15 15:00:00,2026-01-15 20:00:00,Outpatient
1052,464.0,FAC0863,522,1034,,2026-04-19 17:00:00,2026-04-19 23:00:00,Follow-up
1053,777.0,FAC0310,1121,2241,,2026-06-29 04:00:00,2026-06-29 09:00:00,Unknown
1054,,FAC1147,156,314,,2026-03-25 02:00:00,2026-03-25 04:00:00,Outpatient
1055,1169.0,FAC1532,1748,3506,,2026-01-14 21:00:00,2026-01-15 09:00:00,Outpatient
1056,218.0,FAC1352,1529,3078,,2026-05-23 23:00:00,2026-05-24 05:00:00,Outpatient
1057,362.0,FAC9999,1358,2742,,2026-04-06 01:00:00,2026-04-06 04:00:00,Emergency
1058,592.0,FAC9999,1249,2514,,2026-05-02 05:00:00,2026-05-02 09:00:00,Inpatient
1059,168.0,FAC1862,57,120,,2026-06-22 05:00:00,2026-06-22 17:00:00,Unknown
1060,,FAC2044,1709,3426,680.0,2026-06-04 15:00:00,2026-06-04 20:00:00,Follow-up
1061,1419.0,FAC1932,1265,2552,,2026-06-19 10:00:00,2026-06-19 14:00:00,Follow-up
1062,1219.0,FAC1556,594,1176,676.0,2026-07-11 14:00:00,2026-07-11 19:00:00,Emergency
1063,343.0,FAC0927,1558,3138,,2026-02-08 12:00:00,2026-02-08 17:00:00,Inpatient
1064,577.0,FAC1810,104,207,,2026-04-14 09:00:00,2026-04-14 11:00:00,Unknown
1065,1473.0,FAC1623,1453,2925,,2026-04-23 09:00:00,2026-04-23 10:00:00,Emergency
1066,385.0,FAC0915,172,342,,2026-04-28 19:00:00,2026-04-28 23:00:00,Follow-up
1067,868.0,FAC9999,1474,2968,,2026-07-09 18:00:00,2026-07-10 06:00:00,Follow-up
1068,,FAC1808,995,1991,,2026-06-23 12:00:00,2026-06-23 13:00:00,Emergency
1069,1017.0,FAC0745,637,1262,,2026-07-26 14:00:00,2026-07-26 19:00:00,Outpatient
1070,744.0,FAC1966,1499,3019,,2026-03-18 19:00:00,2026-03-19 03:00:00,Outpatient
1071,559.0,FAC1245,503,998,,2026-06-06 01:00:00,2026-06-06 21:00:00,Outpatient
1072,692.0,FAC2038,389,771,,2026-04-13 05:00:00,2026-04-16 02:00:00,Outpatient
1073,729.0,FAC1932,1265,2552,,2026-03-07 08:00:00,2026-03-10 15:00:00,Outpatient
1074,1265.0,FAC0904,1061,2122,,2026-05-23 13:00:00,2026-05-23 17:00:00,Inpatient
1075,766.0,FAC1132,480,948,695.0,2026-03-04 10:00:00,2026-03-04 13:00:00,Follow-up
1076,1211.0,FAC0723,1376,2777,,2026-01-25 03:00:00,2026-01-25 05:00:00,Outpatient
1077,1436.0,FAC9999,1718,3445,,2026-04-06 22:00:00,2026-04-07 00:00:00,Emergency
1078,1388.0,FAC0716,770,1529,,2026-08-18 16:00:00,2026-08-19 12:00:00,Emergency
1079,456.0,FAC1170,1118,2235,,2026-01-20 07:00:00,2026-01-20 13:00:00,Follow-up
1080,1025.0,FAC1777,221,446,,2026-02-23 01:00:00,2026-02-23 13:00:00,Unknown
1081,564.0,FAC0059,1223,2459,,2026-08-13 01:00:00,2026-08-13 04:00:00,Inpatient
1082,858.0,FAC0506,1235,2482,,2026-02-09 11:00:00,2026-02-09 23:00:00,Inpatient
1083,686.0,FAC1874,14,32,550.0,2026-03-26 09:00:00,2026-03-27 05:00:00,Inpatient
1084,1177.0,FAC0210,1541,3099,,2026-08-11 15:00:00,2026-08-12 11:00:00,Unknown
1085,1249.0,FAC0114,1344,2714,,2026-01-17 09:00:00,2026-01-17 21:00:00,Emergency
1086,1493.0,FAC1897,1143,2288,,2026-03-13 14:00:00,2026-03-13 19:00:00,Follow-up
1087,604.0,FAC1675,9,20,,2026-05-30 07:00:00,2026-05-30 19:00:00,Unknown
1088,1477.0,FAC1499,899,1789,,2026-08-24 08:00:00,2026-08-24 20:00:00,Inpatient
1089,538.0,FAC0945,152,305,,2026-01-21 14:00:00,2026-01-21 17:00:00,Follow-up
1090,,FAC1628,622,1231,,2026-07-27 08:00:00,2026-07-27 14:00:00,Inpatient
1091,371.0,FAC0599,1168,2342,,2026-04-25 13:00:00,2026-04-28 12:00:00,Follow-up
1092,1110.0,FAC9999,1107,2212,,2026-04-29 15:00:00,2026-04-29 21:00:00,Emergency
1093,675.0,FAC0164,510,1009,,2026-03-08 14:00:00,2026-03-10 10:00:00,Outpatient
1094,569.0,FAC1690,432,856,,2026-01-30 19:00:00,2026-01-30 22:00:00,Inpatient
1095,7.0,FAC1007,777,1545,,2026-03-26 19:00:00,2026-03-29 08:00:00,Inpatient
1096,930.0,FAC1671,1304,2635,,2026-06-19 02:00:00,2026-06-19 06:00:00,Emergency
1097,511.0,FAC0332,700,1397,,2026-06-04 00:00:00,2026-06-04 02:00:00,Unknown
1098,571.0,FAC0283,1573,3166,423.0,2026-05-16 09:00:00,2026-05-20 01:00:00,Follow-up
1099,497.0,FAC0149,1132,2264,,2026-07-04 21:00:00,2026-07-07 13:00:00,Follow-up
1100,144.0,FAC1977,224,451,,2026-04-15 17:00:00,2026-04-16 01:00:00,Inpatient
1101,271.0,FAC9999,1320,2666,,2026-08-24 07:00:00,2026-08-24 08:00:00,Follow-up
1102,1347.0,FAC0619,51,108,249.0,2026-03-27 19:00:00,2026-03-28 00:00:00,Outpatient
1103,,FAC0842,1636,3284,,2026-01-27 12:00:00,2026-01-27 13:00:00,Inpatient
1104,268.0,FAC0765,1321,2668,775.0,2026-06-12 09:00:00,2026-06-12 13:00:00,Inpatient
1105,437.0,FAC1421,99,197,,2026-06-22 05:00:00,2026-06-22 17:00:00,Outpatient
1106,848.0,FAC0722,1003,2007,,2026-06-16 05:00:00,2026-06-16 10:00:00,Emergency
1107,722.0,FAC1248,857,1709,,2026-02-18 02:00:00,2026-02-18 04:00:00,Unknown
1108,157.0,FAC9999,1173,2353,,2026-05-20 22:00:00,2026-05-20 23:00:00,Follow-up
1109,381.0,FAC1915,1017,2036,,2026-08-20 15:00:00,2026-08-21 11:00:00,Outpatient
1110,810.0,FAC0865,1710,3428,,2026-01-20 10:00:00,2026-01-20 15:00:00,Emergency
1111,,FAC1271,1169,2343,,2026-05-12 12:00:00,2026-05-12 20:00:00,Inpatient
1112,887.0,FAC0439,656,1303,,2026-07-01 09:00:00,2026-07-01 11:00:00,Outpatient
1113,1288.0,FAC0481,304,609,,2026-06-24 16:00:00,2026-06-24 19:00:00,Unknown
1114,,FAC1448,263,527,,2026-08-23 21:00:00,2026-08-24 17:00:00,Follow-up
1115,1197.0,FAC0052,809,1610,,2026-08-22 10:00:00,2026-08-22 15:00:00,Follow-up
1116,1464.0,FAC0768,1107,2212,,2026-05-15 09:00:00,2026-05-15 12:00:00,Inpatient
1117,1419.0,FAC1263,1873,3749,,2026-03-15 14:00:00,2026-03-15 15:00:00,Emergency
1118,92.0,FAC9999,287,573,,2026-01-21 21:00:00,2026-01-22 01:00:00,Inpatient
1119,1264.0,FAC1352,1530,3079,,2026-05-23 14:00:00,2026-05-23 16:00:00,Inpatient
1120,327.0,FAC0793,385,760,,2026-02-23 13:00:00,2026-02-23 21:00:00,Follow-up
1121,601.0,FAC1757,1848,3699,,2026-07-21 14:00:00,2026-07-22 02:00:00,Unknown
1122,876.0,FAC0368,257,516,,2026-06-29 21:00:00,2026-07-03 16:00:00,Inpatient
1123,295.0,FAC1668,880,1751,,2026-04-29 23:00:00,2026-05-03 06:00:00,Outpatient
1124,499.0,FAC0175,1352,2729,,2026-01-02 16:00:00,2026-01-03 04:00:00,Follow-up
1125,,FAC0044,1054,2108,,2026-04-23 02:00:00,2026-04-23 03:00:00,Follow-up
1126,1364.0,FAC9999,333,665,,2026-02-28 07:00:00,2026-02-28 12:00:00,Emergency
1127,1304.0,FAC9999,1525,3070,,2026-04-05 15:00:00,2026-04-05 19:00:00,Emergency
1128,871.0,FAC0391,1683,3371,,2026-02-19 20:00:00,2026-02-19 23:00:00,Follow-up
1129,,FAC0274,932,1852,,2026-07-16 01:00:00,2026-07-16 02:00:00,Emergency
1130,437.0,FAC1415,610,1206,,2026-05-16 11:00:00,2026-05-16 23:00:00,Inpatient
1131,258.0,FAC0539,118,239,,2026-02-26 23:00:00,2026-02-27 02:00:00,Inpatient
1132,706.0,FAC1233,1031,2065,420.0,2026-08-25 14:00:00,2026-08-25 15:00:00,Emergency
1133,335.0,FAC1714,1330,2686,,2026-01-11 23:00:00,2026-01-12 02:00:00,Emergency
1134,692.0,FAC0711,636,1259,,2026-08-21 13:00:00,2026-08-22 09:00:00,Inpatient
1135,1186.0,FAC0902,1850,3705,,2026-08-17 14:00:00,2026-08-17 15:00:00,Emergency
1136,213.0,FAC1642,191,383,,2026-05-03 17:00:00,2026-05-04 13:00:00,Outpatient
1137,1196.0,FAC1592,664,1319,,2026-06-13 09:00:00,2026-06-13 17:00:00,Follow-up
1138,1081.0,FAC1235,428,846,,2026-08-04 10:00:00,2026-08-04 18:00:00,Outpatient
1139,571.0,FAC0060,549,1090,,2026-06-21 08:00:00,2026-06-21 16:00:00,Follow-up
1140,468.0,FAC1624,1396,2813,,2026-02-17 22:00:00,2026-02-18 01:00:00,Outpatient
1141,1413.0,FAC1975,1819,3646,,2026-03-14 17:00:00,2026-03-14 23:00:00,Emergency
1142,953.0,FAC0519,996,1992,,2026-04-23 00:00:00,2026-04-23 01:00:00,Follow-up
1143,,FAC0391,1683,3370,,2026-06-23 19:00:00,2026-06-24 00:00:00,Emergency
1144,1215.0,FAC1515,1096,2193,,2026-08-04 08:00:00,2026-08-04 11:00:00,Follow-up
1145,66.0,FAC1245,503,996,,2026-04-16 00:00:00,2026-04-16 20:00:00,Emergency
1146,,FAC1735,380,752,,2026-02-02 22:00:00,2026-02-02 23:00:00,Inpatient
1147,502.0,FAC1056,1617,3248,,2026-05-11 00:00:00,2026-05-11 02:00:00,Inpatient
1148,1034.0,FAC9999,1349,2724,,2026-01-24 12:00:00,2026-01-24 15:00:00,Inpatient
1149,729.0,FAC1670,457,904,,2026-05-21 19:00:00,2026-05-21 20:00:00,Emergency
1150,1123.0,FAC0391,1683,3370,,2026-01-10 17:00:00,2026-01-10 18:00:00,Outpatient
1151,448.0,FAC0176,679,1354,,2026-04-28 08:00:00,2026-04-28 12:00:00,Emergency
1152,939.0,FAC1857,757,1501,,2026-02-03 20:00:00,2026-02-06 06:00:00,Follow-up
1153,1048.0,FAC9999,304,609,,2026-01-19 10:00:00,2026-01-19 18:00:00,Emergency
1154,884.0,FAC1987,1141,2284,,2026-06-08 11:00:00,2026-06-08 23:00:00,Emergency
1155,1014.0,FAC0924,655,1299,,2026-05-26 10:00:00,2026-05-26 16:00:00,Emergency
1156,702.0,FAC1121,47,99,,2026-08-18 20:00:00,2026-08-19 00:00:00,Follow-up
1157,1154.0,FAC1640,253,506,,2026-06-11 02:00:00,2026-06-11 14:00:00,Outpatient
1158,1053.0,FAC0074,555,1100,,2026-08-13 09:00:00,2026-08-13 11:00:00,Inpatient
1159,707.0,FAC1672,1172,2350,,2026-06-26 10:00:00,2026-06-26 13:00:00,Unknown
1160,127.0,FAC1999,270,541,,2026-08-17 21:00:00,2026-08-18 17:00:00,Inpatient
1161,153.0,FAC1051,1446,2913,,2026-06-16 10:00:00,2026-06-16 12:00:00,Unknown
1162,1289.0,FAC0576,1144,2291,,2026-02-17 02:00:00,2026-02-17 07:00:00,Emergency
1163,605.0,FAC0620,916,1823,,2026-03-23 04:00:00,2026-03-23 05:00:00,Inpatient
1164,1362.0,FAC9999,73,145,,2026-05-02 20:00:00,2026-05-03 04:00:00,Emergency
1165,415.0,FAC1572,867,1728,,2026-05-12 23:00:00,2026-05-13 19:00:00,Inpatient
1166,117.0,FAC0074,555,1101,,2026-07-30 23:00:00,2026-07-31 05:00:00,Inpatient
1167,1482.0,FAC0121,313,622,,2026-07-21 05:00:00,2026-07-21 10:00:00,Emergency
1168,1439.0,FAC0101,17,39,,2026-05-30 06:00:00,2026-05-30 14:00:00,Inpatient
1169,1319.0,FAC1606,532,1055,,2026-05-28 08:00:00,2026-05-28 10:00:00,Inpatient
1170,1468.0,FAC1656,1492,3003,,2026-07-30 17:00:00,2026-07-30 18:00:00,Emergency
1171,1352.0,FAC9999,1344,2713,,2026-04-01 15:00:00,2026-04-01 21:00:00,Outpatient
1172,56.0,FAC0731,1324,2674,,2026-08-25 15:00:00,2026-08-25 20:00:00,Outpatient
1173,1343.0,FAC0368,257,515,,2026-08-20 04:00:00,2026-08-20 10:00:00,Unknown
1174,17.0,FAC1695,763,1515,,2026-05-22 19:00:00,2026-05-22 21:00:00,Outpatient
1175,620.0,FAC0384,375,743,,2026-07-06 07:00:00,2026-07-06 12:00:00,Emergency
1176,141.0,FAC1914,884,1758,,2026-02-24 19:00:00,2026-02-26 09:00:00,Inpatient
1177,946.0,FAC0579,1686,3377,,2026-05-20 13:00:00,2026-05-20 15:00:00,Inpatient
1178,490.0,FAC1424,922,1833,,2026-07-29 04:00:00,2026-08-01 02:00:00,Outpatient
1179,,FAC1785,283,565,,2026-06-08 02:00:00,2026-06-08 06:00:00,Outpatient
1180,459.0,FAC1263,1873,3748,,2026-01-24 09:00:00,2026-01-24 14:00:00,Outpatient
1181,1266.0,FAC1162,300,599,,2026-06-04 01:00:00,2026-06-04 21:00:00,Outpatient
1182,778.0,FAC0073,1089,2180,,2026-04-16 09:00:00,2026-04-18 08:00:00,Inpatient
1183,240.0,FAC0110,346,689,,2026-01-28 21:00:00,2026-02-01 01:00:00,Inpatient
1184,1374.0,FAC0705,133,270,,2026-02-19 10:00:00,2026-02-19 18:00:00,Inpatient
1185,,FAC1209,173,344,,2026-03-01 13:00:00,2026-03-01 21:00:00,Follow-up
1186,616.0,FAC0486,100,199,,2026-08-14 22:00:00,2026-08-15 00:00:00,Follow-up
1187,24.0,FAC0862,161,324,,2026-02-25 22:00:00,2026-02-26 18:00:00,Outpatient
1188,236.0,FAC2037,1161,2328,,2026-07-23 15:00:00,2026-07-23 20:00:00,Unknown
1189,62.0,FAC0031,592,1173,,2026-03-03 23:00:00,2026-03-06 02:00:00,Inpatient
1190,510.0,FAC0282,42,89,,2026-07-24 08:00:00,2026-07-24 14:00:00,Follow-up
1191,1010.0,FAC0619,50,107,,2026-03-07 16:00:00,2026-03-08 04:00:00,Follow-up
1192,119.0,FAC1362,639,1265,,2026-05-07 14:00:00,2026-05-07 20:00:00,Inpatient
1193,1449.0,FAC0383,660,1312,304.0,2026-06-17 14:00:00,2026-06-17 17:00:00,Inpatient
1194,773.0,FAC9999,144,290,742.0,2026-07-11 06:00:00,2026-07-11 08:00:00,Follow-up
1195,402.0,FAC1121,47,100,,2026-05-08 20:00:00,2026-05-09 16:00:00,Outpatient
1196,,FAC0915,172,341,,2026-07-10 01:00:00,2026-07-10 07:00:00,Follow-up
1197,,FAC0650,1842,3690,,2026-07-14 18:00:00,2026-07-15 02:00:00,Inpatient
1198,870.0,FAC0638,113,228,,2026-08-11 14:00:00,2026-08-11 15:00:00,Outpatient
1199,,FAC1362,639,1266,,2026-03-13 12:00:00,2026-03-13 20:00:00,Follow-up
1200,1239.0,FAC1958,1287,2599,,2026-08-09 22:00:00,2026-08-10 01:00:00,Inpatient
1201,1414.0,FAC9999,400,789,,2026-01-16 00:00:00,2026-01-16 12:00:00,Outpatient
1202,,FAC0561,1388,2795,,2026-05-14 00:00:00,2026-05-14 01:00:00,Follow-up
1203,135.0,FAC0842,1636,3284,,2026-06-17 01:00:00,2026-06-17 21:00:00,Follow-up
1204,512.0,FAC9999,363,721,,2026-02-25 09:00:00,2026-02-25 13:00:00,Outpatient
1205,,FAC0814,1496,3012,,2026-08-16 17:00:00,2026-08-17 05:00:00,Emergency
1206,1426.0,FAC0553,525,1039,,2026-06-09 20:00:00,2026-06-13 18:00:00,Inpatient
1207,687.0,FAC0142,874,1742,,2026-07-07 00:00:00,2026-07-07 12:00:00,Inpatient
1208,1075.0,FAC0671,269,540,166.0,2026-08-16 10:00:00,2026-08-17 06:00:00,Inpatient
1209,766.0,FAC1958,1287,2598,,2026-03-28 23:00:00,2026-03-31 15:00:00,Emergency
1210,231.0,FAC1589,581,1151,,2026-06-08 03:00:00,2026-06-08 11:00:00,Outpatient
1211,440.0,FAC1275,1817,3639,,2026-05-13 05:00:00,2026-05-13 09:00:00,Unknown
1212,1112.0,FAC1344,925,1841,,2026-08-21 06:00:00,2026-08-22 02:00:00,Follow-up
1213,812.0,FAC0240,360,716,,2026-08-04 20:00:00,2026-08-05 00:00:00,Inpatient
1214,493.0,FAC1186,1802,3607,,2026-01-05 01:00:00,2026-01-05 06:00:00,Inpatient
1215,523.0,FAC0734,772,1534,584.0,2026-04-04 16:00:00,2026-04-06 03:00:00,Follow-up
1216,561.0,FAC1481,788,1564,,2026-04-21 23:00:00,2026-04-22 11:00:00,Unknown
1217,805.0,FAC0932,181,362,,2026-05-06 02:00:00,2026-05-06 05:00:00,Unknown
1218,467.0,FAC0887,748,1484,,2026-04-28 10:00:00,2026-04-28 16:00:00,Inpatient
1219,906.0,FAC1133,1082,2164,398.0,2026-04-13 01:00:00,2026-04-13 03:00:00,Emergency
1220,1052.0,FAC0383,660,1312,,2026-01-02 16:00:00,2026-01-02 18:00:00,Outpatient
1221,552.0,FAC0148,1401,2821,,2026-07-24 02:00:00,2026-07-24 08:00:00,Follow-up
1222,1115.0,FAC0252,324,647,,2026-06-30 09:00:00,2026-06-30 13:00:00,Unknown
1223,141.0,FAC0579,1685,3376,,2026-04-17 17:00:00,2026-04-18 01:00:00,Outpatient
1224,629.0,FAC0234,187,376,,2026-08-23 00:00:00,2026-08-23 04:00:00,Follow-up
1225,183.0,FAC9999,144,290,,2026-06-05 05:00:00,2026-06-05 13:00:00,Outpatient
1226,682.0,FAC1508,1462,2943,,2026-03-28 22:00:00,2026-03-29 03:00:00,Follow-up
1227,719.0,FAC1772,1834,3673,,2026-02-14 23:00:00,2026-02-15 07:00:00,Inpatient
1228,1038.0,FAC0967,707,1411,,2026-08-25 07:00:00,2026-08-25 19:00:00,Follow-up
1229,547.0,FAC0211,167,333,760.0,2026-01-07 06:00:00,2026-01-07 11:00:00,Emergency
1230,1405.0,FAC1827,1187,2385,,2026-03-13 10:00:00,2026-03-13 16:00:00,Follow-up
1231,,FAC0309,1470,2959,,2026-01-03 07:00:00,2026-01-03 08:00:00,Outpatient
1232,1231.0,FAC1101,170,338,,2026-06-14 04:00:00,2026-06-14 07:00:00,Follow-up
1233,307.0,FAC2018,1449,2917,,2026-05-14 12:00:00,2026-05-15 00:00:00,Emergency
1234,258.0,FAC0288,1289,2603,,2026-01-26 20:00:00,2026-01-27 08:00:00,Inpatient
1235,1087.0,FAC0820,729,1451,,2026-05-17 11:00:00,2026-05-17 12:00:00,Emergency
1236,1391.0,FAC0011,1568,3157,,2026-04-26 00:00:00,2026-04-26 04:00:00,Emergency
1237,1467.0,FAC1567,54,114,,2026-05-27 02:00:00,2026-05-29 07:00:00,Emergency
1238,1114.0,FAC1862,58,122,,2026-01-18 06:00:00,2026-01-18 14:00:00,Emergency
1239,,FAC0901,1611,3236,,2026-03-12 16:00:00,2026-03-12 21:00:00,Emergency
1240,971.0,FAC0594,347,691,,2026-01-09 00:00:00,2026-01-12 10:00:00,Inpatient
1241,998.0,FAC0799,1521,3065,,2026-03-26 22:00:00,2026-03-27 04:00:00,Outpatient
1242,372.0,FAC1069,562,1110,,2026-04-01 08:00:00,2026-04-01 13:00:00,Unknown
1243,1180.0,FAC1570,803,1595,,2026-03-17 04:00:00,2026-03-17 06:00:00,Follow-up
1244,1425.0,FAC9999,1577,3173,,2026-04-01 13:00:00,2026-04-01 16:00:00,Follow-up
1245,346.0,FAC0745,637,1262,,2026-01-02 00:00:00,2026-01-02 02:00:00,Follow-up
1246,1472.0,FAC1059,1826,3659,,2026-06-15 14:00:00,2026-06-15 18:00:00,Emergency
1247,945.0,FAC0615,564,1115,,2026-06-19 09:00:00,2026-06-19 15:00:00,Inpatient
1248,642.0,FAC1492,429,848,,2026-01-31 13:00:00,2026-01-31 17:00:00,Inpatient
1249,333.0,FAC1001,1543,3103,,2026-03-13 23:00:00,2026-03-14 19:00:00,Follow-up
1250,187.0,FAC0114,1344,2712,,2026-06-24 01:00:00,2026-06-24 02:00:00,Outpatient
1251,27.0,FAC0916,833,1661,,2026-05-23 03:00:00,2026-05-23 06:00:00,Emergency
1252,1344.0,FAC1453,1194,2400,,2026-04-25 12:00:00,2026-04-25 14:00:00,Inpatient
1253,555.0,FAC0562,72,144,,2026-03-19 17:00:00,2026-03-19 22:00:00,Outpatient
1254,,FAC2025,1307,2641,,2026-06-10 22:00:00,2026-06-11 02:00:00,Emergency
1255,719.0,FAC0055,1337,2700,,2026-07-21 17:00:00,2026-07-21 21:00:00,Inpatient
1256,347.0,FAC0440,900,1791,,2026-05-17 15:00:00,2026-05-17 21:00:00,Follow-up
1257,1008.0,FAC1737,1237,2487,,2026-05-23 03:00:00,2026-05-23 07:00:00,Outpatient
1258,284.0,FAC1844,1734,3478,,2026-08-15 10:00:00,2026-08-15 18:00:00,Emergency
1259,935.0,FAC1038,1196,2404,,2026-05-01 03:00:00,2026-05-02 17:00:00,Emergency
1260,1148.0,FAC0183,963,1916,,2026-08-15 23:00:00,2026-08-16 01:00:00,Follow-up
1261,,FAC1993,1812,3629,,2026-08-16 16:00:00,2026-08-16 21:00:00,Outpatient
1262,1478.0,FAC9999,1760,3531,,2026-05-05 23:00:00,2026-05-06 01:00:00,Outpatient
1263,854.0,FAC0894,1861,3727,,2026-01-20 09:00:00,2026-01-20 17:00:00,Emergency
1264,782.0,FAC1984,472,931,,2026-06-16 02:00:00,2026-06-16 04:00:00,Inpatient
1265,1181.0,FAC0638,114,231,,2026-04-03 09:00:00,2026-04-03 12:00:00,Unknown
1266,1003.0,FAC1678,1647,3305,,2026-07-07 21:00:00,2026-07-11 04:00:00,Emergency
1267,1455.0,FAC1387,1831,3667,,2026-03-03 15:00:00,2026-03-04 03:00:00,Emergency
1268,1382.0,FAC0695,1051,2103,,2026-05-07 14:00:00,2026-05-07 15:00:00,Outpatient
1269,1148.0,FAC0941,876,1745,,2026-08-16 03:00:00,2026-08-16 06:00:00,Emergency
1270,354.0,FAC1957,446,886,,2026-08-27 03:00:00,2026-08-27 06:00:00,Outpatient
1271,,FAC1224,1402,2823,,2026-07-17 17:00:00,2026-07-17 18:00:00,Inpatient
1272,340.0,FAC9999,1410,2840,,2026-05-04 18:00:00,2026-05-04 19:00:00,Follow-up
1273,832.0,FAC1713,1248,2511,,2026-07-06 00:00:00,2026-07-06 03:00:00,Unknown
1274,1473.0,FAC1745,666,1325,,2026-05-21 06:00:00,2026-05-23 22:00:00,Follow-up
1275,840.0,FAC0577,120,244,,2026-04-14 21:00:00,2026-04-16 07:00:00,Inpatient
1276,223.0,FAC0172,1840,3687,,2026-01-01 00:00:00,2026-01-01 04:00:00,Follow-up
1277,1216.0,FAC0101,16,37,776.0,2026-01-06 14:00:00,2026-01-08 05:00:00,Inpatient
1278,1066.0,FAC2007,909,1811,,2026-05-16 20:00:00,2026-05-20 01:00:00,Follow-up
1279,1462.0,FAC1979,1735,3480,,2026-07-15 13:00:00,2026-07-15 17:00:00,Inpatient
1280,,FAC0423,64,131,475.0,2026-08-04 22:00:00,2026-08-04 23:00:00,Inpatient
1281,1034.0,FAC9999,500,989,,2026-06-02 04:00:00,2026-06-02 12:00:00,Follow-up
1282,624.0,FAC0175,1350,2725,,2026-04-23 13:00:00,2026-04-23 16:00:00,Follow-up
1283,122.0,FAC1270,643,1277,,2026-07-24 09:00:00,2026-07-24 14:00:00,Emergency
1284,649.0,FAC9999,737,1461,,2026-02-04 13:00:00,2026-02-05 01:00:00,Follow-up
1285,1387.0,FAC1745,667,1327,,2026-01-23 19:00:00,2026-01-24 15:00:00,Inpatient
1286,211.0,FAC0414,938,1864,,2026-05-31 08:00:00,2026-05-31 20:00:00,Follow-up
1287,717.0,FAC0618,1088,2179,,2026-08-08 01:00:00,2026-08-08 05:00:00,Emergency
1288,272.0,FAC1161,616,1220,,2026-01-16 05:00:00,2026-01-17 14:00:00,Inpatient
1289,1253.0,FAC0923,741,1468,,2026-01-15 06:00:00,2026-01-15 09:00:00,Follow-up
1290,524.0,FAC1030,1245,2506,,2026-02-13 11:00:00,2026-02-17 10:00:00,Inpatient
1291,,FAC0382,445,883,,2026-04-29 08:00:00,2026-04-29 09:00:00,Follow-up
1292,687.0,FAC1929,418,828,,2026-04-21 16:00:00,2026-04-25 03:00:00,Inpatient
1293,305.0,FAC0933,1215,2443,,2026-04-30 12:00:00,2026-05-01 00:00:00,Emergency
1294,257.0,FAC0980,232,465,,2026-07-01 17:00:00,2026-07-01 21:00:00,Follow-up
1295,1297.0,FAC9999,1421,2862,,2026-06-01 00:00:00,2026-06-01 01:00:00,Emergency
1296,430.0,FAC0283,1572,3165,84.0,2026-07-05 13:00:00,2026-07-05 17:00:00,Inpatient
1297,1009.0,FAC0368,257,516,,2026-03-01 06:00:00,2026-03-01 11:00:00,Inpatient
1298,1092.0,FAC1771,282,564,,2026-06-28 12:00:00,2026-07-02 10:00:00,Inpatient
1299,287.0,FAC1960,870,1735,85.0,2026-08-02 07:00:00,2026-08-02 19:00:00,Inpatient
1300,691.0,FAC0300,343,684,,2026-02-23 03:00:00,2026-02-23 04:00:00,Unknown
1301,470.0,FAC0799,1520,3063,698.0,2026-07-31 23:00:00,2026-08-01 00:00:00,Outpatient
1302,1420.0,FAC1573,1016,2033,,2026-03-21 04:00:00,2026-03-23 10:00:00,Emergency
1303,70.0,FAC0840,1767,3543,,2026-07-10 14:00:00,2026-07-13 05:00:00,Emergency
1304,392.0,FAC0889,365,726,,2026-08-16 06:00:00,2026-08-16 08:00:00,Inpatient
1305,576.0,FAC1808,995,1991,,2026-04-13 20:00:00,2026-04-16 07:00:00,Inpatient
1306,1323.0,FAC1592,663,1317,,2026-08-17 17:00:00,2026-08-17 18:00:00,Unknown
1307,449.0,FAC1985,869,1731,,2026-01-26 18:00:00,2026-01-27 14:00:00,Emergency
1308,1408.0,FAC0084,1405,2830,,2026-01-30 15:00:00,2026-01-30 23:00:00,Follow-up
1309,34.0,FAC0016,1010,2021,34.0,2026-03-17 11:00:00,2026-03-17 17:00:00,Emergency
1310,1491.0,FAC0856,557,1103,,2026-02-06 03:00:00,2026-02-06 09:00:00,Follow-up
1311,1427.0,FAC1713,1249,2513,,2026-07-22 07:00:00,2026-07-22 19:00:00,Inpatient
1312,593.0,FAC1789,813,1620,,2026-03-24 06:00:00,2026-03-25 20:00:00,Follow-up
1313,1327.0,FAC9999,364,724,,2026-04-20 16:00:00,2026-04-21 12:00:00,Emergency
1314,,FAC1942,1159,2322,,2026-07-05 04:00:00,2026-07-06 00:00:00,Inpatient
1315,1172.0,FAC1226,1193,2398,,2026-02-26 19:00:00,2026-02-27 07:00:00,Follow-up
1316,1387.0,FAC2012,1724,3457,,2026-05-13 06:00:00,2026-05-13 10:00:00,Unknown
1317,763.0,FAC1739,1301,2631,,2026-03-02 05:00:00,2026-03-02 07:00:00,Emergency
1318,1192.0,FAC1055,1414,2849,118.0,2026-06-22 13:00:00,2026-06-22 19:00:00,Emergency
1319,166.0,FAC0244,1454,2926,,2026-06-25 23:00:00,2026-06-26 00:00:00,Inpatient
1320,24.0,FAC1607,612,1211,,2026-04-22 13:00:00,2026-04-23 09:00:00,Unknown
1321,1375.0,FAC0494,1200,2410,,2026-04-14 20:00:00,2026-04-15 08:00:00,Inpatient
1322,610.0,FAC0550,1867,3738,,2026-04-17 15:00:00,2026-04-17 17:00:00,Emergency
1323,,FAC1608,1553,3126,,2026-06-23 17:00:00,2026-06-24 01:00:00,Inpatient
1324,1146.0,FAC0671,268,538,,2026-04-02 23:00:00,2026-04-06 19:00:00,Outpatient
1325,1081.0,FAC0742,425,841,,2026-02-17 09:00:00,2026-02-17 12:00:00,Follow-up
1326,346.0,FAC1935,710,1417,,2026-01-27 10:00:00,2026-01-27 16:00:00,Follow-up
1327,1387.0,FAC9999,444,882,,2026-03-17 06:00:00,2026-03-17 14:00:00,Inpatient
1328,1237.0,FAC9999,1119,2236,,2026-06-07 10:00:00,2026-06-07 15:00:00,Outpatient
1329,1140.0,FAC1682,370,735,,2026-03-31 10:00:00,2026-03-31 15:00:00,Follow-up
1330,892.0,FAC0375,669,1332,424.0,2026-06-19 20:00:00,2026-06-20 02:00:00,Inpatient
1331,963.0,FAC0415,142,285,,2026-05-12 15:00:00,2026-05-12 19:00:00,Outpatient
1332,307.0,FAC1421,99,197,,2026-08-07 02:00:00,2026-08-07 03:00:00,Inpatient
1333,958.0,FAC1781,1374,2773,,2026-04-08 21:00:00,2026-04-09 05:00:00,Inpatient
1334,,FAC1246,1282,2588,,2026-07-08 12:00:00,2026-07-09 00:00:00,Inpatient
1335,1443.0,FAC9999,1348,2722,652.0,2026-02-17 05:00:00,2026-02-17 09:00:00,Emergency
1336,1035.0,FAC9999,1733,3477,,2026-03-10 18:00:00,2026-03-10 22:00:00,Outpatient
1337,1368.0,FAC0612,800,1590,,2026-01-02 03:00:00,2026-01-02 05:00:00,Outpatient
1338,22.0,FAC0825,1130,2258,,2026-05-21 16:00:00,2026-05-22 00:00:00,Follow-up
1339,1490.0,FAC1816,1346,2717,,2026-07-11 14:00:00,2026-07-11 18:00:00,Inpatient
1340,634.0,FAC0262,775,1541,,2026-08-25 14:00:00,2026-08-26 10:00:00,Unknown
1341,961.0,FAC0119,1247,2509,,2026-04-02 19:00:00,2026-04-03 01:00:00,Emergency
1342,992.0,FAC1337,169,336,,2026-07-23 01:00:00,2026-07-23 02:00:00,Inpatient
1343,,FAC1344,925,1840,,2026-03-16 22:00:00,2026-03-17 04:00:00,Outpatient
1344,,FAC1108,27,59,,2026-07-12 15:00:00,2026-07-12 19:00:00,Emergency
1345,892.0,FAC0846,784,1560,,2026-08-02 09:00:00,2026-08-02 14:00:00,Follow-up
1346,438.0,FAC9999,1482,2984,,2026-03-01 17:00:00,2026-03-02 05:00:00,Outpatient
1347,1458.0,FAC0701,1392,2804,,2026-02-03 16:00:00,2026-02-03 17:00:00,Emergency
1348,895.0,FAC1674,727,1449,,2026-08-24 02:00:00,2026-08-24 22:00:00,Inpatient
1349,1111.0,FAC0495,828,1652,,2026-07-09 14:00:00,2026-07-10 02:00:00,Outpatient
1350,1083.0,FAC0860,1113,2225,,2026-05-09 07:00:00,2026-05-09 19:00:00,Emergency
1351,541.0,FAC9999,454,899,,2026-01-12 19:00:00,2026-01-13 03:00:00,Emergency
1352,439.0,FAC2037,1161,2328,,2026-01-11 12:00:00,2026-01-11 15:00:00,Emergency
1353,,FAC1058,110,220,,2026-01-12 16:00:00,2026-01-13 00:00:00,Emergency
1354,1246.0,FAC1965,734,1456,,2026-02-12 08:00:00,2026-02-12 12:00:00,Emergency
1355,476.0,FAC9999,1446,2913,,2026-03-06 16:00:00,2026-03-07 00:00:00,Emergency
1356,230.0,FAC0787,323,646,,2026-07-29 03:00:00,2026-07-29 09:00:00,Follow-up
1357,482.0,FAC1299,56,119,,2026-04-26 02:00:00,2026-04-26 03:00:00,Outpatient
1358,677.0,FAC0793,384,759,,2026-04-18 19:00:00,2026-04-19 00:00:00,Unknown
1359,2.0,FAC1288,801,1592,,2026-05-31 01:00:00,2026-05-31 05:00:00,Follow-up
1360,532.0,FAC1386,753,1494,,2026-03-12 14:00:00,2026-03-12 22:00:00,Outpatient
1361,168.0,FAC0506,1235,2482,,2026-01-21 05:00:00,2026-01-21 08:00:00,Outpatient
1362,693.0,FAC0106,1523,3068,,2026-07-13 07:00:00,2026-07-13 15:00:00,Unknown
1363,720.0,FAC1240,1847,3698,,2026-07-21 13:00:00,2026-07-22 09:00:00,Unknown
1364,1154.0,FAC0494,1200,2410,,2026-01-12 01:00:00,2026-01-12 06:00:00,Outpatient
1365,1068.0,FAC1962,579,1149,,2026-02-26 06:00:00,2026-02-26 10:00:00,Emergency
1366,1114.0,FAC1365,247,495,,2026-07-02 22:00:00,2026-07-03 06:00:00,Outpatient
1367,458.0,FAC1813,183,366,,2026-03-22 10:00:00,2026-03-22 11:00:00,Outpatient
1368,1201.0,FAC0809,306,611,,2026-07-21 15:00:00,2026-07-21 19:00:00,Outpatient
1369,64.0,FAC9999,195,390,,2026-02-17 09:00:00,2026-02-17 15:00:00,Follow-up
1370,1110.0,FAC1209,173,344,,2026-08-22 11:00:00,2026-08-23 07:00:00,Outpatient
1371,1340.0,FAC1531,717,1428,450.0,2026-01-24 19:00:00,2026-01-25 00:00:00,Outpatient
1372,822.0,FAC0213,350,698,,2026-07-20 23:00:00,2026-07-21 05:00:00,Outpatient
1373,730.0,FAC0441,1655,3319,,2026-01-31 18:00:00,2026-01-31 20:00:00,Unknown
1374,1181.0,FAC1294,1562,3145,,2026-05-17 14:00:00,2026-05-17 16:00:00,Follow-up
1375,1353.0,FAC9999,1488,2996,,2026-01-20 15:00:00,2026-01-20 16:00:00,Outpatient
1376,638.0,FAC0359,1207,2425,,2026-02-07 19:00:00,2026-02-07 23:00:00,Inpatient
1377,1144.0,FAC0361,1404,2827,,2026-07-20 11:00:00,2026-07-22 12:00:00,Follow-up
1378,1438.0,FAC1844,1734,3478,,2026-06-03 13:00:00,2026-06-03 15:00:00,Inpatient
1379,1211.0,FAC0911,1816,3637,,2026-02-23 04:00:00,2026-02-25 18:00:00,Inpatient
1380,1181.0,FAC0204,513,1013,,2026-02-11 04:00:00,2026-02-11 05:00:00,Emergency
1381,,FAC0866,74,148,,2026-07-31 06:00:00,2026-07-31 18:00:00,Outpatient
1382,965.0,FAC0840,1768,3544,,2026-04-03 16:00:00,2026-04-04 12:00:00,Emergency
1383,317.0,FAC1531,718,1429,588.0,2026-03-07 17:00:00,2026-03-07 18:00:00,Follow-up
1384,218.0,FAC0887,748,1485,,2026-06-26 05:00:00,2026-06-26 13:00:00,Inpatient
1385,68.0,FAC1088,1349,2724,,2026-02-28 01:00:00,2026-02-28 09:00:00,Emergency
1386,151.0,FAC1575,1778,3565,,2026-03-23 15:00:00,2026-03-23 17:00:00,Inpatient
1387,242.0,FAC1114,202,405,,2026-04-21 01:00:00,2026-04-21 03:00:00,Outpatient
1388,249.0,FAC1867,1698,3403,,2026-07-06 04:00:00,2026-07-08 04:00:00,Inpatient
1389,122.0,FAC0240,360,716,,2026-03-25 11:00:00,2026-03-26 07:00:00,Unknown
1390,1476.0,FAC1241,1093,2185,,2026-01-16 13:00:00,2026-01-16 16:00:00,Unknown
1391,583.0,FAC1859,213,429,,2026-03-29 19:00:00,2026-03-30 03:00:00,Unknown
1392,42.0,FAC1855,1586,3186,159.0,2026-06-12 03:00:00,2026-06-12 11:00:00,Outpatient
1393,591.0,FAC1059,1826,3658,,2026-01-08 11:00:00,2026-01-08 14:00:00,Outpatient
1394,289.0,FAC0066,123,249,189.0,2026-01-13 06:00:00,2026-01-13 14:00:00,Outpatient
1395,251.0,FAC0171,965,1919,,2026-07-21 08:00:00,2026-07-24 23:00:00,Outpatient
1396,523.0,FAC0394,470,928,,2026-07-23 13:00:00,2026-07-25 12:00:00,Outpatient
1397,1252.0,FAC1767,1298,2624,,2026-08-21 03:00:00,2026-08-21 08:00:00,Outpatient
1398,1131.0,FAC0297,1507,3034,290.0,2026-03-02 08:00:00,2026-03-02 16:00:00,Emergency
1399,575.0,FAC1320,487,963,,2026-08-13 11:00:00,2026-08-13 12:00:00,Unknown
1400,1210.0,FAC0112,22,49,,2026-07-27 23:00:00,2026-07-28 05:00:00,Unknown
1401,270.0,FAC0262,775,1541,,2026-04-27 08:00:00,2026-04-27 14:00:00,Follow-up
1402,1217.0,FAC9999,807,1607,,2026-02-26 21:00:00,2026-02-27 17:00:00,Emergency
1403,1340.0,FAC0917,1075,2151,,2026-05-05 08:00:00,2026-05-05 11:00:00,Emergency
1404,625.0,FAC1821,149,301,,2026-06-20 19:00:00,2026-06-20 20:00:00,Emergency
1405,,FAC0629,1165,2334,,2026-08-27 20:00:00,2026-08-28 08:00:00,Follow-up
1406,,FAC0136,327,654,,2026-06-22 20:00:00,2026-06-23 16:00:00,Emergency
1407,,FAC1085,853,1699,296.0,2026-06-04 02:00:00,2026-06-04 08:00:00,Inpatient
1408,197.0,FAC1973,81,159,,2026-08-29 09:00:00,2026-08-29 21:00:00,Inpatient
1409,1291.0,FAC1615,979,1954,,2026-02-01 15:00:00,2026-02-04 03:00:00,Follow-up
1410,1063.0,FAC0179,1680,3363,,2026-05-30 00:00:00,2026-05-30 03:00:00,Follow-up
1411,,FAC1918,244,488,,2026-04-10 02:00:00,2026-04-10 04:00:00,Follow-up
1412,281.0,FAC9999,720,1434,572.0,2026-07-04 17:00:00,2026-07-05 01:00:00,Follow-up
1413,389.0,FAC1874,14,34,,2026-06-02 16:00:00,2026-06-03 22:00:00,Emergency
1414,820.0,FAC1203,1517,3056,111.0,2026-05-04 20:00:00,2026-05-04 21:00:00,Unknown
1415,757.0,FAC9999,739,1465,,2026-02-10 15:00:00,2026-02-11 03:00:00,Emergency
1416,324.0,FAC1973,81,159,,2026-08-18 11:00:00,2026-08-22 01:00:00,Inpatient
1417,178.0,FAC1735,380,751,,2026-08-29 04:00:00,2026-08-29 10:00:00,Unknown
1418,368.0,FAC9999,501,993,,2026-03-29 04:00:00,2026-03-29 10:00:00,Follow-up
1419,70.0,FAC0927,1557,3135,,2026-05-14 10:00:00,2026-05-15 06:00:00,Emergency
1420,800.0,FAC0737,1125,2248,,2026-04-26 05:00:00,2026-04-30 02:00:00,Emergency
1421,116.0,FAC1489,1807,3617,,2026-07-17 04:00:00,2026-07-17 05:00:00,Emergency
1422,1500.0,FAC9999,1714,3434,,2026-03-26 06:00:00,2026-03-26 08:00:00,Inpatient
1423,244.0,FAC1419,1345,2716,,2026-03-11 11:00:00,2026-03-15 03:00:00,Outpatient
1424,,FAC1601,608,1202,,2026-02-28 09:00:00,2026-02-28 12:00:00,Inpatient
1425,260.0,FAC1771,282,564,,2026-07-03 22:00:00,2026-07-05 19:00:00,Outpatient
1426,175.0,FAC0651,1135,2270,,2026-08-24 18:00:00,2026-08-24 23:00:00,Emergency
1427,464.0,FAC0554,1679,3361,,2026-01-28 08:00:00,2026-02-01 06:00:00,Emergency
1428,64.0,FAC1289,1624,3261,655.0,2026-05-12 07:00:00,2026-05-12 12:00:00,Inpatient
1429,,FAC0786,1279,2582,,2026-08-13 15:00:00,2026-08-14 11:00:00,Inpatient
1430,623.0,FAC2031,1293,2613,,2026-07-13 04:00:00,2026-07-13 06:00:00,Unknown
1431,,FAC1288,802,1594,,2026-02-28 02:00:00,2026-02-28 06:00:00,Follow-up
1432,1159.0,FAC1271,1169,2343,,2026-08-19 23:00:00,2026-08-20 19:00:00,Unknown
1433,224.0,FAC0414,939,1867,,2026-01-04 01:00:00,2026-01-04 09:00:00,Inpatient
1434,637.0,FAC1289,1624,3262,,2026-04-15 11:00:00,2026-04-15 23:00:00,Unknown
1435,,FAC1129,1522,3066,,2026-03-27 11:00:00,2026-03-28 07:00:00,Follow-up
1436,579.0,FAC0788,846,1687,149.0,2026-08-11 11:00:00,2026-08-11 14:00:00,Unknown
1437,1439.0,FAC1518,392,776,,2026-05-09 16:00:00,2026-05-10 12:00:00,Unknown
1438,1012.0,FAC0240,360,716,,2026-02-08 10:00:00,2026-02-12 08:00:00,Emergency
1439,381.0,FAC0342,1398,2816,,2026-06-13 10:00:00,2026-06-13 14:00:00,Emergency
1440,139.0,FAC1967,219,443,,2026-05-15 21:00:00,2026-05-16 17:00:00,Inpatient
1441,52.0,FAC1702,1038,2081,,2026-01-12 07:00:00,2026-01-12 12:00:00,Emergency
1442,472.0,FAC0176,679,1354,,2026-07-08 16:00:00,2026-07-08 19:00:00,Follow-up
1443,,FAC1906,294,587,,2026-04-23 12:00:00,2026-04-24 00:00:00,Follow-up
1444,776.0,FAC0967,707,1411,,2026-01-12 17:00:00,2026-01-12 20:00:00,Follow-up
1445,658.0,FAC0430,554,1098,,2026-06-28 16:00:00,2026-06-29 04:00:00,Unknown
1446,1363.0,FAC0810,1354,2734,,2026-01-15 20:00:00,2026-01-17 14:00:00,Emergency
1447,148.0,FAC0882,381,753,,2026-08-04 06:00:00,2026-08-04 14:00:00,Emergency
1448,389.0,FAC0149,1133,2266,,2026-04-06 22:00:00,2026-04-07 01:00:00,Follow-up
1449,196.0,FAC0833,241,482,,2026-06-17 01:00:00,2026-06-17 13:00:00,Emergency
1450,169.0,FAC0458,1332,2691,,2026-07-22 08:00:00,2026-07-26 02:00:00,Outpatient
1451,250.0,FAC1226,1193,2398,,2026-07-26 12:00:00,2026-07-26 14:00:00,Emergency
1452,587.0,FAC0410,1742,3496,,2026-02-06 18:00:00,2026-02-07 02:00:00,Unknown
1453,1450.0,FAC0186,652,1292,,2026-03-21 08:00:00,2026-03-21 12:00:00,Unknown
1454,1219.0,FAC0583,132,267,,2026-08-06 15:00:00,2026-08-09 12:00:00,Outpatient
1455,743.0,FAC9999,1281,2587,,2026-02-28 07:00:00,2026-02-28 12:00:00,Follow-up
1456,1275.0,FAC1951,303,605,,2026-08-04 19:00:00,2026-08-05 07:00:00,Outpatient
1457,52.0,FAC1101,170,338,,2026-07-11 06:00:00,2026-07-11 11:00:00,Inpatient
1458,618.0,FAC1339,542,1074,,2026-06-03 15:00:00,2026-06-03 21:00:00,Emergency
1459,1130.0,FAC1014,1526,3072,,2026-04-16 20:00:00,2026-04-16 22:00:00,Outpatient
1460,976.0,FAC0011,1568,3155,,2026-04-14 01:00:00,2026-04-14 04:00:00,Outpatient
1461,1173.0,FAC0870,682,1360,,2026-02-09 15:00:00,2026-02-12 16:00:00,Inpatient
1462,896.0,FAC1248,857,1709,,2026-05-12 04:00:00,2026-05-12 16:00:00,Emergency
1463,93.0,FAC0482,1098,2196,,2026-02-24 03:00:00,2026-02-24 06:00:00,Inpatient
1464,470.0,FAC0300,342,682,,2026-03-24 08:00:00,2026-03-25 04:00:00,Outpatient
1465,,FAC0291,1753,3515,,2026-03-16 14:00:00,2026-03-16 18:00:00,Outpatient
1466,640.0,FAC0902,1850,3704,,2026-08-13 23:00:00,2026-08-14 19:00:00,Inpatient
1467,812.0,FAC1656,1492,3004,,2026-04-29 09:00:00,2026-04-29 21:00:00,Follow-up
1468,1017.0,FAC0810,1353,2732,,2026-01-02 14:00:00,2026-01-02 15:00:00,Inpatient
1469,789.0,FAC9999,754,1498,,2026-08-09 11:00:00,2026-08-09 19:00:00,Outpatient
1470,1377.0,FAC0480,5,11,,2026-04-07 22:00:00,2026-04-08 01:00:00,Inpatient
1471,1126.0,FAC1908,1607,3228,,2026-01-31 05:00:00,2026-02-01 01:00:00,Inpatient
1472,1190.0,FAC0221,227,456,,2026-08-08 16:00:00,2026-08-11 14:00:00,Inpatient
1473,1138.0,FAC1657,897,1785,,2026-07-15 14:00:00,2026-07-15 17:00:00,Follow-up
1474,1451.0,FAC0353,485,960,,2026-06-03 06:00:00,2026-06-07 02:00:00,Outpatient
1475,614.0,FAC0422,1713,3433,,2026-07-19 11:00:00,2026-07-19 19:00:00,Inpatient
1476,76.0,FAC9999,1244,2503,,2026-04-13 21:00:00,2026-04-14 05:00:00,Outpatient
1477,560.0,FAC1327,1677,3358,,2026-04-01 07:00:00,2026-04-01 09:00:00,Unknown
1478,517.0,FAC0255,372,738,,2026-08-23 08:00:00,2026-08-23 12:00:00,Emergency
1479,,FAC0611,968,1929,,2026-05-29 17:00:00,2026-05-29 19:00:00,Outpatient
1480,,FAC0329,1823,3653,,2026-03-21 13:00:00,2026-03-21 19:00:00,Outpatient
1481,536.0,FAC9999,287,573,,2026-01-31 00:00:00,2026-01-31 08:00:00,Inpatient
1482,1142.0,FAC1269,873,1740,,2026-01-23 15:00:00,2026-01-23 16:00:00,Unknown
1483,1455.0,FAC0695,1051,2103,,2026-08-29 07:00:00,2026-08-29 15:00:00,Emergency
1484,1084.0,FAC1621,1173,2355,,2026-01-22 22:00:00,2026-01-23 06:00:00,Emergency
1485,,FAC0781,1091,2182,,2026-07-08 17:00:00,2026-07-08 23:00:00,Emergency
1486,151.0,FAC0352,305,610,,2026-03-05 15:00:00,2026-03-05 19:00:00,Outpatient
1487,840.0,FAC0322,383,758,,2026-08-21 22:00:00,2026-08-22 06:00:00,Unknown
1488,1017.0,FAC1717,1085,2172,,2026-05-06 12:00:00,2026-05-07 00:00:00,Follow-up
1489,1009.0,FAC0585,966,1922,,2026-05-05 11:00:00,2026-05-05 15:00:00,Emergency
1490,1145.0,FAC0431,1471,2962,,2026-01-19 06:00:00,2026-01-19 11:00:00,Outpatient
1491,527.0,FAC2000,906,1804,,2026-01-19 18:00:00,2026-01-20 00:00:00,Inpatient
1492,1138.0,FAC1051,1446,2913,,2026-05-21 20:00:00,2026-05-22 16:00:00,Emergency
1493,886.0,FAC0136,326,652,,2026-08-07 04:00:00,2026-08-07 08:00:00,Inpatient
1494,1243.0,FAC1987,1142,2286,,2026-06-23 15:00:00,2026-06-23 23:00:00,Outpatient
1495,57.0,FAC1395,674,1344,,2026-01-25 02:00:00,2026-01-25 04:00:00,Inpatient
1496,218.0,FAC0576,1144,2291,,2026-03-20 16:00:00,2026-03-20 17:00:00,Emergency
1497,376.0,FAC0298,519,1025,,2026-02-20 13:00:00,2026-02-20 18:00:00,Follow-up
1498,321.0,FAC2037,1162,2330,,2026-03-08 18:00:00,2026-03-08 19:00:00,Unknown
1499,1488.0,FAC0369,4,10,,2026-04-11 03:00:00,2026-04-11 11:00:00,Emergency
1500,943.0,FAC1468,1548,3116,,2026-03-21 20:00:00,2026-03-21 22:00:00,Unknown
1501,986.0,FAC0902,1850,3704,,2026-05-16 21:00:00,2026-05-16 22:00:00,Follow-up
1502,1256.0,FAC1085,851,1697,,2026-04-08 14:00:00,2026-04-08 18:00:00,Follow-up
1503,372.0,FAC0788,846,1687,,2026-05-30 21:00:00,2026-05-31 05:00:00,Outpatient
1504,372.0,FAC0472,82,161,,2026-04-28 05:00:00,2026-04-28 13:00:00,Emergency
1505,1382.0,FAC0238,412,815,,2026-01-15 11:00:00,2026-01-16 07:00:00,Follow-up
1506,1159.0,FAC0108,1067,2133,,2026-02-10 08:00:00,2026-02-10 14:00:00,Follow-up
1507,1362.0,FAC1642,190,381,,2026-04-04 11:00:00,2026-04-04 23:00:00,Inpatient
1508,,FAC1622,292,582,,2026-01-02 03:00:00,2026-01-02 05:00:00,Emergency
1509,1389.0,FAC0046,566,1117,,2026-01-25 14:00:00,2026-01-26 02:00:00,Inpatient
1510,375.0,FAC1621,1173,2355,,2026-08-03 13:00:00,2026-08-03 14:00:00,Follow-up
1511,697.0,FAC1919,949,1884,,2026-05-11 17:00:00,2026-05-12 13:00:00,Follow-up
1512,,FAC0469,1409,2838,,2026-08-26 16:00:00,2026-08-26 22:00:00,Follow-up
1513,,FAC1682,370,736,,2026-04-07 15:00:00,2026-04-07 20:00:00,Inpatient
1514,1428.0,FAC0376,1792,3587,,2026-08-07 13:00:00,2026-08-11 02:00:00,Emergency
1515,1017.0,FAC1899,1668,3345,,2026-02-13 12:00:00,2026-02-13 16:00:00,Unknown
1516,811.0,FAC0528,912,1815,,2026-06-18 13:00:00,2026-06-18 19:00:00,Follow-up
1517,541.0,FAC1203,1516,3054,,2026-03-27 16:00:00,2026-03-28 04:00:00,Follow-up
1518,1268.0,FAC9999,718,1430,,2026-07-29 18:00:00,2026-07-29 23:00:00,Follow-up
1519,161.0,FAC0701,1391,2801,,2026-04-01 20:00:00,2026-04-02 00:00:00,Emergency
1520,908.0,FAC1002,1605,3225,,2026-08-10 10:00:00,2026-08-10 11:00:00,Inpatient
1521,49.0,FAC0394,470,928,,2026-03-03 14:00:00,2026-03-04 02:00:00,Inpatient
1522,,FAC0737,1125,2248,,2026-05-24 23:00:00,2026-05-25 04:00:00,Follow-up
1523,465.0,FAC1445,580,1150,,2026-06-09 08:00:00,2026-06-09 14:00:00,Unknown
1524,904.0,FAC1711,436,864,,2026-03-13 17:00:00,2026-03-13 18:00:00,Follow-up
1525,15.0,FAC1615,979,1954,,2026-02-28 17:00:00,2026-02-28 21:00:00,Inpatient
1526,1093.0,FAC0286,1362,2750,,2026-08-25 12:00:00,2026-08-25 16:00:00,Inpatient
1527,,FAC1088,1349,2724,,2026-03-05 13:00:00,2026-03-05 21:00:00,Emergency
1528,1075.0,FAC0650,1842,3691,,2026-06-28 08:00:00,2026-06-28 09:00:00,Follow-up
1529,940.0,FAC0533,405,799,,2026-01-15 08:00:00,2026-01-15 10:00:00,Emergency
1530,1479.0,FAC1284,2,6,,2026-02-25 05:00:00,2026-02-25 10:00:00,Outpatient
1531,212.0,FAC1962,578,1148,,2026-07-25 23:00:00,2026-07-26 02:00:00,Follow-up
1532,1058.0,FAC1745,667,1327,,2026-08-11 17:00:00,2026-08-12 05:00:00,Follow-up
1533,414.0,FAC2041,379,749,,2026-08-25 12:00:00,2026-08-26 00:00:00,Emergency
1534,875.0,FAC9999,1217,2447,,2026-06-27 12:00:00,2026-06-27 20:00:00,Outpatient
1535,448.0,FAC1670,457,904,311.0,2026-08-08 04:00:00,2026-08-08 16:00:00,Inpatient
1536,1169.0,FAC0907,1540,3098,,2026-05-02 08:00:00,2026-05-02 10:00:00,Emergency
1537,301.0,FAC0406,1114,2226,,2026-07-01 18:00:00,2026-07-01 23:00:00,Unknown
1538,182.0,FAC1421,99,197,,2026-02-15 20:00:00,2026-02-18 07:00:00,Follow-up
1539,990.0,FAC1973,81,159,,2026-01-29 21:00:00,2026-01-30 03:00:00,Outpatient
1540,613.0,FAC9999,733,1455,,2026-03-09 18:00:00,2026-03-10 06:00:00,Follow-up
1541,1299.0,FAC0756,1062,2124,,2026-02-21 16:00:00,2026-02-21 20:00:00,Unknown
1542,45.0,FAC0159,1627,3267,,2026-01-23 08:00:00,2026-01-23 13:00:00,Inpatient
1543,659.0,FAC0554,1679,3361,,2026-08-09 20:00:00,2026-08-10 02:00:00,Emergency
1544,969.0,FAC0178,1320,2666,,2026-06-01 06:00:00,2026-06-01 12:00:00,Outpatient
1545,705.0,FAC1940,1784,3575,,2026-07-13 20:00:00,2026-07-13 23:00:00,Follow-up
1546,381.0,FAC1299,56,119,,2026-01-08 23:00:00,2026-01-12 12:00:00,Follow-up
1547,887.0,FAC0169,618,1224,,2026-01-16 15:00:00,2026-01-16 17:00:00,Outpatient
1548,328.0,FAC9999,1777,3564,,2026-02-16 07:00:00,2026-02-16 15:00:00,Outpatient
1549,448.0,FAC0159,1627,3267,,2026-01-29 04:00:00,2026-01-29 08:00:00,Follow-up
1550,520.0,FAC0789,864,1721,,2026-06-03 20:00:00,2026-06-04 16:00:00,Emergency
1551,1377.0,FAC1993,1812,3629,,2026-06-29 23:00:00,2026-06-30 03:00:00,Inpatient
1552,843.0,FAC0416,931,1850,,2026-04-25 00:00:00,2026-04-25 06:00:00,Unknown
1553,1186.0,FAC9999,912,1815,,2026-07-14 01:00:00,2026-07-14 09:00:00,Emergency
1554,62.0,FAC1977,222,447,769.0,2026-04-20 08:00:00,2026-04-20 09:00:00,Follow-up
1555,932.0,FAC0125,63,130,,2026-02-22 17:00:00,2026-02-22 22:00:00,Follow-up
1556,1497.0,FAC0223,988,1976,,2026-05-12 06:00:00,2026-05-12 07:00:00,Inpatient
1557,,FAC1984,472,931,,2026-04-29 06:00:00,2026-04-29 14:00:00,Emergency
1558,584.0,FAC1638,1238,2490,,2026-06-23 00:00:00,2026-06-23 05:00:00,Emergency
1559,265.0,FAC0629,1166,2336,,2026-02-17 16:00:00,2026-02-17 17:00:00,Outpatient
1560,,FAC0594,347,691,,2026-05-22 16:00:00,2026-05-22 20:00:00,Follow-up
1561,525.0,FAC1343,1506,3033,,2026-07-09 02:00:00,2026-07-09 10:00:00,Unknown
1562,,FAC0701,1393,2805,,2026-07-11 19:00:00,2026-07-12 15:00:00,Emergency
1563,535.0,FAC9999,1787,3581,,2026-08-16 01:00:00,2026-08-16 21:00:00,Emergency
1564,,FAC0140,1881,3764,,2026-01-07 06:00:00,2026-01-07 09:00:00,Outpatient
1565,1283.0,FAC0789,864,1721,,2026-04-22 00:00:00,2026-04-23 22:00:00,Inpatient
1566,1269.0,FAC0366,792,1570,,2026-07-19 01:00:00,2026-07-22 14:00:00,Emergency
1567,424.0,FAC1906,294,586,,2026-01-10 04:00:00,2026-01-10 12:00:00,Unknown
1568,449.0,FAC0240,360,716,,2026-06-03 05:00:00,2026-06-05 02:00:00,Emergency
1569,819.0,FAC0844,1595,3206,,2026-03-09 00:00:00,2026-03-09 04:00:00,Outpatient
1570,1224.0,FAC1848,822,1640,,2026-06-01 03:00:00,2026-06-01 09:00:00,Emergency
1571,124.0,FAC0937,1508,3036,243.0,2026-02-16 21:00:00,2026-02-17 09:00:00,Inpatient
1572,335.0,FAC1898,1746,3503,,2026-01-31 04:00:00,2026-01-31 10:00:00,Inpatient
1573,1144.0,FAC0915,172,342,,2026-01-02 00:00:00,2026-01-02 05:00:00,Inpatient
1574,161.0,FAC1682,370,736,,2026-05-17 04:00:00,2026-05-17 05:00:00,Follow-up
1575,1060.0,FAC1044,1761,3532,,2026-07-26 01:00:00,2026-07-26 06:00:00,Outpatient
1576,1420.0,FAC1092,1459,2934,,2026-05-26 07:00:00,2026-05-26 08:00:00,Emergency
1577,1087.0,FAC0060,549,1090,,2026-07-01 14:00:00,2026-07-01 18:00:00,Emergency
1578,995.0,FAC1356,829,1653,,2026-04-25 06:00:00,2026-04-26 02:00:00,Inpatient
1579,1468.0,FAC1293,496,978,,2026-06-13 21:00:00,2026-06-14 03:00:00,Inpatient
1580,215.0,FAC0273,980,1955,,2026-08-08 02:00:00,2026-08-08 22:00:00,Inpatient
1581,298.0,FAC2000,906,1804,198.0,2026-06-23 06:00:00,2026-06-24 02:00:00,Inpatient
1582,,FAC0333,818,1633,,2026-05-31 11:00:00,2026-05-31 13:00:00,Emergency
1583,,FAC0753,341,680,,2026-06-15 14:00:00,2026-06-15 22:00:00,Outpatient
1584,694.0,FAC1628,622,1232,,2026-01-11 07:00:00,2026-01-11 08:00:00,Outpatient
1585,867.0,FAC1133,1081,2163,,2026-07-06 19:00:00,2026-07-08 18:00:00,Emergency
1586,,FAC1533,486,961,,2026-04-10 03:00:00,2026-04-10 09:00:00,Outpatient
1587,,FAC0141,1545,3108,,2026-05-12 17:00:00,2026-05-12 22:00:00,Outpatient
1588,1461.0,FAC1783,1672,3351,,2026-07-08 00:00:00,2026-07-08 20:00:00,Unknown
1589,523.0,FAC1611,1233,2478,,2026-04-15 22:00:00,2026-04-16 03:00:00,Outpatient
1590,681.0,FAC2008,437,866,,2026-04-24 13:00:00,2026-04-24 19:00:00,Emergency
1591,722.0,FAC0313,1463,2944,,2026-06-28 06:00:00,2026-06-28 12:00:00,Emergency
1592,1047.0,FAC9999,949,1884,,2026-08-08 01:00:00,2026-08-08 21:00:00,Inpatient
1593,313.0,FAC1030,1246,2508,,2026-04-23 10:00:00,2026-04-23 15:00:00,Follow-up
1594,926.0,FAC1469,1436,2896,,2026-05-08 15:00:00,2026-05-08 20:00:00,Unknown
1595,369.0,FAC1133,1081,2163,,2026-03-14 22:00:00,2026-03-15 00:00:00,Inpatient
1596,1054.0,FAC0487,399,787,,2026-02-07 09:00:00,2026-02-07 13:00:00,Unknown
1597,963.0,FAC1170,1119,2236,,2026-01-10 00:00:00,2026-01-10 12:00:00,Outpatient
1598,584.0,FAC1944,1331,2689,110.0,2026-03-26 11:00:00,2026-03-26 16:00:00,Emergency
1599,1410.0,FAC1351,1068,2135,,2026-04-17 14:00:00,2026-04-17 19:00:00,Outpatient
1600,,FAC1264,816,1628,,2026-02-20 21:00:00,2026-02-21 03:00:00,Follow-up
1601,1001.0,FAC1737,1237,2487,,2026-02-09 10:00:00,2026-02-12 18:00:00,Inpatient
1602,62.0,FAC0745,637,1262,,2026-07-18 14:00:00,2026-07-18 22:00:00,Follow-up
1603,1279.0,FAC1320,487,963,,2026-07-22 00:00:00,2026-07-22 08:00:00,Emergency
1604,318.0,FAC1054,233,468,385.0,2026-02-09 15:00:00,2026-02-11 17:00:00,Follow-up
1605,739.0,FAC0923,741,1469,,2026-07-26 02:00:00,2026-07-26 07:00:00,Emergency
1606,232.0,FAC0376,1791,3585,,2026-06-10 06:00:00,2026-06-10 11:00:00,Outpatient
1607,1305.0,FAC0818,928,1845,,2026-01-15 10:00:00,2026-01-19 08:00:00,Emergency
1608,,FAC1628,622,1230,,2026-07-22 09:00:00,2026-07-22 15:00:00,Emergency
1609,689.0,FAC1271,1169,2343,,2026-08-25 13:00:00,2026-08-25 16:00:00,Outpatient
1610,1144.0,FAC1647,794,1575,,2026-02-24 06:00:00,2026-02-24 12:00:00,Follow-up
1611,850.0,FAC9999,1310,2645,,2026-05-11 01:00:00,2026-05-11 21:00:00,Emergency
1612,16.0,FAC1227,1417,2853,,2026-07-25 23:00:00,2026-07-26 01:00:00,Outpatient
1613,855.0,FAC0414,939,1865,,2026-01-14 09:00:00,2026-01-14 13:00:00,Outpatient
1614,182.0,FAC1597,885,1761,,2026-08-22 10:00:00,2026-08-22 22:00:00,Emergency
1615,325.0,FAC1795,1433,2889,,2026-06-10 22:00:00,2026-06-11 10:00:00,Inpatient
1616,801.0,FAC0050,410,810,,2026-04-09 01:00:00,2026-04-09 05:00:00,Outpatient
1617,1393.0,FAC0514,1254,2527,,2026-01-10 16:00:00,2026-01-11 12:00:00,Emergency
1618,1392.0,FAC1911,1214,2440,,2026-01-23 01:00:00,2026-01-23 07:00:00,Emergency
1619,1131.0,FAC9999,1477,2972,,2026-06-02 02:00:00,2026-06-02 04:00:00,Outpatient
1620,,FAC0124,689,1378,,2026-01-12 05:00:00,2026-01-12 13:00:00,Emergency
1621,,FAC0747,88,174,,2026-07-01 06:00:00,2026-07-01 10:00:00,Inpatient
1622,1169.0,FAC1234,1775,3560,,2026-03-04 15:00:00,2026-03-06 20:00:00,Inpatient
1623,5.0,FAC9999,1717,3442,,2026-06-21 07:00:00,2026-06-22 03:00:00,Follow-up
1624,348.0,FAC0171,965,1919,,2026-01-17 17:00:00,2026-01-19 14:00:00,Inpatient
1625,609.0,FAC1525,983,1965,,2026-08-29 14:00:00,2026-08-30 10:00:00,Outpatient
1626,845.0,FAC9999,1405,2830,,2026-04-21 12:00:00,2026-04-21 16:00:00,Emergency
1627,277.0,FAC0420,1663,3333,,2026-01-03 17:00:00,2026-01-03 21:00:00,Emergency
1628,1433.0,FAC0721,955,1898,,2026-02-17 09:00:00,2026-02-17 12:00:00,Follow-up
1629,599.0,FAC1789,813,1620,,2026-03-13 04:00:00,2026-03-13 12:00:00,Emergency
1630,62.0,FAC9999,503,996,,2026-04-29 20:00:00,2026-04-30 16:00:00,Inpatient
1631,1402.0,FAC1795,1433,2887,,2026-07-14 15:00:00,2026-07-14 23:00:00,Unknown
1632,906.0,FAC0592,440,873,,2026-07-20 20:00:00,2026-07-23 17:00:00,Outpatient
1633,1420.0,FAC1246,1282,2588,,2026-05-02 14:00:00,2026-05-02 19:00:00,Emergency
1634,1161.0,FAC0576,1144,2291,,2026-03-21 12:00:00,2026-03-22 08:00:00,Follow-up
1635,181.0,FAC1030,1246,2508,,2026-08-27 08:00:00,2026-08-27 16:00:00,Inpatient
1636,1166.0,FAC0259,1852,3709,,2026-06-30 10:00:00,2026-07-03 12:00:00,Outpatient
1637,670.0,FAC0799,1521,3065,,2026-07-26 13:00:00,2026-07-30 02:00:00,Emergency
1638,296.0,FAC1903,1231,2475,,2026-06-07 08:00:00,2026-06-10 17:00:00,Inpatient
1639,776.0,FAC9999,1175,2360,,2026-07-14 00:00:00,2026-07-14 20:00:00,Follow-up
1640,1207.0,FAC1587,492,970,,2026-04-10 13:00:00,2026-04-11 09:00:00,Outpatient
1641,250.0,FAC0606,1811,3627,,2026-05-18 05:00:00,2026-05-18 08:00:00,Inpatient
1642,1362.0,FAC1957,447,888,,2026-06-11 20:00:00,2026-06-11 23:00:00,Emergency
1643,1148.0,FAC1223,714,1424,,2026-02-05 05:00:00,2026-02-05 06:00:00,Inpatient
1644,426.0,FAC9999,873,1740,,2026-05-05 22:00:00,2026-05-06 18:00:00,Emergency
1645,793.0,FAC1421,99,197,,2026-07-02 02:00:00,2026-07-02 06:00:00,Unknown
1646,617.0,FAC0620,916,1823,,2026-05-07 16:00:00,2026-05-07 20:00:00,Unknown
1647,544.0,FAC0725,1752,3513,,2026-03-25 18:00:00,2026-03-26 02:00:00,Emergency
1648,921.0,FAC0085,1267,2558,,2026-04-13 20:00:00,2026-04-14 02:00:00,Unknown
1649,,FAC0414,938,1864,,2026-06-23 00:00:00,2026-06-23 01:00:00,Emergency
1650,138.0,FAC0652,624,1235,139.0,2026-07-08 04:00:00,2026-07-08 12:00:00,Follow-up
1651,870.0,FAC0632,1224,2462,,2026-06-13 08:00:00,2026-06-13 13:00:00,Inpatient
1652,849.0,FAC0319,1828,3663,,2026-02-12 14:00:00,2026-02-12 15:00:00,Emergency
1653,220.0,FAC0716,770,1529,,2026-04-22 11:00:00,2026-04-22 15:00:00,Emergency
1654,519.0,FAC0814,1498,3016,,2026-01-11 01:00:00,2026-01-11 06:00:00,Inpatient
1655,1403.0,FAC0308,163,326,,2026-04-21 14:00:00,2026-04-21 19:00:00,Follow-up
1656,205.0,FAC0644,1340,2705,,2026-02-05 01:00:00,2026-02-05 05:00:00,Unknown
1657,1294.0,FAC0232,155,312,,2026-01-24 18:00:00,2026-01-25 14:00:00,Emergency
1658,1347.0,FAC9999,1258,2537,,2026-07-25 10:00:00,2026-07-25 18:00:00,Emergency
1659,208.0,FAC1279,1179,2368,,2026-02-27 10:00:00,2026-02-28 06:00:00,Emergency
1660,1113.0,FAC9999,90,178,,2026-06-10 08:00:00,2026-06-10 12:00:00,Inpatient
1661,381.0,FAC0712,1561,3144,,2026-05-25 16:00:00,2026-05-26 04:00:00,Follow-up
1662,1455.0,FAC0716,770,1529,,2026-02-17 15:00:00,2026-02-21 09:00:00,Emergency
1663,425.0,FAC0833,242,484,,2026-05-21 03:00:00,2026-05-21 04:00:00,Follow-up
1664,1036.0,FAC0562,73,145,,2026-01-20 23:00:00,2026-01-21 11:00:00,Outpatient
1665,745.0,FAC1090,67,135,,2026-02-02 19:00:00,2026-02-02 21:00:00,Unknown
1666,941.0,FAC0367,648,1286,,2026-07-19 09:00:00,2026-07-19 17:00:00,Emergency
1667,1226.0,FAC0287,1160,2325,,2026-03-27 04:00:00,2026-03-27 16:00:00,Outpatient
1668,370.0,FAC9999,1315,2658,,2026-06-07 19:00:00,2026-06-08 03:00:00,Outpatient
1669,232.0,FAC1938,1809,3623,534.0,2026-03-16 06:00:00,2026-03-16 12:00:00,Inpatient
1670,640.0,FAC1973,80,157,,2026-06-10 15:00:00,2026-06-11 03:00:00,Unknown
1671,453.0,FAC1054,234,469,,2026-04-20 02:00:00,2026-04-20 03:00:00,Inpatient
1672,287.0,FAC1493,1695,3397,,2026-04-13 17:00:00,2026-04-17 13:00:00,Emergency
1673,412.0,FAC9999,629,1247,,2026-01-29 09:00:00,2026-01-29 21:00:00,Inpatient
1674,318.0,FAC0329,1823,3653,,2026-03-14 07:00:00,2026-03-14 09:00:00,Inpatient
1675,578.0,FAC1356,829,1654,,2026-07-24 02:00:00,2026-07-24 05:00:00,Follow-up
1676,,FAC1836,799,1588,,2026-04-12 01:00:00,2026-04-12 04:00:00,Inpatient
1677,823.0,FAC0621,371,737,,2026-08-20 13:00:00,2026-08-22 04:00:00,Emergency
1678,46.0,FAC1888,951,1890,,2026-07-15 04:00:00,2026-07-15 09:00:00,Follow-up
1679,,FAC0835,600,1186,,2026-02-08 13:00:00,2026-02-09 01:00:00,Inpatient
1680,,FAC1744,1688,3380,,2026-03-03 12:00:00,2026-03-04 00:00:00,Outpatient
1681,932.0,FAC0412,272,543,,2026-03-22 03:00:00,2026-03-22 04:00:00,Outpatient
1682,730.0,FAC0554,1679,3361,,2026-08-05 21:00:00,2026-08-06 05:00:00,Follow-up
1683,873.0,FAC0866,74,146,,2026-01-01 10:00:00,2026-01-01 22:00:00,Unknown
1684,146.0,FAC1418,1442,2906,,2026-01-22 22:00:00,2026-01-26 12:00:00,Outpatient
1685,785.0,FAC1495,1593,3200,,2026-08-11 22:00:00,2026-08-12 02:00:00,Inpatient
1686,,FAC0168,1835,3676,,2026-07-24 06:00:00,2026-07-24 10:00:00,Inpatient
1687,1290.0,FAC0983,31,66,77.0,2026-04-05 08:00:00,2026-04-06 04:00:00,Emergency
1688,1194.0,FAC0670,1370,2766,,2026-03-23 02:00:00,2026-03-23 10:00:00,Emergency
1689,115.0,FAC9999,884,1760,,2026-05-29 09:00:00,2026-05-29 13:00:00,Inpatient
1690,222.0,FAC1358,1621,3256,,2026-05-16 07:00:00,2026-05-16 08:00:00,Inpatient
1691,362.0,FAC1293,496,979,,2026-06-24 08:00:00,2026-06-24 16:00:00,Emergency
1692,1402.0,FAC0837,1180,2369,,2026-07-09 03:00:00,2026-07-09 04:00:00,Unknown
1693,71.0,FAC1088,1349,2724,,2026-01-18 20:00:00,2026-01-18 22:00:00,Emergency
1694,625.0,FAC1944,1331,2688,,2026-05-10 01:00:00,2026-05-10 07:00:00,Outpatient
1695,1243.0,FAC0197,91,180,,2026-02-18 09:00:00,2026-02-21 23:00:00,Emergency
1696,508.0,FAC0810,1354,2735,,2026-04-17 06:00:00,2026-04-17 10:00:00,Outpatient
1697,988.0,FAC1589,581,1151,,2026-07-17 11:00:00,2026-07-17 16:00:00,Inpatient
1698,1435.0,FAC1960,870,1735,85.0,2026-01-14 00:00:00,2026-01-14 20:00:00,Emergency
1699,831.0,FAC0536,225,453,,2026-03-01 14:00:00,2026-03-02 02:00:00,Outpatient
1700,1325.0,FAC0278,1203,2416,,2026-01-25 14:00:00,2026-01-25 15:00:00,Emergency
1701,126.0,FAC9999,824,1644,,2026-07-29 05:00:00,2026-07-29 11:00:00,Inpatient
1702,1393.0,FAC1158,1033,2069,,2026-08-09 06:00:00,2026-08-09 18:00:00,Outpatient
1703,1315.0,FAC1842,840,1677,,2026-04-06 12:00:00,2026-04-07 08:00:00,Outpatient
1704,776.0,FAC1341,849,1692,,2026-04-24 11:00:00,2026-04-24 12:00:00,Emergency
1705,194.0,FAC0149,1133,2266,,2026-07-09 07:00:00,2026-07-09 11:00:00,Outpatient
1706,1437.0,FAC1804,1427,2877,,2026-01-15 21:00:00,2026-01-16 03:00:00,Emergency
1707,,FAC0579,1686,3377,,2026-07-18 12:00:00,2026-07-19 08:00:00,Inpatient
1708,1470.0,FAC1670,457,902,,2026-01-19 15:00:00,2026-01-19 19:00:00,Follow-up
1709,1319.0,FAC9999,527,1044,,2026-01-08 16:00:00,2026-01-08 21:00:00,Emergency
1710,790.0,FAC9999,78,155,,2026-06-30 22:00:00,2026-07-01 03:00:00,Emergency
1711,306.0,FAC1084,1551,3122,,2026-03-27 18:00:00,2026-03-27 22:00:00,Emergency
1712,44.0,FAC1269,873,1740,,2026-05-08 12:00:00,2026-05-08 18:00:00,Outpatient
1713,535.0,FAC9999,1085,2171,,2026-02-16 00:00:00,2026-02-16 12:00:00,Emergency
1714,302.0,FAC1836,798,1585,,2026-07-04 05:00:00,2026-07-04 17:00:00,Outpatient
1715,1356.0,FAC1241,1093,2185,767.0,2026-02-10 13:00:00,2026-02-10 14:00:00,Inpatient
1716,1294.0,FAC0261,1845,3695,,2026-04-09 23:00:00,2026-04-10 01:00:00,Outpatient
1717,,FAC0044,1055,2111,,2026-08-09 00:00:00,2026-08-09 02:00:00,Outpatient
1718,1242.0,FAC1880,1865,3734,383.0,2026-02-26 13:00:00,2026-02-26 14:00:00,Outpatient
1719,571.0,FAC0768,1107,2212,219.0,2026-05-27 00:00:00,2026-05-27 20:00:00,Outpatient
1720,958.0,FAC1903,1230,2474,,2026-01-13 06:00:00,2026-01-16 13:00:00,Follow-up
1721,832.0,FAC1794,1294,2615,,2026-02-13 16:00:00,2026-02-13 17:00:00,Emergency
1722,1369.0,FAC0291,1754,3516,,2026-06-26 16:00:00,2026-06-27 04:00:00,Follow-up
1723,1006.0,FAC1001,1543,3105,224.0,2026-05-07 01:00:00,2026-05-07 03:00:00,Emergency
1724,1206.0,FAC1382,1259,2540,,2026-02-04 22:00:00,2026-02-05 06:00:00,Inpatient
1725,206.0,FAC1845,1664,3337,,2026-05-25 10:00:00,2026-05-25 18:00:00,Unknown
1726,889.0,FAC0615,563,1111,,2026-05-06 14:00:00,2026-05-06 18:00:00,Unknown
1727,1218.0,FAC1042,1815,3635,,2026-04-10 22:00:00,2026-04-11 00:00:00,Inpatient
1728,76.0,FAC1354,280,558,,2026-08-10 03:00:00,2026-08-10 07:00:00,Emergency
1729,,FAC0508,749,1487,,2026-08-02 18:00:00,2026-08-03 06:00:00,Emergency
1730,,FAC0429,1366,2759,,2026-06-06 05:00:00,2026-06-06 11:00:00,Outpatient
1731,1016.0,FAC0747,87,170,,2026-01-28 13:00:00,2026-01-29 01:00:00,Emergency
1732,1480.0,FAC9999,1662,3332,,2026-04-17 20:00:00,2026-04-18 08:00:00,Inpatient
1733,1109.0,FAC1978,670,1336,,2026-05-22 04:00:00,2026-05-22 06:00:00,Follow-up
1734,1018.0,FAC0424,1359,2744,,2026-05-11 14:00:00,2026-05-11 19:00:00,Follow-up
1735,1244.0,FAC1408,844,1683,,2026-04-06 19:00:00,2026-04-07 01:00:00,Emergency
1736,1100.0,FAC1872,396,781,,2026-04-06 12:00:00,2026-04-07 00:00:00,Outpatient
1737,719.0,FAC0787,322,645,,2026-07-17 01:00:00,2026-07-17 03:00:00,Inpatient
1738,1428.0,FAC0746,119,242,,2026-08-17 08:00:00,2026-08-17 16:00:00,Outpatient
1739,782.0,FAC1354,281,562,,2026-01-29 18:00:00,2026-01-29 20:00:00,Follow-up
1740,1199.0,FAC0911,1816,3638,,2026-02-18 06:00:00,2026-02-18 12:00:00,Unknown
1741,77.0,FAC0330,1274,2571,,2026-06-10 02:00:00,2026-06-10 06:00:00,Unknown
1742,444.0,FAC1681,1047,2096,,2026-03-24 20:00:00,2026-03-25 04:00:00,Inpatient
1743,,FAC0527,959,1908,125.0,2026-05-03 11:00:00,2026-05-03 15:00:00,Inpatient
1744,679.0,FAC1601,608,1201,,2026-04-19 22:00:00,2026-04-20 01:00:00,Outpatient
1745,1226.0,FAC9999,257,516,,2026-03-12 17:00:00,2026-03-13 05:00:00,Emergency
1746,1033.0,FAC0377,896,1781,,2026-01-30 05:00:00,2026-01-31 01:00:00,Unknown
1747,1211.0,FAC1386,753,1494,,2026-05-31 06:00:00,2026-05-31 11:00:00,Emergency
1748,926.0,FAC0980,232,466,,2026-05-27 05:00:00,2026-05-27 08:00:00,Inpatient
1749,453.0,FAC0073,1089,2180,,2026-04-23 20:00:00,2026-04-26 15:00:00,Follow-up
1750,17.0,FAC0304,620,1228,298.0,2026-03-04 18:00:00,2026-03-04 23:00:00,Follow-up
1751,1320.0,FAC0040,696,1389,,2026-03-22 10:00:00,2026-03-22 22:00:00,Follow-up
1752,,FAC1593,1356,2739,,2026-04-28 09:00:00,2026-04-28 13:00:00,Outpatient
1753,258.0,FAC0965,1727,3464,,2026-03-19 06:00:00,2026-03-19 11:00:00,Emergency
1754,,FAC1735,380,752,,2026-05-09 22:00:00,2026-05-10 00:00:00,Outpatient
1755,677.0,FAC1794,1294,2617,,2026-04-01 01:00:00,2026-04-01 04:00:00,Follow-up
1756,,FAC2039,293,583,,2026-03-11 16:00:00,2026-03-11 17:00:00,Inpatient
1757,1212.0,FAC1034,709,1416,,2026-08-07 11:00:00,2026-08-07 23:00:00,Unknown
1758,856.0,FAC0320,1868,3739,,2026-08-14 19:00:00,2026-08-15 00:00:00,Inpatient
1759,,FAC1191,368,732,,2026-04-15 17:00:00,2026-04-16 01:00:00,Follow-up
1760,10.0,FAC0650,1842,3690,,2026-05-18 10:00:00,2026-05-18 16:00:00,Outpatient
1761,1173.0,FAC0887,748,1484,,2026-02-28 18:00:00,2026-03-02 03:00:00,Emergency
1762,218.0,FAC1473,1503,3025,,2026-07-21 22:00:00,2026-07-22 00:00:00,Outpatient
1763,299.0,FAC0074,555,1100,,2026-07-19 23:00:00,2026-07-20 11:00:00,Emergency
1764,396.0,FAC1271,1169,2343,,2026-03-13 18:00:00,2026-03-13 21:00:00,Outpatient
1765,3.0,FAC0132,1737,3485,,2026-08-06 16:00:00,2026-08-06 18:00:00,Follow-up
1766,1275.0,FAC0558,1145,2293,,2026-01-30 06:00:00,2026-02-01 21:00:00,Inpatient
1767,919.0,FAC0124,689,1379,,2026-02-23 16:00:00,2026-02-26 23:00:00,Outpatient
1768,183.0,FAC0974,186,373,,2026-07-03 15:00:00,2026-07-03 16:00:00,Inpatient
1769,939.0,FAC9999,552,1095,,2026-04-12 01:00:00,2026-04-12 03:00:00,Follow-up
1770,1408.0,FAC2011,526,1043,,2026-04-09 05:00:00,2026-04-09 10:00:00,Emergency
1771,663.0,FAC1437,1715,3437,,2026-04-17 05:00:00,2026-04-20 22:00:00,Inpatient
1772,253.0,FAC1042,1815,3635,,2026-03-29 22:00:00,2026-03-30 03:00:00,Follow-up
1773,1453.0,FAC1271,1169,2343,,2026-02-13 04:00:00,2026-02-13 08:00:00,Emergency
1774,1004.0,FAC1538,6,14,,2026-07-12 14:00:00,2026-07-12 18:00:00,Unknown
1775,566.0,FAC1135,421,833,,2026-04-09 01:00:00,2026-04-09 07:00:00,Emergency
1776,1404.0,FAC0713,882,1753,,2026-07-04 21:00:00,2026-07-04 22:00:00,Follow-up
1777,512.0,FAC0197,91,180,,2026-05-15 02:00:00,2026-05-15 03:00:00,Follow-up
1778,733.0,FAC0618,1087,2175,,2026-04-11 06:00:00,2026-04-11 12:00:00,Inpatient
1779,532.0,FAC0415,142,285,,2026-07-15 23:00:00,2026-07-16 01:00:00,Inpatient
1780,350.0,FAC0306,1,2,,2026-03-16 20:00:00,2026-03-18 12:00:00,Follow-up
1781,818.0,FAC1970,627,1245,,2026-04-09 16:00:00,2026-04-09 17:00:00,Emergency
1782,519.0,FAC1264,815,1626,,2026-08-01 02:00:00,2026-08-01 22:00:00,Emergency
1783,,FAC0026,495,975,,2026-02-25 21:00:00,2026-02-26 01:00:00,Follow-up
1784,737.0,FAC1519,733,1455,,2026-07-25 00:00:00,2026-07-25 03:00:00,Emergency
1785,,FAC0902,1850,3705,,2026-03-26 13:00:00,2026-03-26 19:00:00,Outpatient
1786,1325.0,FAC1658,821,1639,,2026-01-26 21:00:00,2026-01-27 03:00:00,Follow-up
1787,350.0,FAC0953,1027,2057,,2026-01-16 22:00:00,2026-01-17 04:00:00,Inpatient
1788,623.0,FAC1462,1378,2780,,2026-02-15 05:00:00,2026-02-18 19:00:00,Outpatient
1789,,FAC1780,1209,2428,,2026-06-16 09:00:00,2026-06-16 12:00:00,Emergency
1790,,FAC1335,940,1868,,2026-01-29 09:00:00,2026-01-29 10:00:00,Outpatient
1791,1052.0,FAC1872,398,786,,2026-06-27 22:00:00,2026-06-28 06:00:00,Inpatient
1792,,FAC1241,1093,2185,,2026-08-07 05:00:00,2026-08-07 13:00:00,Emergency
1793,12.0,FAC1547,287,573,,2026-08-01 05:00:00,2026-08-01 06:00:00,Outpatient
1794,619.0,FAC1408,843,1681,,2026-02-08 01:00:00,2026-02-11 19:00:00,Emergency
1795,630.0,FAC0803,1313,2653,,2026-06-08 16:00:00,2026-06-09 12:00:00,Follow-up
1796,746.0,FAC9999,753,1494,,2026-03-18 17:00:00,2026-03-18 19:00:00,Inpatient
1797,383.0,FAC1572,866,1725,,2026-02-01 07:00:00,2026-02-01 15:00:00,Follow-up
1798,1369.0,FAC1327,1677,3359,,2026-06-05 03:00:00,2026-06-05 11:00:00,Emergency
1799,560.0,FAC0817,1808,3619,,2026-06-13 18:00:00,2026-06-13 20:00:00,Emergency
1800,307.0,FAC1428,352,702,,2026-01-30 17:00:00,2026-01-30 18:00:00,Outpatient
1801,391.0,FAC0932,180,359,,2026-05-13 10:00:00,2026-05-13 13:00:00,Inpatient
1802,736.0,FAC0234,188,378,,2026-08-01 17:00:00,2026-08-01 20:00:00,Inpatient
1803,375.0,FAC1606,532,1055,,2026-03-06 22:00:00,2026-03-06 23:00:00,Inpatient
1804,1488.0,FAC9999,279,557,,2026-08-24 08:00:00,2026-08-24 16:00:00,Inpatient
1805,805.0,FAC1575,1778,3565,,2026-08-02 02:00:00,2026-08-02 06:00:00,Unknown
1806,286.0,FAC9999,20,44,,2026-03-05 08:00:00,2026-03-05 11:00:00,Inpatient
1807,869.0,FAC0722,1002,2004,,2026-07-24 01:00:00,2026-07-24 13:00:00,Follow-up
1808,61.0,FAC1531,718,1429,,2026-07-17 04:00:00,2026-07-17 08:00:00,Follow-up
1809,1447.0,FAC0278,1205,2420,,2026-07-01 12:00:00,2026-07-02 00:00:00,Emergency
1810,1105.0,FAC9999,98,196,,2026-08-13 15:00:00,2026-08-14 03:00:00,Inpatient
1811,,FAC0415,142,285,,2026-06-16 10:00:00,2026-06-16 13:00:00,Emergency
1812,1410.0,FAC0292,1580,3178,,2026-01-06 07:00:00,2026-01-06 11:00:00,Outpatient
1813,759.0,FAC0478,1667,3342,598.0,2026-01-19 00:00:00,2026-01-19 12:00:00,Inpatient
1814,947.0,FAC1650,521,1031,,2026-03-30 08:00:00,2026-04-03 07:00:00,Follow-up
1815,593.0,FAC9999,641,1271,,2026-04-22 23:00:00,2026-04-23 19:00:00,Inpatient
1816,365.0,FAC9999,1113,2224,,2026-08-05 13:00:00,2026-08-05 17:00:00,Emergency
1817,380.0,FAC0328,1308,2643,,2026-05-23 21:00:00,2026-05-23 23:00:00,Inpatient
1818,1048.0,FAC0622,1488,2996,,2026-02-18 12:00:00,2026-02-18 16:00:00,Inpatient
1819,941.0,FAC1081,1450,2918,512.0,2026-05-13 00:00:00,2026-05-13 12:00:00,Outpatient
1820,370.0,FAC0033,501,992,,2026-08-13 07:00:00,2026-08-13 13:00:00,Unknown
1821,1333.0,FAC1418,1442,2906,,2026-01-21 16:00:00,2026-01-21 22:00:00,Inpatient
1822,166.0,FAC9999,135,273,,2026-04-20 21:00:00,2026-04-21 00:00:00,Outpatient
1823,392.0,FAC0059,1223,2459,,2026-03-05 09:00:00,2026-03-05 21:00:00,Unknown
1824,15.0,FAC1507,640,1268,,2026-08-07 20:00:00,2026-08-07 21:00:00,Follow-up
1825,768.0,FAC0266,892,1774,,2026-07-05 17:00:00,2026-07-06 13:00:00,Emergency
1826,579.0,FAC0756,1062,2124,,2026-05-28 19:00:00,2026-05-29 03:00:00,Unknown
1827,710.0,FAC1508,1460,2938,,2026-04-07 16:00:00,2026-04-08 00:00:00,Follow-up
1828,145.0,FAC1454,237,475,,2026-05-20 00:00:00,2026-05-20 06:00:00,Emergency
1829,1252.0,FAC1103,138,278,,2026-05-22 08:00:00,2026-05-22 14:00:00,Emergency
1830,351.0,FAC0630,1399,2817,,2026-08-19 11:00:00,2026-08-19 17:00:00,Emergency
1831,402.0,FAC9999,186,374,,2026-07-01 01:00:00,2026-07-01 07:00:00,Outpatient
1832,,FAC1902,651,1291,,2026-05-29 13:00:00,2026-05-29 17:00:00,Emergency
1833,1442.0,FAC1114,203,409,,2026-01-07 19:00:00,2026-01-08 03:00:00,Follow-up
1834,702.0,FAC1212,567,1120,,2026-06-22 07:00:00,2026-06-22 15:00:00,Inpatient
1835,729.0,FAC9999,751,1490,,2026-06-04 00:00:00,2026-06-04 06:00:00,Outpatient
1836,,FAC0257,467,923,562.0,2026-03-02 15:00:00,2026-03-02 18:00:00,Inpatient
1837,535.0,FAC1711,436,864,,2026-04-18 22:00:00,2026-04-21 05:00:00,Follow-up
1838,81.0,FAC0517,1639,3291,,2026-02-20 21:00:00,2026-02-21 00:00:00,Inpatient
1839,1117.0,FAC0610,1189,2390,,2026-02-05 16:00:00,2026-02-05 18:00:00,Follow-up
1840,1078.0,FAC0577,121,246,,2026-06-17 23:00:00,2026-06-18 03:00:00,Emergency
1841,630.0,FAC1345,1783,3574,,2026-04-24 23:00:00,2026-04-26 15:00:00,Inpatient
1842,246.0,FAC1800,1805,3613,,2026-08-20 05:00:00,2026-08-23 07:00:00,Emergency
1843,1191.0,FAC0459,1788,3582,,2026-03-04 15:00:00,2026-03-06 14:00:00,Outpatient
1844,627.0,FAC0308,163,326,,2026-08-04 06:00:00,2026-08-04 10:00:00,Outpatient
1845,34.0,FAC9999,1697,3401,,2026-05-09 12:00:00,2026-05-09 15:00:00,Inpatient
1846,885.0,FAC0486,101,201,,2026-07-16 10:00:00,2026-07-16 15:00:00,Outpatient
1847,482.0,FAC1317,49,104,,2026-05-11 00:00:00,2026-05-11 04:00:00,Follow-up
1848,1121.0,FAC0060,549,1089,,2026-07-03 02:00:00,2026-07-03 03:00:00,Outpatient
1849,,FAC1918,244,487,,2026-02-09 09:00:00,2026-02-09 11:00:00,Emergency
1850,1115.0,FAC1260,43,91,,2026-04-25 01:00:00,2026-04-25 04:00:00,Emergency
1851,866.0,FAC0168,1835,3676,,2026-04-19 20:00:00,2026-04-20 16:00:00,Follow-up
1852,,FAC0584,993,1987,,2026-02-17 02:00:00,2026-02-17 07:00:00,Follow-up
1853,23.0,FAC1289,1623,3259,,2026-06-20 04:00:00,2026-06-23 09:00:00,Emergency
1854,1320.0,FAC0110,346,688,,2026-06-20 15:00:00,2026-06-20 20:00:00,Inpatient
1855,420.0,FAC0590,1355,2737,,2026-03-20 04:00:00,2026-03-20 06:00:00,Outpatient
1856,740.0,FAC0734,772,1534,,2026-08-11 01:00:00,2026-08-11 02:00:00,Unknown
1857,810.0,FAC0292,1581,3179,,2026-01-17 00:00:00,2026-01-17 05:00:00,Outpatient
1858,250.0,FAC1191,368,731,,2026-03-28 11:00:00,2026-03-28 17:00:00,Follow-up
1859,622.0,FAC2026,1073,2149,,2026-01-13 23:00:00,2026-01-14 11:00:00,Inpatient
1860,1395.0,FAC0491,1285,2595,,2026-06-23 07:00:00,2026-06-23 13:00:00,Follow-up
1861,1419.0,FAC0156,1410,2840,,2026-02-03 21:00:00,2026-02-03 23:00:00,Follow-up
1862,158.0,FAC0808,703,1402,,2026-05-14 19:00:00,2026-05-15 15:00:00,Follow-up
1863,1135.0,FAC0644,1340,2706,,2026-05-06 13:00:00,2026-05-08 00:00:00,Follow-up
1864,760.0,FAC9999,1732,3475,,2026-02-25 16:00:00,2026-02-26 04:00:00,Follow-up
1865,157.0,FAC0506,1235,2483,,2026-07-22 06:00:00,2026-07-23 02:00:00,Outpatient
1866,1176.0,FAC0584,992,1986,,2026-06-07 14:00:00,2026-06-07 17:00:00,Outpatient
1867,1038.0,FAC0428,509,1008,,2026-02-27 01:00:00,2026-02-27 06:00:00,Emergency
1868,1203.0,FAC1967,220,445,,2026-03-23 10:00:00,2026-03-24 06:00:00,Follow-up
1869,,FAC0291,1753,3515,,2026-06-15 23:00:00,2026-06-16 11:00:00,Inpatient
1870,233.0,FAC1996,515,1016,,2026-05-23 21:00:00,2026-05-23 22:00:00,Follow-up
1871,1186.0,FAC1042,1815,3636,,2026-04-14 09:00:00,2026-04-14 10:00:00,Inpatient
1872,1298.0,FAC1064,1174,2356,,2026-03-31 15:00:00,2026-03-31 21:00:00,Emergency
1873,395.0,FAC0766,1164,2333,,2026-01-28 17:00:00,2026-01-28 23:00:00,Inpatient
1874,802.0,FAC0875,1242,2500,,2026-02-05 01:00:00,2026-02-05 07:00:00,Emergency
1875,627.0,FAC1084,1552,3123,,2026-07-16 07:00:00,2026-07-16 10:00:00,Follow-up
1876,1381.0,FAC0299,153,308,,2026-03-22 08:00:00,2026-03-22 09:00:00,Follow-up
1877,1058.0,FAC0675,420,832,,2026-08-05 13:00:00,2026-08-06 01:00:00,Outpatient
1878,112.0,FAC1041,265,529,,2026-04-30 20:00:00,2026-04-30 22:00:00,Emergency
1879,940.0,FAC0706,362,719,,2026-06-18 08:00:00,2026-06-18 11:00:00,Outpatient
1880,710.0,FAC0288,1290,2607,,2026-06-24 20:00:00,2026-06-25 02:00:00,Emergency
1881,449.0,FAC0156,1410,2840,,2026-03-23 08:00:00,2026-03-23 13:00:00,Outpatient
1882,1058.0,FAC0614,842,1680,,2026-06-01 21:00:00,2026-06-02 05:00:00,Follow-up
1883,1431.0,FAC0142,874,1741,,2026-08-12 16:00:00,2026-08-13 12:00:00,Inpatient
1884,,FAC0237,1210,2430,,2026-02-04 03:00:00,2026-02-04 04:00:00,Outpatient
1885,287.0,FAC0399,856,1708,,2026-08-25 08:00:00,2026-08-25 09:00:00,Emergency
1886,140.0,FAC1488,924,1838,,2026-07-20 05:00:00,2026-07-20 10:00:00,Unknown
1887,1410.0,FAC0100,194,388,,2026-04-04 21:00:00,2026-04-05 09:00:00,Outpatient
1888,573.0,FAC0579,1684,3372,,2026-08-16 00:00:00,2026-08-16 05:00:00,Follow-up
1889,991.0,FAC0757,767,1523,,2026-05-14 13:00:00,2026-05-14 18:00:00,Emergency
1890,888.0,FAC1354,281,562,,2026-07-17 09:00:00,2026-07-17 14:00:00,Follow-up
1891,1425.0,FAC0608,112,225,,2026-05-25 17:00:00,2026-05-26 01:00:00,Follow-up
1892,236.0,FAC0232,154,309,504.0,2026-01-05 03:00:00,2026-01-05 23:00:00,Follow-up
1893,29.0,FAC0906,872,1738,,2026-03-04 05:00:00,2026-03-04 11:00:00,Follow-up
1894,97.0,FAC1081,1450,2919,,2026-06-18 09:00:00,2026-06-18 13:00:00,Outpatient
1895,501.0,FAC1572,867,1727,,2026-03-20 12:00:00,2026-03-20 20:00:00,Follow-up
1896,526.0,FAC1721,1236,2484,,2026-07-27 21:00:00,2026-07-27 22:00:00,Inpatient
1897,,FAC1348,1202,2412,,2026-07-24 07:00:00,2026-07-25 03:00:00,Outpatient
1898,951.0,FAC1343,1506,3032,,2026-06-09 19:00:00,2026-06-10 15:00:00,Inpatient
1899,828.0,FAC0353,485,960,,2026-02-11 09:00:00,2026-02-11 21:00:00,Outpatient
1900,1081.0,FAC0298,519,1027,,2026-01-27 21:00:00,2026-01-28 01:00:00,Outpatient
1901,1048.0,FAC0915,172,341,,2026-07-16 09:00:00,2026-07-16 13:00:00,Inpatient
1902,172.0,FAC9999,457,903,311.0,2026-03-09 11:00:00,2026-03-09 19:00:00,Emergency
1903,1045.0,FAC1126,178,353,213.0,2026-02-01 05:00:00,2026-02-01 17:00:00,Emergency
1904,166.0,FAC0406,1114,2227,,2026-01-15 00:00:00,2026-01-15 04:00:00,Unknown
1905,943.0,FAC9999,445,883,,2026-02-20 23:00:00,2026-02-21 02:00:00,Emergency
1906,781.0,FAC0448,1678,3360,,2026-05-01 09:00:00,2026-05-01 10:00:00,Emergency
1907,779.0,FAC1324,386,762,,2026-03-22 02:00:00,2026-03-22 05:00:00,Inpatient
1908,150.0,FAC1054,234,469,,2026-03-08 03:00:00,2026-03-08 05:00:00,Outpatient
1909,56.0,FAC0312,1112,2223,,2026-02-05 00:00:00,2026-02-05 08:00:00,Outpatient
1910,210.0,FAC0545,911,1813,,2026-07-08 12:00:00,2026-07-08 16:00:00,Unknown
1911,,FAC0313,1463,2945,,2026-08-12 04:00:00,2026-08-12 07:00:00,Outpatient
1912,1383.0,FAC0261,1846,3697,,2026-03-09 05:00:00,2026-03-09 13:00:00,Follow-up
1913,501.0,FAC1903,1230,2473,,2026-07-13 11:00:00,2026-07-13 15:00:00,Emergency
1914,279.0,FAC0082,1257,2535,,2026-07-18 13:00:00,2026-07-18 15:00:00,Outpatient
1915,839.0,FAC0712,1561,3144,,2026-06-25 10:00:00,2026-06-25 15:00:00,Emergency
1916,291.0,FAC0032,1372,2769,,2026-07-22 22:00:00,2026-07-23 00:00:00,Unknown
1917,675.0,FAC9999,1597,3209,,2026-02-23 14:00:00,2026-02-23 20:00:00,Inpatient
1918,1086.0,FAC0987,752,1491,,2026-07-04 20:00:00,2026-07-05 02:00:00,Outpatient
1919,219.0,FAC1808,994,1989,,2026-08-06 19:00:00,2026-08-07 00:00:00,Outpatient
1920,393.0,FAC9999,335,668,,2026-02-19 11:00:00,2026-02-20 07:00:00,Emergency
1921,472.0,FAC0860,1113,2224,,2026-05-11 01:00:00,2026-05-11 05:00:00,Emergency
1922,1321.0,FAC0411,1652,3312,,2026-05-11 16:00:00,2026-05-14 10:00:00,Emergency
1923,1016.0,FAC0619,51,108,,2026-01-12 15:00:00,2026-01-13 11:00:00,Outpatient
1924,1406.0,FAC0507,1101,2200,,2026-07-30 14:00:00,2026-07-30 18:00:00,Emergency
1925,604.0,FAC9999,483,954,,2026-04-02 05:00:00,2026-04-02 10:00:00,Follow-up
1926,1001.0,FAC1336,918,1826,,2026-03-06 09:00:00,2026-03-06 14:00:00,Follow-up
1927,1203.0,FAC0874,488,965,,2026-01-09 09:00:00,2026-01-09 17:00:00,Emergency
1928,,FAC1330,1514,3050,,2026-04-22 00:00:00,2026-04-22 08:00:00,Inpatient
1929,610.0,FAC9999,728,1450,,2026-04-22 04:00:00,2026-04-22 16:00:00,Emergency
1930,748.0,FAC0462,1512,3044,299.0,2026-02-23 15:00:00,2026-02-24 03:00:00,Inpatient
1931,1152.0,FAC1943,1467,2953,,2026-08-20 20:00:00,2026-08-23 21:00:00,Follow-up
1932,1194.0,FAC0819,40,84,,2026-02-05 03:00:00,2026-02-05 04:00:00,Emergency
1933,,FAC1260,43,91,,2026-08-09 11:00:00,2026-08-09 16:00:00,Emergency
1934,406.0,FAC0429,1365,2757,26.0,2026-01-12 02:00:00,2026-01-12 10:00:00,Outpatient
1935,1259.0,FAC1125,1080,2161,703.0,2026-07-28 07:00:00,2026-07-28 10:00:00,Emergency
1936,64.0,FAC9999,874,1741,,2026-05-25 04:00:00,2026-05-25 12:00:00,Inpatient
1937,1369.0,FAC1745,667,1328,,2026-06-30 15:00:00,2026-06-30 20:00:00,Unknown
1938,1405.0,FAC0942,236,472,,2026-07-18 01:00:00,2026-07-18 05:00:00,Inpatient
1939,121.0,FAC1281,692,1384,,2026-07-31 07:00:00,2026-07-31 12:00:00,Unknown
1940,1300.0,FAC9999,1265,2552,,2026-05-11 16:00:00,2026-05-11 21:00:00,Emergency
1941,317.0,FAC1990,1770,3550,,2026-05-23 18:00:00,2026-05-24 00:00:00,Inpatient
1942,498.0,FAC9999,1287,2598,,2026-01-24 15:00:00,2026-01-24 20:00:00,Follow-up
1943,538.0,FAC0019,1358,2742,,2026-08-26 09:00:00,2026-08-26 15:00:00,Unknown
1944,935.0,FAC1117,1579,3176,,2026-05-10 03:00:00,2026-05-10 06:00:00,Follow-up
1945,396.0,FAC1593,1356,2738,,2026-05-07 22:00:00,2026-05-11 09:00:00,Inpatient
1946,1494.0,FAC1658,820,1637,,2026-05-16 07:00:00,2026-05-16 10:00:00,Unknown
1947,1399.0,FAC1941,1760,3531,,2026-08-19 00:00:00,2026-08-19 03:00:00,Inpatient
1948,428.0,FAC0737,1125,2249,,2026-08-09 21:00:00,2026-08-10 00:00:00,Follow-up
1949,210.0,FAC0068,721,1436,,2026-04-15 08:00:00,2026-04-15 09:00:00,Emergency
1950,83.0,FAC0261,1845,3695,,2026-07-06 12:00:00,2026-07-06 18:00:00,Emergency
1951,166.0,FAC1178,182,364,,2026-05-22 12:00:00,2026-05-22 16:00:00,Outpatient
1952,252.0,FAC0817,1808,3620,,2026-03-31 00:00:00,2026-03-31 03:00:00,Inpatient
1953,1472.0,FAC1062,989,1979,,2026-02-11 01:00:00,2026-02-13 22:00:00,Emergency
1954,1304.0,FAC0007,1276,2575,,2026-05-31 11:00:00,2026-05-31 14:00:00,Inpatient
1955,861.0,FAC1527,827,1650,,2026-05-04 08:00:00,2026-05-04 11:00:00,Unknown
1956,,FAC1672,1172,2352,,2026-06-28 08:00:00,2026-06-28 12:00:00,Inpatient
1957,1309.0,FAC1342,1537,3092,,2026-02-19 23:00:00,2026-02-20 02:00:00,Unknown
1958,443.0,FAC0585,966,1924,,2026-04-18 23:00:00,2026-04-19 02:00:00,Outpatient
1959,706.0,FAC0141,1546,3110,,2026-01-11 00:00:00,2026-01-11 03:00:00,Follow-up
1960,1003.0,FAC1284,2,4,,2026-07-13 05:00:00,2026-07-13 07:00:00,Emergency
1961,1287.0,FAC1464,356,710,,2026-03-06 22:00:00,2026-03-07 18:00:00,Follow-up
1962,1166.0,FAC0817,1808,3619,,2026-07-21 12:00:00,2026-07-21 18:00:00,Inpatient
1963,1018.0,FAC0905,1649,3307,,2026-04-03 11:00:00,2026-04-03 23:00:00,Inpatient
1964,54.0,FAC0317,208,418,,2026-02-16 00:00:00,2026-02-16 20:00:00,Inpatient
1965,1139.0,FAC1566,125,255,,2026-02-26 00:00:00,2026-02-26 06:00:00,Outpatient
1966,1276.0,FAC1770,887,1765,,2026-08-04 07:00:00,2026-08-08 06:00:00,Follow-up
1967,467.0,FAC0844,1594,3203,,2026-02-03 19:00:00,2026-02-04 07:00:00,Unknown
1968,564.0,FAC0554,1679,3361,,2026-07-09 09:00:00,2026-07-10 05:00:00,Emergency
1969,328.0,FAC1450,94,187,,2026-06-26 14:00:00,2026-06-29 19:00:00,Outpatient
1970,306.0,FAC0273,980,1955,,2026-05-20 22:00:00,2026-05-20 23:00:00,Outpatient
1971,121.0,FAC1987,1142,2287,,2026-02-08 05:00:00,2026-02-08 06:00:00,Follow-up
1972,321.0,FAC0862,161,324,,2026-05-14 18:00:00,2026-05-14 23:00:00,Emergency
1973,503.0,FAC0343,330,660,,2026-06-14 22:00:00,2026-06-17 22:00:00,Follow-up
1974,78.0,FAC0347,1441,2905,,2026-03-02 06:00:00,2026-03-02 08:00:00,Emergency
1975,1272.0,FAC1129,1522,3067,,2026-05-13 23:00:00,2026-05-14 11:00:00,Emergency
1976,943.0,FAC1859,214,431,,2026-04-25 19:00:00,2026-04-25 20:00:00,Inpatient
1977,403.0,FAC0809,306,611,,2026-07-29 17:00:00,2026-07-31 04:00:00,Outpatient
1978,889.0,FAC1005,1487,2995,337.0,2026-01-01 19:00:00,2026-01-02 00:00:00,Outpatient
1979,689.0,FAC1960,870,1735,,2026-02-13 23:00:00,2026-02-14 04:00:00,Outpatient
1980,453.0,FAC0137,1786,3578,,2026-01-13 14:00:00,2026-01-14 10:00:00,Unknown
1981,1331.0,FAC1424,922,1835,,2026-05-13 22:00:00,2026-05-14 10:00:00,Emergency
1982,,FAC1680,631,1251,,2026-03-28 00:00:00,2026-03-28 06:00:00,Outpatient
1983,687.0,FAC0544,559,1105,,2026-03-17 19:00:00,2026-03-18 07:00:00,Unknown
1984,509.0,FAC1885,1702,3412,,2026-04-16 19:00:00,2026-04-17 00:00:00,Follow-up
1985,913.0,FAC0833,242,483,,2026-05-09 13:00:00,2026-05-09 19:00:00,Outpatient
1986,256.0,FAC0016,1010,2021,,2026-07-16 22:00:00,2026-07-17 01:00:00,Unknown
1987,463.0,FAC0046,566,1117,,2026-05-22 08:00:00,2026-05-22 14:00:00,Outpatient
1988,1411.0,FAC0950,1280,2583,,2026-08-21 12:00:00,2026-08-23 13:00:00,Outpatient
1989,791.0,FAC0245,907,1806,,2026-06-19 06:00:00,2026-06-19 11:00:00,Inpatient
1990,1176.0,FAC0696,1614,3243,,2026-01-28 13:00:00,2026-01-28 21:00:00,Follow-up
1991,69.0,FAC9999,475,937,,2026-05-23 21:00:00,2026-05-24 17:00:00,Follow-up
1992,1047.0,FAC0102,1059,2119,,2026-08-02 22:00:00,2026-08-03 04:00:00,Unknown
1993,555.0,FAC0427,836,1669,,2026-01-20 02:00:00,2026-01-20 03:00:00,Follow-up
1994,,FAC1911,1214,2439,,2026-06-14 04:00:00,2026-06-14 12:00:00,Emergency
1995,188.0,FAC1511,1793,3589,,2026-04-25 19:00:00,2026-04-25 23:00:00,Unknown
1996,1252.0,FAC1193,1005,2010,,2026-02-25 14:00:00,2026-02-28 16:00:00,Outpatient
1997,328.0,FAC1103,139,280,,2026-05-28 06:00:00,2026-05-28 08:00:00,Follow-up
1998,545.0,FAC1273,1383,2788,,2026-06-23 21:00:00,2026-06-24 17:00:00,Inpatient
1999,530.0,FAC1532,1748,3506,,2026-08-28 14:00:00,2026-08-30 19:00:00,Outpatient
2000,902.0,FAC0026,495,977,,2026-03-16 01:00:00,2026-03-19 07:00:00,Inpatient
